,47401,47402,47407,47404,47406,47412,47413,47411,47433,47421,47405,47435,47409,47420,47418,47417,47440,47424,47423,47426,47430,47428,47576,47575,47574,47581,47582,47584,47585,47512,47592,47590,47587,47520,47588,47595,47570,47597,47598,47629,47646,47690,47615,47624,47626,47641,47662,47675,47677,47678,47971,47991,47648,47682,47674,47672,47670,47610,47622,47618,47620,47637,47638,47640,47639,47657,47668,47656,47654,47655,47666,47636,47653,47617,47632,47684,47649,47651,47663,47602,47604,47612,47606,47607,47600,47605,47616,47631,47761,47751,47750,47759,47772,47747,47769,47770,47776,47780,47777,47778,47756,47768,47767,47765,47766,47740,47741,47755,47742,47746,47744,47895,47894,47891,47890,47887,47892,47893,47899,47897,47898,47754,47784,47762,47809,47807,47814,47815,47800,47805,47812,47817,47818,47843,47813,47819,47821,47824,47838,47822,47830,47829,47835,47823,47827,47831,47837,47909,47836,47942,47940,47936,47918,47927,47929,47917,47912,47945
47401,0.0,88.54404213530178,192.39716088929802,116.95245264866224,163.49817119648816,263.343555888459,245.14636452217638,253.8541308527256,289.1533250211434,313.62532013534445,137.21804455381354,177.77909783991493,257.6246311487922,387.4401034089843,345.3235642255374,303.0061257608786,371.07052601211916,310.59752262314953,349.6472994525786,372.3321137586569,406.978353249569,413.90023267099974,460.97598139268126,516.0579762656898,549.0335871884157,543.7069754397112,646.6647078300649,637.0492884481484,641.838099496804,706.2789653476608,777.7002808683361,798.0343226029454,739.0900246568192,748.8803762169292,803.7485656109791,857.2634883664005,893.5761246506547,929.1010259755102,943.8533803081333,1009.7600403857023,1048.7382385447124,981.820084936367,997.4909522233064,1025.5830663288805,1048.1104150471424,1070.606031563597,1093.356130263117,1202.1971653741487,1268.8995118232888,1376.594430379058,2037.9666469846975,2596.6245863343156,1078.214664892054,1099.22388494607,1147.238491449159,1169.6713640151584,1122.4343228333462,1016.0329481020103,1042.4689589764212,1066.0014598697244,1084.1475122415598,1146.892212816986,1115.4222841441913,1129.5909207547413,1145.4472935237031,1168.8728767499397,1173.6356260192101,1193.4508817943013,1236.8819680290467,1237.5969919628974,1226.0154265116903,1207.075857902348,1260.7968945546493,1094.531361191255,1188.274037278584,1242.0153967610843,1273.9860091124324,1265.5862538804192,1345.0089900796863,869.2932159482496,862.3615729155109,967.0981573551579,1033.6975132497523,1037.9023815590995,976.8274724550971,1068.3315383055556,1137.1121647447917,1183.927564996894,1217.222292663303,1196.9194014584655,1230.9579298527285,1260.9468883086765,1302.5864461083718,1241.157227680441,1317.1367229572336,1311.6665114061932,1359.3014366385203,1291.135331818135,1361.5015612063185,1423.3033292578712,1320.9360499267675,1364.7433734282192,1413.8813863366152,1453.336944285659,1464.656332713527,1240.4146074377034,1323.9644659862481,1424.1419079190393,1307.8497181495923,1269.525433561366,1313.7406061031081,1399.097867106003,1438.6314013847925,1393.5905421249593,1409.8214149252262,1493.4080682059166,1563.8430270189958,1488.9072310663028,1496.8509705545134,1588.247855140049,1595.2762038846604,1502.3308689309542,1523.529630538466,1569.3417085389272,1608.664489840149,1631.1186238973053,1628.3797917586712,1604.2963715193498,1631.8017373869184,1693.9389851070823,1703.4521328344558,1736.0844701173244,1716.2611973512935,1793.1480887087864,1664.26886682685,1687.4813563529829,1663.7736831770162,1742.6152632600752,1779.0399861083301,1666.2132656407978,1740.1383810348834,1775.3201282589807,1775.9860177594285,1786.9882391807753,1816.6144468421367,1855.6448763146034,1879.4067789948733,2176.5742952562146,1926.5972198133454,2305.3537666410907,2421.5059532464556,2472.44241258416,2822.839065862362,2723.7812073767427,2500.0435810525782,2834.2172578712784,2869.28967462036,2369.1373936039777
47402,88.54404213530178,0.0,132.66946745264738,94.93347582463491,134.04590762592622,231.9492090645854,202.5262057311968,232.22078166989922,269.9824033595554,304.4893969988687,49.947016813549645,89.93473669764262,169.08078574656707,298.9111783719657,260.4074392127459,229.96849631049176,300.1020852596404,270.7461994926121,319.6810732510362,309.3221997011284,377.50528120888964,395.34453544770685,421.6256632329856,481.23072995219337,524.2865657331029,498.35243282759404,615.6471672366916,594.3966340651714,590.7913979109939,657.4012391225472,732.0605230413222,755.6998534894595,707.8901380306417,712.7905578062837,766.2324336644872,817.7636783226977,858.1295152824914,890.597772216048,899.9122476207167,968.3558339886256,1009.3064687145379,947.9907945254819,960.6082308961271,994.249640606365,1013.9959847644126,1038.308138842192,1055.884575066347,1165.9267549162978,1230.8598572141518,1336.0793641882283,1984.9553799040318,2516.211856217299,1033.540460982829,1059.358742663687,1105.5350863835406,1130.5889176958265,1085.3120996378136,991.6092045485235,1014.6381504403703,1041.948373948589,1058.6002901890627,1121.9167703049168,1085.96753745093,1098.4219710503255,1114.2203186648987,1135.9141841046978,1139.5034924191698,1163.5311340302244,1210.6411219060296,1208.1344808286706,1192.7130457976173,1186.5971290266993,1238.144402330607,1075.0992094263331,1169.723519983372,1223.2592314428248,1257.3286877782618,1246.6293484779044,1326.1843603809136,849.1752108268536,835.1167742603559,943.6312283607238,1017.8016502592164,1020.6782693433464,964.4610817616898,1054.5745386026672,1124.104148660643,1170.5296490309252,1201.4879895300485,1180.5881224417594,1221.3489262104954,1247.4537135554847,1289.2944386038153,1234.7354083852929,1309.1066593366324,1300.1563474726975,1348.3767237805243,1276.1110120321507,1348.8360231864365,1405.3291314847897,1317.3014195838393,1360.1657867883894,1412.0123511818178,1455.1563906675717,1465.4921420823337,1245.001236299599,1326.8023515765547,1429.6809341461167,1310.1585535495642,1266.2158358349604,1315.069355756011,1389.1280560375155,1430.5002919181688,1387.1436982342757,1404.8012851384901,1491.8100834154548,1561.3490888604672,1482.6679465757265,1486.5616825722975,1584.1648681485622,1589.1538192983073,1509.1041782333928,1529.1773047328938,1576.565334055154,1615.847584425908,1639.399954283987,1633.4494731675538,1606.0751291105837,1646.646850358619,1704.8092897180438,1712.9453594304734,1743.6408671333193,1722.2332712415798,1804.60944140502,1671.7713485668596,1691.8545191894113,1666.804015218172,1744.9739976124195,1784.3033613020086,1665.8106840424043,1738.93556903492,1774.9409593356002,1773.8272523321975,1791.053803693225,1817.935051499137,1857.210059243755,1876.7789466324978,2174.2234998750564,1924.43248244601,2303.820563205788,2420.8045762776233,2471.915115335363,2829.47911198947,2728.050082464784,2502.5912399734902,2842.138828912136,2879.3637059809244,2355.923567273239
47407,192.39716088929802,132.66946745264738,0.0,86.20317911342069,62.925591639193925,114.47176712486308,76.8942868830404,126.66551285624627,161.6694516570858,204.1548722577919,102.99678840128287,102.25105084324997,155.50662606677238,263.2862690949608,183.37074130750324,115.0445397239003,179.87596517769418,142.6678136423061,196.7244070161729,180.39143068092312,252.9201461081017,278.9073664567349,291.02577476018877,351.9788587637921,400.0956760963621,365.92705960772673,487.169949125783,462.2274588774691,458.25470773208195,524.7494438084801,599.439728435145,623.3936290313486,578.8893267293802,581.9767710227293,634.8972032239894,685.891219606824,727.2155000838893,758.8581324316422,767.3541628161121,836.0445476779704,877.2855064102876,817.4284247322985,829.1718265148229,864.4592075175045,883.2557120110667,908.1142985762907,924.2255112106451,1034.4637958103763,1098.9769285390548,1203.757529481962,1853.1352594525795,2409.142848353932,900.9099598477136,927.233865242698,973.1316492343853,998.5616860875531,953.7091515259654,864.7972849138016,886.194794653219,915.1912043748932,931.0859722858582,994.5398031154825,956.7328977605719,968.5349716610007,984.2923426953745,1005.3886151030789,1008.6233082216758,1034.0103290916347,1082.5389534380467,1078.7283460417414,1062.0271036376378,1061.3602814798328,1111.6748302033425,950.7265276945395,1045.6046971416054,1098.8971451463628,1134.1143311468475,1122.1033844044146,1201.575552663011,725.2475394834327,707.4154189354492,817.4474184084762,895.7697611117425,897.7981476764863,845.0469119308981,933.8061692685978,1003.5875264998615,1049.602013468416,1078.9738895339274,1057.761507937227,1102.8732987822477,1126.243706984014,1168.1080018777702,1118.5748244306085,1191.5068837869856,1180.1267400430186,1228.6235864182179,1153.8519215906454,1227.9163971530809,1281.0574457743237,1203.0397706658498,1245.026388497329,1298.8812660633987,1345.001563216936,1354.4603489947142,1138.1174063223805,1217.9834277741274,1322.942667618342,1200.9326444478534,1152.3907486228397,1204.962243392622,1269.9342028156266,1312.5084864531166,1270.4987345662296,1289.1919455374161,1378.6767469271545,1447.321399091675,1365.9386832899124,1366.9336179359507,1468.8411289498865,1472.27986673972,1403.2509255968107,1422.2175624907193,1470.9287956090386,1510.0612139423117,1534.5843484916074,1525.6722706037497,1495.4706243071112,1548.3666260548491,1602.3217000110326,1609.094145694448,1637.8752022964372,1615.0560936049567,1702.4519218465584,1566.1339897798532,1583.3085761058087,1557.1344719828223,1634.5499504406966,1676.3449631260125,1553.238701768904,1625.5640559587125,1662.1677875804112,1659.6291834462218,1682.0161390451879,1706.485951704413,1745.8937949964745,1762.040340462531,2059.29495762662,1809.980940047203,2189.3794113981553,2306.89378849434,2358.0918529608366,2721.324038797952,2617.923976300104,2391.2279508213132,2735.119134823631,2774.2901380118115,2233.3981766270413
47404,116.95245264866224,94.93347582463491,86.20317911342069,0.0,46.834899445405725,147.97028972528565,128.2411134810696,142.38922938148914,179.55236005245223,211.08585624170166,103.09672578201855,131.59920401047322,209.1448434901996,332.02219335869546,264.2325665583729,201.22360211574377,264.6456352972931,193.87402278473095,235.54646818994985,259.8677571547415,293.41899939982994,305.6790477362168,344.802020467353,401.1240310238822,438.1049647717623,426.86841792466566,533.315764815357,520.5994361562724,524.9253967376012,589.3341479009812,660.9744135415363,681.773469319377,625.8367312119607,634.0156382085867,688.5508721863908,741.6211756498782,779.0593792197359,813.7556614145067,827.4171827115847,893.8022355988674,933.2389993347317,867.9019619282986,882.6316617478211,912.5980156980186,934.1465039118776,957.2949773086281,978.3910010834941,1087.6380714879253,1153.8626394531354,1260.9736048844409,1921.0210944638716,2494.435259855854,961.7229697133846,983.6475854949139,1031.281640515472,1054.3185106235258,1007.5837158375516,906.0496428136142,930.9307364713254,956.2437324840018,973.6817229627665,1036.7460722779651,1003.2501564158528,1016.7446281603513,1032.58901914247,1055.38694198597,1059.7450239868792,1081.1396286169943,1126.1969124296863,1125.4993004877945,1112.4396702729327,1099.285144604566,1151.8837317399848,987.2406884578198,1081.5526353337182,1135.2104763839095,1168.4303323915678,1158.6810360993998,1238.2231883946517,761.3959205221912,750.8997543230694,857.5427069797837,928.4344488587205,931.8415109400948,873.7641969733734,964.4391990856077,1033.755060385836,1080.3486305844206,1112.193040231786,1091.5133231568661,1129.9499493770852,1157.3528997596945,1199.1450238692435,1142.4405404106653,1217.2874166712186,1209.4025703745504,1257.4551347099132,1186.588377538175,1258.4972268568017,1317.046164913699,1224.3614316174528,1267.4630793101264,1318.72438932989,1361.2078141026257,1371.709096245082,1150.6119008981148,1232.6654423880948,1335.224038327836,1216.0946170460295,1173.1816943201804,1221.1603858420801,1297.9221820844332,1338.7618782373,1294.9234178927773,1312.2232401435149,1398.491211041966,1468.2377771103434,1390.4285379884927,1395.4955849100256,1491.4192358262692,1496.918385593594,1414.5327643943413,1434.7262776864518,1481.9610872141884,1521.2522738135945,1544.7125216445327,1539.0826001051744,1512.1678978097407,1551.714391132169,1609.962915834698,1618.1771803476388,1649.0264109642137,1627.775206068709,1709.7423001465581,1577.1536539245476,1597.5842204047765,1572.7154350779888,1651.001104386855,1689.9351734071772,1572.3007054368877,1645.5982465505347,1681.449399669279,1680.6957492348695,1696.8394716329074,1724.1442876985993,1763.3845824771327,1783.7704154392977,2081.204663282206,1831.332168627248,2210.644295061553,2327.472039873964,2378.5535589464416,2735.038184006616,2633.9006170920907,2408.6823783459454,2747.5663779894085,2784.6164726619654,2266.060253390729
47406,163.49817119648816,134.04590762592622,62.925591639193925,46.834899445405725,0.0,101.40286429923901,82.47304846305043,98.28388140454699,135.9974178103571,171.19838414327253,127.39759472100073,144.5179381985232,211.9078946637945,325.37244740817374,245.89376827991657,170.9463822751067,228.89224832349737,147.12357410013414,189.27329520785796,219.03096636326714,247.23988164051332,261.7116340693426,297.96722974660565,354.4576082366688,392.656071899436,380.20907766879816,487.0044200787147,473.78609202583647,478.74971765853195,542.8590811782759,614.2427534037956,634.9433754503807,579.5175145761739,587.320047218764,641.7945350793616,694.8081192525325,732.4152122984175,766.9729426556311,780.6063928105209,846.9686051084601,886.4355964023599,821.3739146234308,835.9176660212629,866.2852862995261,887.6017222456294,910.8962434611192,931.6556569348741,1040.965759030743,1107.1112412910425,1214.1554371337113,1874.6738476510725,2457.3094407572185,914.9227647527281,936.8359701947493,984.4476692747387,1007.5285957753923,960.8652820441345,860.5888830896151,885.0026075162496,910.8354537417998,928.0542208422166,991.1971435089686,957.1335177718074,970.4519200459413,986.2913189035684,1008.9370203755038,1013.2055079590543,1034.9746536672517,1080.4706235454903,1079.3840940106493,1065.9646670621278,1054.446413016883,1106.6785730373565,942.6065182578685,1037.0659655709744,1090.6767177832924,1124.2940713014148,1114.1068123048622,1193.6625926972652,716.6849448018883,705.0471412370342,812.2339934158563,884.5147331763145,887.646478826623,830.660611913022,920.97222631445,990.4308837489293,1036.920959579483,1068.2555593522275,1047.458503116737,1087.3912275081634,1113.881342534475,1155.706511898639,1100.689701710131,1175.0868331910397,1166.3629767462924,1214.5372105535316,1142.7813257993616,1215.182130938091,1272.6329504918695,1183.3269962369784,1226.1473037980677,1278.1415420546634,1321.6991135599926,1331.894907022671,1112.1416358067977,1193.5591419193659,1296.9186046043765,1176.8330873820591,1132.2670837916253,1181.5890696090835,1255.2176173218559,1296.4925921956406,1253.0983013386349,1270.768181719875,1357.9481397244222,1427.4119358935898,1348.6224458011018,1352.6888812126826,1450.148633908577,1455.1085944823355,1376.5831379472097,1396.3904553545456,1444.1190255546112,1483.3728829432741,1507.1898266099072,1500.4996130190282,1472.5690440432847,1516.5449056165533,1573.2992088406845,1581.0271850628988,1611.2019996534455,1589.4394612939238,1673.2300973169733,1539.3493000038352,1558.7499253981703,1533.4723691741563,1611.5188592339557,1651.3423316480278,1532.029891313089,1605.0721903777398,1641.1465496575343,1639.8906466794015,1657.8649281117239,1684.3232972702453,1723.6228507390815,1742.8075183120343,2040.2503477358819,1790.4838794883224,2169.88823310639,2286.9246072892765,2338.0458479397053,2696.5910781992307,2594.740281715341,2369.0492328402356,2709.524427367055,2747.2717468753594,2222.4920376387668
47412,263.343555888459,231.9492090645854,114.47176712486308,147.97028972528565,101.40286429923901,0.0,40.712359632846926,28.686190896591295,49.79154411200858,94.66941911950731,213.93682245853293,216.68615947034445,260.4787118746328,346.3289180154553,247.93489294353168,153.94787237652875,183.41626622139916,51.71533098017726,88.08003161550488,155.0001596986465,146.08183251796976,165.45809302371055,197.79679749688356,253.16259749341506,292.38002562908304,282.149160974215,385.64963388383643,374.04837470614297,383.24392701508305,445.5782209531945,515.209348305941,534.7889565211063,478.1534447533599,486.0647635192544,540.6800957604963,593.9708352554305,631.0891641629486,665.949327607514,680.7319970040091,746.4164880627245,785.5124871262822,719.9787207468405,734.6917444121001,764.9159273705874,786.2117436104336,809.4999875879585,830.4742494229806,939.6718439552747,1005.9682779769099,1113.327055263404,1777.300317585108,2386.9939514959615,815.1361654634891,835.9664061045689,883.8950683999208,906.5268117485808,859.6465365471812,760.0116917202166,783.9039083503251,810.312969984135,827.2644981950491,890.4888851641696,855.8739564276902,869.089233546602,884.9262489450085,907.5343743930513,911.8142147013872,933.6796557011295,979.5545051921451,978.1209515202373,964.5621623492293,954.6590050526788,1006.3780595718501,843.1577507545085,937.8037079993626,991.3250192391233,1025.5401900801075,1014.687596409018,1094.2414226659637,617.2415228403166,604.0472472813185,711.8668543542308,786.236971261619,788.9138732853074,733.849076447444,823.4339156472577,893.0846937266201,939.3669858407958,969.8415504687649,948.8658043994989,991.3071293553945,1016.2091917533243,1058.0679640066066,1006.0476564276163,1079.5726453172201,1069.3909822833425,1117.7463674394542,1044.5442469767079,1117.7204307478976,1173.4099419060556,1089.9255318499643,1132.1905053621724,1185.4918676926802,1231.0263350616751,1240.635130555597,1023.7445571418241,1103.8014072358587,1208.5824103845916,1086.7971940885743,1039.1395483575218,1090.950849499363,1158.7708614686155,1200.7790663313262,1158.1991921083586,1176.5232212425908,1265.3065808383476,1334.2017870459188,1253.6958773765184,1256.0197780285687,1356.119326127528,1360.1169703757694,1288.844180750151,1307.8840827831568,1356.5158690660162,1395.6586026053137,1420.1409406541013,1411.4218355576359,1381.5953908042814,1434.0983835567124,1487.8525059648146,1494.6291659641824,1523.4796464235008,1500.7589100952755,1587.9850649096873,1451.7271798064708,1469.1481641636137,1443.1197016069923,1520.6646819543437,1562.1285284197456,1439.7682640226908,1512.3012660097122,1548.7623766637157,1546.596878227662,1567.928657019671,1592.7982598134254,1632.1852319537422,1649.184099363332,1946.535305292948,1697.0450431731147,2076.484433794299,2193.857159024768,2245.0353379658955,2607.1971125152245,2504.074656910181,2277.591343126784,2620.8709457700597,2659.8982508611116,2124.387290988204
47413,245.14636452217638,202.5262057311968,76.8942868830404,128.2411134810696,82.47304846305043,40.712359632846926,0.0,62.371717139069716,90.45236474228284,135.17726225255527,179.06113071908732,178.23265390519813,219.76808515291188,307.9156726540741,211.9192962712406,120.29533693308497,161.34325877675377,68.23775274850236,119.947667505373,142.12975782329235,176.66367245244885,202.23255605977357,219.580580204698,278.705520061987,323.95397707007106,299.3530757258213,413.2332627681661,394.06338382989844,396.69356050575794,461.3126073669199,533.6384889519197,555.4702172365047,505.4021305956542,510.5525960886304,564.326767639222,616.4726703069508,655.8895897963406,689.0614883593117,700.6507400195493,767.9207171067801,808.149524222329,745.5859379002147,758.7024244857839,791.7238856566873,811.6432233369973,835.8120981777041,854.1746083624571,963.9863325687431,1029.387603666307,1135.488438514752,1792.8341387327507,2381.3413568090104,834.791682278065,858.3849422224087,905.322713300116,929.3883307529575,883.5300878767275,789.9298351977873,812.3129241161655,840.3070966395599,856.6114464625396,919.9970309378583,883.4795319729261,895.8975549889783,911.6972554956058,933.4779193221059,937.1908962063864,961.0155759358721,1008.4464355586254,1005.6305892946326,990.3194399742148,985.8561702148562,1036.6866984486694,874.9102808627644,969.7317293445547,1023.1066394446666,1058.014536752615,1046.3678833838255,1125.8787220967317,649.2354238706498,633.0063532933135,742.2708893582821,819.3704138350819,821.5736956952251,768.2851297939934,857.211291774355,926.970867355476,973.0489058639339,1002.7060695098489,981.5580210400327,1026.0694133232198,1049.7444561459981,1091.6106647036654,1041.6830831818347,1114.6588805704712,1103.4731136905718,1151.9437886647545,1077.543498077456,1151.3856930094,1205.2663866939008,1126.1626043460453,1168.133456797302,1222.0388974561533,1268.3549927668723,1277.740001759428,1061.8942330046182,1141.4939043977563,1246.6843094754863,1124.4023229225566,1075.5295814388207,1128.3422177655277,1193.2019323785337,1235.6881621986279,1193.6193880893882,1212.297937903238,1301.829817209837,1370.4423972035786,1289.0644511737291,1290.2523918855347,1391.9468903017766,1395.4134309867557,1327.0944138060124,1345.907304363033,1394.786854151235,1433.8895452409208,1458.5473057434474,1449.243336090756,1418.7687968612984,1473.5015549514162,1526.6404020736602,1533.18768108227,1561.6814934131528,1538.6843113770167,1626.8017751132406,1489.9715371125017,1506.7865470551485,1480.5056109184036,1557.8499090334578,1599.8743627924757,1476.4080290653126,1548.6987342954571,1585.3235298573443,1582.742629504351,1605.43322510143,1629.7087654573088,1669.1227448471752,1685.1468208955469,1982.4007377531,1733.0894144398185,2112.4862112203605,2230.0056720926746,2281.2047474977526,2644.7572392451652,2541.19683312118,2314.4292663354295,2658.6673827787713,2698.067586635425,2157.2309816546417
47411,253.8541308527256,232.22078166989922,126.66551285624627,142.38922938148914,98.28388140454699,28.686190896591295,62.371717139069716,0.0,37.78100675278367,77.539812424902,220.25674653904474,228.00840990554494,278.5510297367663,370.28029184320496,273.7299908662099,180.67583680632418,212.09677794451773,75.61708044520441,96.79939561129997,183.2093389018913,153.30848259883342,163.52150310144106,211.68413983831059,263.2207161177437,296.00029005775986,298.1688355763224,392.8115168707803,387.5260988022446,400.9419948100353,461.63569697473145,529.2621267646883,547.172313747798,485.23894200167547,495.57930247021665,550.7313546324626,604.813361023549,639.9633958438145,676.1602976127626,693.3672424427434,757.764465189353,795.9221119785595,727.9958594122543,744.0536089643064,771.7862569469809,794.288848647467,816.7644291243703,839.9670162833497,948.5395502360423,1015.5218466188071,1123.8111537260088,1792.2527806199905,2412.1969229760425,827.7743922516865,846.4878947004244,895.136261183261,916.6205427085785,868.9547769414662,763.8391870900163,789.2279929104392,813.9962491516202,831.5973168964625,894.5883831820875,861.8867191138063,875.8326363847665,891.6872842181151,915.0214469114985,919.797305914059,939.868166172391,984.1961283885644,984.1063824034557,972.1617233257348,956.8973805830137,1009.5387345409002,844.8782060405522,939.2304163299473,992.875231155938,1026.258350402282,1016.3352616377748,1095.8821526939025,619.0162276182746,609.1273542126373,715.2497281236617,786.3811995739189,789.6327415106975,732.3772965102781,822.7228202349903,892.1635385969857,938.6677867822973,970.1343139909674,949.3838955366198,989.1373480075013,1015.6365142311782,1057.4569356410325,1002.6254245659072,1076.8938609155127,1068.0795087462047,1116.2540070502923,1044.6172630810165,1116.9166167114106,1174.7531741711455,1085.5406088573743,1128.2334465686783,1180.5685251388538,1224.7745680823148,1234.7661385814731,1016.0635316712534,1096.9531507376105,1200.908305585181,1080.1179176237183,1034.5446145628002,1084.653673687188,1156.9453017826181,1198.2811888954914,1155.000426810323,1172.7957038643042,1260.3861921548823,1329.6987299560262,1250.5254561537752,1254.409061507225,1352.2358201879076,1357.0058526939972,1280.8453709649784,1300.3262247166767,1348.45286320907,1387.6640023100992,1411.7828035381733,1404.2141614267089,1375.5569484305165,1423.4293327697371,1478.658337897948,1485.9325413393838,1515.507989897389,1493.3299655174287,1578.7032348269838,1443.6896316378973,1462.261537398717,1436.6926214352013,1514.5638911930857,1555.02004241144,1434.5977780846854,1507.494256712715,1543.685737134452,1542.1704871829706,1561.256795522094,1587.141482629588,1626.4737697346102,1645.0081407352075,1942.4408713946973,1692.7340465508144,2072.163531023832,2189.296002098467,2240.4350797616385,2600.266208758257,2497.9145360011544,2271.9301936906727,2613.5095723553122,2651.824354095254,2124.2765054188085
47433,289.1533250211434,269.9824033595554,161.6694516570858,179.55236005245223,135.9974178103571,49.79154411200858,90.45236474228284,37.78100675278367,0.0,45.019882592803654,257.51422134365623,263.72094912813486,310.1485490457691,394.76673173337065,294.7926723536054,199.94443874318316,219.99769715963976,71.45484333859413,67.81610915705406,184.7560077986114,120.46148186407905,126.12684370305698,183.6149250007775,231.102141421259,259.90675701296226,271.430902667232,358.21252429455365,357.63814887826936,375.5716995509136,434.10122668310754,499.50239997179966,515.8943964421401,450.4326456303429,462.2343865059897,517.6672266405747,572.2423373371798,606.0217695809091,643.061630813247,662.0982745019595,725.4146594999073,762.8658211105719,693.476441960484,710.3347264843292,736.6261412074531,759.7642046637187,781.7853668074451,806.2717790502899,914.4045492951944,981.7852229207931,1090.6509108645823,1762.5724287214268,2398.095951497918,796.3872787138752,813.4772915615266,862.6137460286485,883.279272949314,835.1269868083862,727.3739604545741,753.338957955732,777.4648600963363,795.2952895664007,858.1827240548383,826.2751498677129,840.5636244494718,856.4210777314692,880.1184544872758,885.161869084134,904.3117619375121,947.9719110060906,948.4443781124381,937.2982231145559,919.8901485704695,972.7924236959378,807.7547661172329,902.0212130716964,955.6881500322354,988.8870184623751,979.168638240978,1058.7050547219408,581.9646494749708,573.2260374691402,678.647573542189,748.9296881477903,752.2907597557622,694.7050892884504,785.1330587312075,854.5408847716579,901.0701877799518,932.6883298584664,911.9814277748316,951.395085424606,978.0508182644484,1019.8635908511088,964.8444194801981,1039.125488338323,1030.4037832570673,1078.5592709445834,1007.127257325107,1079.2954951708864,1137.5001404918355,1047.7832131539506,1090.460360340338,1142.846215974876,1187.1985708475192,1197.1394287265637,978.733562422182,1059.4662045543455,1163.5866704625582,1042.601826399245,996.7973939185135,1047.079083642341,1119.2219442574553,1160.5181905933046,1117.2201842881027,1135.0177601231392,1222.6651787776775,1291.9509298397436,1212.7452220963032,1216.7002075950609,1314.4623147584916,1319.225931455554,1243.6004058132157,1262.983857789454,1311.2257614459288,1350.4221797326738,1374.6307019420642,1366.8045518873616,1337.9557039159545,1387.0130536334448,1441.740273812116,1448.8722327717117,1478.264980820912,1455.967108417009,1541.8150816670145,1406.4598745158767,1424.7941341778458,1399.1486138889813,1476.9741986752142,1517.5956451038865,1396.9006359285572,1469.7683975563768,1505.9818895818698,1504.4206301932732,1523.75491568105,1549.496953123791,1588.8362785019276,1607.2467524843892,1904.677590300575,1654.9793002145027,2034.4114756756635,2151.5586388856545,2202.7005539033953,2562.8243840967443,2460.3458837279736,2234.2941546966454,2576.151349134706,2614.625704361282,2086.721271054182
47421,313.62532013534445,304.4893969988687,204.1548722577919,211.08585624170166,171.19838414327253,94.66941911950731,135.17726225255527,77.539812424902,45.019882592803654,0.0,296.5050010811949,305.51430009560755,354.57629155888213,439.54652920677665,338.98897117330523,243.97322673225193,259.333950747353,109.7959953520817,81.72651029695169,220.91257019411077,117.1913103825662,103.55272206414053,186.79412377163484,224.02432040704076,240.29105741949064,274.31037620561085,342.4543747555624,353.2119806727792,379.1522078181705,433.39074204599024,494.1271213029457,507.2805026107921,433.356363196979,449.1036954466213,504.9295203841173,560.44178456789,590.6738597438903,629.7343340386963,652.8822515892516,713.6191917385371,749.3159167347112,676.2942044611135,695.2598509607965,717.4702358303438,742.4155802113067,763.084549753998,791.0430474700187,897.8463358464707,966.1682177969442,1076.3281509610138,1755.166171011806,2413.638838575899,786.5503033172121,799.928748258763,850.1193605941842,868.7982207017408,819.5032890552328,703.7152552962084,731.7825106579533,753.453401593862,772.1647554002573,834.5617382739201,805.5301569934524,820.8842664958244,836.7257572539002,861.4761779217339,867.2791464570587,883.6336410247801,924.936978075555,927.367394158454,918.6903433731932,893.5684997481487,947.63479935172,780.957665834606,874.6496110975681,928.3917189928302,960.4622366067949,951.9650385188702,1031.3838217416958,555.9446977851841,552.0630187031459,654.5153817104618,720.1882276621322,724.2905075834173,664.0410819098724,755.2262140933789,824.2509214410604,870.9838242288622,903.7999288458826,883.4121996707877,919.4704776487102,948.017291999307,989.7332206614919,931.4667534513834,1006.5218782227213,999.4119338522332,1047.3038682471515,977.8609440381824,1048.8665728286096,1109.7009880940639,1013.2770020194781,1056.3868576689772,1107.7070542210658,1150.6857221923174,1161.0031466985743,940.9433337259032,1022.4299659798636,1125.7215152437552,1005.7392619589222,962.1043160843959,1010.5914655335562,1087.5373118208204,1128.0232007287461,1083.9646321641799,1101.1644247497275,1187.4864561365587,1257.1758942311621,1179.4567666607797,1185.1914600327366,1280.3369140416667,1285.9423199897678,1205.4106276147552,1225.192366716599,1272.9585411309733,1312.2063109725605,1336.0840214496795,1329.3078597209833,1301.5936485030547,1346.545273844811,1402.4572568753163,1410.013291582975,1440.0396695310321,1418.2411080442134,1502.4418385434133,1368.1915481946007,1387.583578758187,1362.3859673814811,1440.5060498736084,1480.1525162583707,1361.3893015847402,1434.6042909076086,1470.5288781619374,1469.6402313344117,1486.7224057679903,1513.4463557239171,1552.7206754511196,1572.6952343720388,1870.1324066594552,1620.2716583766166,1999.6035284753743,2116.48250446772,2167.576113812657,2525.397385883356,2423.6497315022293,2198.1061079772066,2538.331699880274,2576.172721607574,2056.596821785539
47405,137.21804455381354,49.947016813549645,102.99678840128287,103.09672578201855,127.39759472100073,213.93682245853293,179.06113071908732,220.25674653904474,257.51422134365623,296.5050010811949,0.0,40.60744071721984,121.96441835652749,251.69291688880202,210.53566060916842,185.47366479039812,255.84548310839133,245.65200795014928,298.95007040731457,269.3291364629305,355.64225367319824,379.3945499330662,393.35798991831217,454.7280926177668,502.9012396880434,465.9010364474074,590.0060464805412,562.6627476397051,554.6951448398887,622.0862931685742,698.0821725253867,723.3208131798285,681.5747511131245,683.8542223079843,736.3056022347481,786.6123227497453,828.9331799202047,859.7219340509797,866.2539375836863,935.7996378190307,977.6487185609076,919.3526814971735,930.3651840269988,966.7769072646054,985.0362333313432,1010.224476598676,1025.1152158710604,1135.5493033467362,1199.4849832494297,1303.3292809680431,1945.8380989412938,2466.884345516416,999.2149280820427,1027.3749405728831,1072.5446655086012,1098.8605276034077,1054.658025587642,967.7640036263359,988.9362461591942,1018.1585093803864,1033.980840053181,1097.4457685118323,1059.242668386985,1070.7826242985739,1086.517058191142,1107.277236152078,1110.260239287423,1136.4007421694344,1185.3248269147834,1181.1546993614263,1163.7934164125938,1164.351662206098,1214.6504818686767,1053.6713193879812,1148.536858732268,1201.8499178718737,1236.9668113542664,1225.0672933204255,1304.5468137299326,828.1278050142353,810.3143167378691,920.4416671995879,998.427496507461,1000.581923767209,947.1667070461729,1036.2452321810756,1105.9927962931085,1152.096408913224,1181.7329460601575,1160.5598251909269,1204.8464615903724,1228.8025911505504,1270.668892647844,1219.9354283514658,1293.280791365973,1282.4673209490159,1330.9144710770747,1256.583619519988,1330.437719334733,1384.012075145184,1303.854841422405,1346.1236545761174,1399.3620935751846,1444.466555087734,1454.242399605665,1236.2464841179485,1316.904739039608,1421.0987077063446,1300.000375242771,1253.050087811213,1304.3586654513092,1372.1099665546233,1414.4073014481257,1372.0358564428423,1390.4398422234208,1479.1803863430425,1548.12762075227,1467.5191355697518,1469.2189215417468,1570.0447996845432,1573.9186239030216,1501.0832758657662,1520.4980225918155,1568.697577111784,1607.9034880808817,1632.0395500031811,1624.3036234595809,1595.1412933235874,1642.9830513031688,1698.822001497674,1706.1733884246044,1735.747308282179,1713.4801828436375,1798.8415922046177,1663.9336969774379,1682.2483148111194,1656.484074292434,1734.1899541723396,1775.0854761655764,1653.5991815605732,1726.1991614276926,1762.6163132557858,1760.5294481978624,1781.1634218861261,1806.4991345808849,1845.8688049214384,1863.1202377541063,2160.4675178206517,1910.981549488687,2290.4212215772113,2407.7865984820983,2458.962525804416,2820.296119585888,2717.5992618944947,2491.3078910772406,2833.664321240806,2872.077771851007,2336.223869706206
47435,177.77909783991493,89.93473669764262,102.25105084324997,131.59920401047322,144.5179381985232,216.68615947034445,178.23265390519813,228.00840990554494,263.72094912813486,305.51430009560755,40.60744071721984,0.0,82.18298783456899,211.4789883542177,172.10843664264092,158.68719072728132,228.15786452071413,240.68237699034256,296.9229022541417,247.25036411412927,351.6458210263615,380.42874654828677,382.73406696881847,445.2916707111668,497.9331405600737,450.4148949258101,580.5758681361638,547.3828270419039,534.8860778753792,602.8629539738895,680.0235974351946,706.8239094126516,671.135156839912,670.8867657699852,722.2118247915777,771.1832925270995,815.3221172640737,844.4073556402773,848.1484677526763,918.6853652962609,961.361281188804,906.0982353095708,915.5400204476994,954.5503588044272,971.3620868252086,997.3484517201355,1009.6308027829422,1120.3065236530829,1183.2042132802785,1285.6048928784353,1921.3080925410736,2429.444286442886,980.2277761247199,1010.695305105248,1054.8089683543703,1082.3427070492367,1039.2459761554207,958.9182150087734,978.3364708859475,1009.2781143290309,1024.3126357290053,1087.8219001186123,1047.5782246596048,1058.2406419054544,1073.8934480274988,1093.7403366357112,1096.1400860671745,1124.2536339058777,1174.810233731778,1169.0961193501714,1149.9197724379114,1156.6681097141382,1205.774474493378,1046.878968409017,1141.8260332963541,1194.8729050323348,1230.8844695860291,1217.9260955416719,1297.252321073195,822.1228521152967,800.9165954984587,912.2857073096762,993.559715897619,995.068590404018,944.2246363594177,1032.235344501615,1102.0665554615134,1147.8235921547089,1176.2554700391877,1154.8668587681263,1202.1901540341396,1224.2424759775743,1266.0838111838789,1218.7270270696908,1291.107025696721,1278.6893987712192,1327.2836039366298,1251.2192892320577,1325.9893792073765,1376.9287133214248,1303.7043394940638,1345.4230221354067,1399.7899124013898,1446.4979096735872,1455.797588463571,1240.0952404672707,1319.7180397435452,1424.8968815617866,1302.615391540297,1253.194325240374,1306.5090157508816,1368.8249616236665,1411.883694472003,1370.3990557233967,1389.423926834472,1479.5549172539043,1547.946762351721,1465.7611388854618,1465.565388652182,1569.084498279021,1572.0027796575523,1505.2738008991603,1524.1317091385704,1572.9608340245811,1612.0754984845423,1636.6724667988065,1627.4749514921439,1596.8486673684044,1650.5973124038414,1704.5283460931087,1711.2373073424155,1739.8760900104955,1716.916270239512,1804.6654044569593,1668.154312826598,1684.9996551758513,1658.6601235420053,1735.9293731274463,1778.1004320940485,1654.1948988616687,1726.3056856349087,1763.0477278999217,1760.1406168386695,1783.6179870049618,1807.651034157763,1847.0780033188007,1862.3677940171785,2159.4953818219196,1910.3803587035839,2289.702089438182,2407.349749328872,2458.5645233647774,2822.945807809689,2719.22363575675,2492.301931298024,2836.8950292788613,2876.274488356542,2330.0557843150173
47409,257.6246311487922,169.08078574656707,155.50662606677238,209.1448434901996,211.9078946637945,260.4787118746328,219.76808515291188,278.5510297367663,310.1485490457691,354.57629155888213,121.96441835652749,82.18298783456899,0.0,129.89648872957258,114.9899211323507,149.10999435434167,206.94224264444065,269.8622065948596,328.1685206207919,239.6054008071543,377.0853503041438,414.09318128789374,394.07855107638227,457.32375647274256,517.7570772133708,449.42811971071376,590.0919170513585,544.9199927905339,522.2954389595893,590.6271228185964,669.5611001639161,699.6215626538709,677.4145309598401,671.8070431635338,720.1687544031937,765.77522410303,813.5428689885327,838.6963062915406,836.1628600063245,908.4985875534205,952.7851017046349,904.4783333929175,910.449192830239,954.8559012125493,968.4660311237645,996.0392648951945,1002.5870150063115,1113.3097035111823,1173.682607428108,1272.531869849681,1891.2576426129122,2364.3847304291744,965.4631173080693,1000.9959367310432,1042.5386621170755,1072.6822239733453,1032.221923374846,966.2967820239041,981.9586482417241,1016.3263522289758,1029.6539300328398,1092.9706649452883,1048.6147774640847,1057.3591257539463,1072.768289879318,1090.566517408061,1091.6928939579645,1123.937551235339,1177.755369087783,1168.7975185188125,1145.7944596500436,1165.549091179987,1212.025221737771,1058.0259397296977,1152.7453663650015,1205.0582508306452,1242.7620866855023,1227.69819661665,1306.4610631282512,836.1371168563157,808.1729454563119,921.3482721986843,1008.8264444523497,1009.0384090842923,963.5437897965364,1049.0218049619234,1118.7212512215224,1163.6152464728345,1189.5377931579862,1167.7936729433027,1220.9810820298019,1239.196511729966,1280.8555620399095,1240.2858427717288,1310.567106115607,1295.027961273752,1343.7736241978102,1264.4776043295285,1340.8584265123995,1386.3450632273345,1327.0524004147721,1367.5980108224612,1424.0011750607064,1473.6570814511697,1482.0330205436728,1271.1787940882525,1348.6529519717847,1455.4234616882713,1331.222911055358,1277.253050562859,1334.2315226799913,1385.8874817909768,1430.3378248605445,1390.6920663284368,1410.876370287937,1503.4829630140134,1570.6639787759818,1485.5890493417187,1481.6619962320178,1590.2502020839474,1591.298578214537,1536.364789451296,1554.1467331552974,1604.0601724292394,1642.935943675391,1668.3498023802795,1656.4342012084926,1623.0921743939505,1687.727925749784,1738.0867749153629,1743.5972044974048,1770.4514889768996,1746.2277768001857,1838.298489447761,1699.012195676407,1713.0711822206088,1685.6859010644482,1761.9999458351408,1806.5270043277653,1678.2108683408735,1749.2593667901187,1786.570245521884,1782.0825980932248,1810.9763180927303,1832.491261232086,1871.9721054577185,1883.452663801786,2179.790169198365,1931.6938203957754,2310.3605042596287,2428.4525904743487,2479.7000221829153,2849.6984599329717,2744.0789650915963,2516.1081747106896,2864.7456645042566,2905.931331142131,2339.827936958161
47420,387.4401034089843,298.9111783719657,263.2862690949608,332.02219335869546,325.37244740817374,346.3289180154553,307.9156726540741,370.28029184320496,394.76673173337065,439.54652920677665,251.69291688880202,211.4789883542177,129.89648872957258,0.0,105.25161106105045,197.8820415536914,218.1038639855835,337.7616373333424,392.608505935072,263.5441339578057,429.85435032901216,475.62894821710285,425.6224702103299,485.4962244007395,554.2944265030179,458.3271460126189,608.0816568093729,546.1943524519256,508.475262190051,574.3206227161509,653.3572015336814,687.7540661106575,687.4628350395949,673.6367616040425,715.9394695679518,755.0558818663661,807.5196975700214,825.9191405141389,813.4143520332129,887.3202684559988,933.4700543657917,896.989872936914,897.3541279878744,949.6026906834085,957.9394603030139,987.6285706008873,984.9894422597134,1094.4150491146656,1150.1474377264371,1242.4685639600386,1831.3363944576747,2252.059802057252,936.0837425607941,979.1965027645745,1016.101029380764,1050.0275902051756,1014.2596490906138,972.024421096127,981.5412465130768,1020.8310224349503,1031.2927992563054,1093.5246367953864,1043.2135135334522,1048.8143764440704,1063.6486888690742,1077.9914821848026,1077.0871815507621,1115.5063633986658,1173.9121358096993,1159.9175501130385,1131.0976748969188,1171.1997666433958,1213.0683093278976,1068.4458449683443,1161.7409627425088,1212.3774074383703,1252.4040664688248,1234.1537310031606,1311.346174667811,854.4366937872035,816.4895571495833,930.4147012297482,1026.3383358384551,1024.5150659772676,988.0089135298316,1068.406031336975,1137.1023800636165,1180.1739090688784,1201.8891596595267,1179.7989236192132,1241.7206494627487,1253.723889416072,1294.7373836667998,1265.219392882423,1331.6136325380585,1311.267410975005,1359.871822233463,1276.1087286900724,1354.4164274812451,1390.9449478681934,1354.1186672518697,1392.5143501697862,1451.7628112958419,1505.7929550195756,1512.6507725253093,1310.8951534655612,1384.4073286493926,1493.0239712207663,1366.5808680094422,1305.8255644342016,1368.1668032751631,1402.5837291561054,1448.933069959499,1412.4676072607078,1434.3509452545218,1530.3075158527417,1595.1866943064883,1506.0108243886548,1496.192446213508,1612.2004480056146,1610.2709044633416,1574.4130541883935,1590.3841667289637,1641.7782391420844,1680.0865148202206,1706.6924786978773,1690.479988918729,1652.9607411627467,1734.7493285645257,1779.1505325049445,1782.7118969685932,1806.5907885967456,1780.439795940011,1879.0945644777696,1735.9054317740786,1745.4400972728245,1716.505467949725,1790.9561216166244,1839.0738557601617,1704.259814934157,1773.2905167396793,1811.34973454656,1804.3575265262787,1841.7930052256818,1859.1902716628542,1898.604098106348,1903.9496144164848,2198.032210060402,1952.375210339993,2328.8249907473432,2447.3365104488544,2498.5173812942035,2876.845154484509,2768.3439533189417,2539.1391119230434,2893.64712280244,2937.6997958002967,2340.8480089683558
47418,345.3235642255374,260.4074392127459,183.37074130750324,264.2325665583729,245.89376827991657,247.93489294353168,211.9192962712406,273.7299908662099,294.7926723536054,338.98897117330523,210.53566060916842,172.10843664264092,114.9899211323507,105.25161106105045,0.0,95.07341894521706,116.00178021070671,234.3400754167772,288.08609307377856,159.828811851728,324.60669578442526,370.54147719543255,322.4319527667331,383.3949133547221,450.89561924756345,361.62593251480143,509.3810369572328,453.18485553962273,422.2801867991631,489.90558910310324,569.3160105858698,601.6146551324233,591.7935500402166,581.1148639876059,626.2466287796373,668.6103671591748,718.9882859714511,740.7470005273254,733.6062473482457,806.8232359218517,852.049063680735,809.409902861865,812.5446155864128,861.1026288358829,871.984616580145,900.705810072543,902.7480068357385,1013.0838217428939,1071.5010377346928,1167.8194809123568,1778.257748859281,2257.4505819244378,860.5227162352688,899.2604605347215,938.9235482885252,970.7135704284888,932.2748466127036,878.8579868079175,890.9455604461264,928.2550993345754,939.9205977496716,1002.7286268851084,954.9810912146027,962.0805813375956,977.2213946596073,993.3064186810749,993.4425616876542,1028.8378848647344,1085.1893561343697,1073.5383379621978,1047.592501365351,1078.4226721526225,1122.251938832709,973.6717589125335,1067.6499951559017,1119.0027186465638,1158.1948334090303,1141.1469742259762,1219.0643152038624,756.5097063182475,721.9225306763286,835.8666544905764,929.0275808987476,927.8755675079511,888.5224845753461,970.5674021885741,1039.6871428937218,1083.4160891282797,1106.6179244129953,1084.6215447887769,1143.697225975363,1157.7521187952648,1199.039831352463,1165.9786567445299,1233.5937615868636,1214.7776635813302,1263.4818420689553,1181.193540464763,1258.8993671699511,1298.868955702466,1254.3723208426295,1293.4022664690565,1351.9101860187893,1404.8590451522857,1412.0975311458449,1208.179568617461,1282.5546728838524,1390.8495020099413,1264.8019546935188,1205.6322527946434,1266.7089244926992,1306.0350223294063,1351.800907788032,1314.3015270050398,1335.6941063286058,1430.7690464074515,1496.345759638975,1408.3437514488878,1400.4705469791218,1514.1388068583155,1513.1457353085987,1472.19173061446,1488.555841786941,1539.6601946391265,1578.10721547709,1604.4754396086846,1589.1996083066172,1552.687689625854,1630.9996416427819,1676.4255307523188,1680.3699475433689,1704.889084263803,1679.1645369953294,1776.4575349628428,1634.0075587365154,1644.588102187837,1616.024264826808,1690.997594897946,1738.2229317503534,1605.0507130537248,1674.7038255778004,1712.5645450726931,1706.3158200387452,1741.3750104394744,1759.8816785866998,1799.3332920150453,1806.5144918063183,2101.460656948834,1854.9058816333106,2232.229009440425,2350.642379416924,2401.8613124289473,2777.739028241094,2670.0507708934397,2441.158646168185,2794.0579516340986,2837.3632183528,2250.8821758025815
47417,303.0061257608786,229.96849631049176,115.0445397239003,201.22360211574377,170.9463822751067,153.94787237652875,120.29533693308497,180.67583680632418,199.94443874318316,243.97322673225193,185.47366479039812,158.68719072728132,149.10999435434167,197.8820415536914,95.07341894521706,0.0,70.37741289183148,139.890225299228,195.17947199582466,91.71498110203943,236.38384258073975,279.4075214215393,245.8672254868809,308.928998927807,371.49318978602986,300.97036086807293,441.0685352640973,397.06320672415393,378.75575270636074,447.05533022860976,525.1795907317013,553.7495018889412,528.3388971763269,523.3668170356591,572.4985115956564,619.2802389344793,665.9074976927693,692.407880100807,692.8478997498722,764.2991013639161,807.8410953406847,756.8829095402006,763.9987228652716,806.8010556188168,821.3060903872104,848.4264231048594,857.0009945862532,967.7852786408608,1029.3568852436777,1130.169168183821,1762.6346907422842,2294.9173506285506,823.9330125370824,856.6354875363705,899.5755235696563,928.3580962026066,886.6510250783904,817.2368960177769,833.2818648321459,867.294842344119,880.7730318946582,944.1307805586044,900.4498853867362,909.6686061933895,925.1534138003987,943.5823696555533,945.1490046206684,976.1351878880073,1029.2685026964643,1021.0129555689788,999.1691018543129,1016.45324727982,1063.0971701156936,908.9453240998827,1003.6485529513195,1055.9485580837575,1093.6913385832027,1078.5894250256326,1157.3646585142128,687.3964707251282,659.0892212440383,772.2384146132921,860.1544249590726,860.1914595887908,815.7590240607827,900.583096967871,970.2158148986251,1014.9460396996661,1040.565638178927,1018.7975612284309,1072.8460843898422,1090.3849622147825,1132.010359402982,1092.8603079949253,1162.5342478826265,1146.3912448030435,1195.1437178781073,1115.4887703597567,1192.0093745168606,1237.247112698026,1180.125014393244,1220.262842271673,1277.2967915293546,1328.0741346436753,1336.0545638839874,1127.7976619634464,1204.0249938657323,1311.4828532185159,1186.456376038247,1130.6193827653492,1189.0428019389594,1237.3364345897146,1282.0284632938335,1242.818967947748,1263.3018594619425,1356.6238950627064,1423.372709097611,1337.5570158305386,1332.934868652781,1442.5068750751373,1443.1061215062373,1392.6370932923921,1409.835046450106,1460.2681698399826,1498.9800825733025,1524.8119323469257,1511.5145604439845,1477.0126380887582,1547.6249191720894,1595.5701139433334,1600.3737364710873,1626.241754687508,1601.4087435005517,1695.7377668017068,1555.0060918829467,1567.7025177993557,1539.8844377476833,1615.768436079183,1661.2566127810721,1531.2809132498694,1601.9565973967867,1639.4286835787498,1634.4733690585026,1665.2378037612434,1685.7703120288631,1725.252616758798,1735.5849277483244,2031.6666043558519,1783.8700267900695,2162.2948497781495,2280.469992743379,2331.7168322997845,2703.3624832758046,2597.0968526224356,2368.8398458558986,2718.835351939907,2760.787508374791,2190.7497843596593
47440,371.07052601211916,300.1020852596404,179.87596517769418,264.6456352972931,228.89224832349737,183.41626622139916,161.34325877675377,212.09677794451773,219.99769715963976,259.333950747353,255.84548310839133,228.15786452071413,206.94224264444065,218.1038639855835,116.00178021070671,70.37741289183148,0.0,149.63287074088797,192.44624203949547,46.68044452458883,218.02817601215804,267.629482465956,207.52471615927323,267.70871711542736,336.20247981756756,246.88210344078269,393.5716947133599,340.294052126406,315.3555044783646,383.695550406661,462.6237963454399,492.95508414768875,476.9580376169363,467.9954165720622,514.8176711623627,559.3477500573609,608.0259071564421,632.1238390252158,629.3079908686659,701.5626298316986,745.8585253710975,698.8297049064272,703.9209237389955,749.7892755984169,762.3587062173932,790.3455591339743,795.7437314195556,906.4409042509485,966.7501849443762,1065.9681731362502,1693.4297166761091,2229.7970756584987,759.0981437986975,794.0569561597341,835.7863349586104,865.7467337032019,825.3713388837116,764.8387239745758,778.293451746954,814.4795510895767,826.7653571420578,889.8173503561098,843.6595125320721,851.7178214903141,867.0332533849754,884.2770054820236,885.1500922494806,918.3962760523565,973.3777410741684,963.2125738846562,939.2780343793896,964.4225526692251,1009.2117931590983,858.8576320887523,953.0654865837467,1004.7013376655814,1043.5168372477328,1026.9996034868698,1105.2116019684083,640.7677054071044,607.4108722460554,721.2451515376613,813.3840004449307,812.419794711516,772.5318898165125,854.7919396622257,923.9923925428694,967.880155175928,991.5518743680747,969.5983117973493,1027.8613988250029,1042.4313021723783,1083.796603396676,1049.9931345310201,1117.7495622992858,1099.2876709238733,1148.0104995216045,1066.2309643255103,1143.7001596187995,1185.071220399883,1138.3705524426075,1177.4216569604594,1235.9097859985068,1288.961155600098,1296.1441544495692,1092.93948017281,1166.8960035675368,1275.3264643273787,1149.116152351767,1089.6430859978886,1150.9234613624485,1190.5117612640722,1236.1239187715826,1198.4269253187426,1219.7528817091052,1314.7684269600234,1380.3808461086294,1292.5481535817296,1285.173183769926,1398.2679786745985,1397.453072312953,1356.6930578886531,1372.8966918152041,1424.1174771573058,1462.5081286818972,1488.9789792438576,1473.3799221795346,1436.7097541466912,1516.6676917504697,1561.2048406079914,1564.9353653373987,1589.192939431834,1563.3460583252522,1661.1854181755293,1518.3786866899607,1528.6824538880853,1500.066926780394,1575.0025298083447,1622.319110238641,1489.0591457744076,1558.7584753003093,1596.5994393212843,1590.4388337685887,1625.4129923273342,1643.884823070009,1683.3374640553095,1690.7364155286466,1985.8526674358595,1739.118794197212,2116.6080787748992,2234.9931620023967,2286.218546791499,2661.7446446240324,2554.1187776219913,2325.269346466496,2678.0567513789106,2721.403049158728,2137.7917749790395
47424,310.59752262314953,270.7461994926121,142.6678136423061,193.87402278473095,147.12357410013414,51.71533098017726,68.23775274850236,75.61708044520441,71.45484333859413,109.7959953520817,245.65200795014928,240.68237699034256,269.8622065948596,337.7616373333424,234.3400754167772,139.890225299228,149.63287074088797,0.0,58.30700992936983,113.30497389179094,110.96492257285773,144.23929405032854,151.57944683439686,210.49014628451795,257.68095427859606,233.14796745780242,345.17889477354913,326.80966586934983,332.8378550011271,396.1018703194099,467.11917978598296,488.099811954679,437.2604055653474,442.36772318967786,496.2520821196072,548.6248611514405,587.696931982482,621.1038167250724,633.5996697688107,700.3652830672264,740.3112653625369,677.354178516866,690.6071947730983,723.5076558490983,743.4201480467002,767.5762461587817,786.1365941735805,895.8687568434877,961.414541885781,1067.8043472941727,1728.0247688110728,2336.603083067912,767.875363882732,790.6049558659176,837.814808756794,861.5170424408233,815.4662497740075,722.3105724719971,744.2908887706309,772.700015295648,788.8000543375829,852.2191525144442,815.3265402338116,827.677226500929,843.474579048692,865.2417084804595,868.974741837499,892.8298549871907,940.4983612050187,937.4593223876274,922.08817033999,918.7003590001545,969.1490156611517,808.0727087058796,902.9596016240605,956.2375868215614,991.5448867789847,979.4383832492714,1058.9083142376319,582.6611806012031,565.1501667507813,674.8471315439933,753.4614390883736,755.320358692051,703.5651029015938,791.8058325192774,861.6221677454654,907.5013384623383,936.5159750350992,915.2566747328823,961.5212684036968,984.0442536147389,1025.9016107839834,978.1459189213474,1050.424883595736,1038.2232867937344,1086.7827637142748,1011.4240286283732,1085.7575338474273,1138.3964236124925,1063.4044980034262,1104.9401117634652,1159.703478368918,1207.3452536393102,1216.3132536945102,1002.7687937679593,1081.2807445935157,1187.3236365142436,1064.017900365758,1013.0268063514774,1067.5279057796133,1128.2495220922624,1171.2123643766363,1129.743561740119,1148.861017554209,1239.4237327195121,1307.5880620552812,1225.0920510546725,1225.0817772461203,1328.5160657136198,1331.3236320396343,1268.0505874370083,1286.312766853825,1335.762583076034,1374.749500420915,1399.8390604033207,1389.1548494903025,1357.4085450557686,1417.9280871200162,1468.9615957068456,1474.8540521571058,1502.4214676438635,1478.7909972388695,1569.1708380775265,1430.841705788548,1446.2914379646834,1419.5194447720676,1496.4649839172657,1539.5720547672952,1414.1237145822492,1486.0210411957,1522.8849690538375,1519.691718903541,1544.6374747687464,1567.82331921154,1607.2728380133483,1621.8211003500153,1918.8934873781318,1669.864427688225,2049.141039526401,2166.8456671230006,2218.0675944577697,2583.882898836679,2479.5196380609896,2252.2976032028396,2598.2731479110985,2638.500136452842,2090.8423297837116
47423,349.6472994525786,319.6810732510362,196.7244070161729,235.54646818994985,189.27329520785796,88.08003161550488,119.947667505373,96.79939561129997,67.81610915705406,81.72651029695169,298.95007040731457,296.9229022541417,328.1685206207919,392.608505935072,288.08609307377856,195.17947199582466,192.44624203949547,58.30700992936983,0.0,149.25579007455414,58.00345492438584,85.94937421353947,115.9928562924776,166.57001020947024,204.69041449278296,203.64857421417952,297.77289572184156,291.026214312942,307.76086102629813,366.5191515144032,432.8588178738326,450.38840161058147,390.29336588030634,399.2490370164866,454.2311376121163,508.1267499322813,543.9563802068164,579.6380806882399,596.5922829043994,661.0142205423736,699.3605364788458,632.4768360080044,647.8457470780473,677.0588110583268,698.7442227430087,721.7534255070391,743.7192093828331,852.5837972114813,919.2681312761582,1027.2557626304524,1695.9752411085738,2334.159525242431,730.9925607612995,749.9023244318665,798.4090988542803,820.164381428866,772.7873333427538,672.0177108052832,695.8310280553684,722.33513680929,739.2087650586235,802.450587843738,767.8651294472269,781.2133158597444,797.0557788852456,819.867598515938,824.3253029156983,845.7013584747801,891.4780578224573,890.1151408523768,876.9383687028197,867.0029615036574,918.4741582080333,755.7118456892982,850.4479785810394,903.9059702576127,938.4788487498437,927.2256485233708,1006.7666734573177,529.8752916572141,515.9674287186269,623.9587306933844,699.5834519334849,701.9431422699324,648.343562856298,737.295189310716,807.0445009664596,853.1511257356946,883.0169764307705,861.9295731663449,906.1504575192637,929.8758046354463,971.7421518049404,921.9989815057959,994.7933107339844,983.5335533205147,1031.9987725154047,957.8144997104412,1031.4966250743737,1086.037333634153,1006.7897614016207,1048.5809475055632,1102.8751080228749,1149.9617308919328,1159.086509500668,944.8451688665019,1023.6321099979648,1129.465370367675,1006.4181116681863,956.2717531838642,1010.06557424415,1073.2552650492505,1115.784120098129,1073.841535366139,1092.6580240947526,1182.635694476691,1251.0415684321208,1169.2647142184194,1170.3069290964477,1272.3173102407081,1275.5880212569446,1210.129244594463,1228.5154184955404,1277.8409385435914,1316.8539141506903,1341.8591151821217,1331.4917821834108,1300.164539421759,1359.6309561318794,1410.824706458962,1416.8121398046628,1444.5577035531883,1421.07941226482,1511.0310493482525,1372.946649648891,1388.7510621569445,1362.1404204627843,1439.2376250174318,1481.9776236728944,1357.2847952004363,1429.3858504033683,1466.1271357371884,1463.2665745923118,1487.1988857992917,1510.8065435494607,1550.2420542300322,1565.5654221713532,1862.7605747581465,1613.5479248269748,1992.9071785232068,2110.500876985423,2161.710089260737,2526.498937416047,2422.4377985604187,2195.411704169264,2540.734504877555,2580.736548976826,2037.5859297959573
47426,372.3321137586569,309.3221997011284,180.39143068092312,259.8677571547415,219.03096636326714,155.0001596986465,142.12975782329235,183.2093389018913,184.7560077986114,220.91257019411077,269.3291364629305,247.25036411412927,239.6054008071543,263.5441339578057,159.828811851728,91.71498110203943,46.68044452458883,113.30497389179094,149.25579007455414,0.0,171.5636621292904,221.6377793486693,162.61318812977024,224.00219390504031,291.0834459768464,209.82414491327862,352.84261842657196,305.530216297026,287.8501828341982,356.0102520190576,433.80559848572017,462.0764552285572,438.47332963442494,432.20591216717503,480.92715387268464,527.5653617682387,574.3347424823019,600.6956830965137,601.6663010926342,672.8662776765129,716.2565456307877,665.3056009494943,672.2837707934743,715.3993474792662,729.6422960999142,756.8594376491045,765.3275017600113,876.1112992382288,937.8484277839661,1039.0951310149849,1676.5550170595857,2239.457456566134,733.2273027036863,765.1475441760795,808.4043989881952,836.8644938019742,794.9771322854033,727.1728137000005,742.3650278255343,777.0949817448167,790.1671585650539,853.4456501931271,809.110307139892,818.1278519916971,833.5908145557839,851.9005922961269,853.4369746398233,884.6348609560134,938.1565872564543,929.508090893826,907.4608597824506,926.5990768127791,972.5780661941368,819.8815723811824,914.3964215064088,966.4253477168911,1004.6478776338431,988.9295397624776,1067.4961468434599,599.9325370427885,569.2192058688538,682.7163312057979,772.7215893034369,772.2298823629305,730.361032038814,813.7104625370998,883.1309114626708,927.4186713389628,952.0521431731895,930.187616666362,986.5028647933924,1002.4162919738694,1043.9206483486507,1007.8062697187654,1076.3351522903833,1058.8843062858614,1107.6336673621424,1026.8791477054133,1103.8866982882776,1147.3853204282907,1095.8073235582767,1135.2616525336975,1193.2436185826211,1245.570892142192,1253.0031292554515,1048.3582176270568,1122.9077604639026,1231.1074355439705,1105.1808240140701,1046.798331608366,1107.2069816863493,1150.002808544112,1195.2141201062964,1156.8733629748824,1177.8716269307754,1272.2829519743327,1338.3216862545369,1251.2687159211878,1245.1239219761453,1356.6949166390132,1356.4664533755767,1312.436141672052,1328.9017296328775,1379.9251146286679,1418.4052350630031,1444.7165114429704,1429.7349685460272,1393.7218962991112,1471.3561113786845,1516.5998686457356,1520.5859952782764,1545.2624863706887,1519.6943634771008,1616.6366383555257,1474.3253567280694,1485.3075891997996,1456.9342088932165,1532.1890301108078,1578.9329352316945,1446.736289482647,1516.806803665075,1554.5149769235545,1548.815311088056,1582.301214881735,1601.465056153455,1640.9333876428263,1649.454689895571,1945.009524155657,1697.8029605093536,2075.7212268369176,2194.0256824577236,2245.263792134784,2619.317444195379,2512.17624875858,2283.5371027385095,2635.3445279770553,2678.2452832887675,2100.682805891793
47430,406.978353249569,377.50528120888964,252.9201461081017,293.41899939982994,247.23988164051332,146.08183251796976,176.66367245244885,153.30848259883342,120.46148186407905,117.1913103825662,355.64225367319824,351.6458210263615,377.0853503041438,429.85435032901216,324.60669578442526,236.38384258073975,218.02817601215804,110.96492257285773,58.00345492438584,171.5636621292904,0.0,52.483901253662935,70.4348110300566,110.64604279498514,147.29065666461128,157.1962223737459,239.93396645582825,238.08538639382164,261.99555193852797,316.7465236959649,379.78595624926794,395.4860608332421,332.449685337625,342.31108611839096,397.5605564599529,451.91416157801694,486.6661836342659,522.9899500731523,541.6724521791566,605.0345495200613,642.7785614413622,574.8774714341095,590.7468528810118,619.19299693415,641.1615350406,663.9641104927196,686.6630345264471,795.2600864996465,862.2169981756025,970.6410622655209,1642.565057560165,2300.030358427726,675.9390206711033,693.3674815899727,742.2924238457865,763.3828111081158,715.6463081028593,614.1163328557249,637.8280290284441,664.4479395306859,681.2428993871141,744.502631758927,709.8952411220455,723.3305009777076,739.1762030787258,762.129211470751,766.7137845773582,787.7496220794079,833.4860079263593,832.1460665663514,819.2270177384912,809.3936688415656,860.6489310787359,698.2927255925138,793.0925876558091,846.4920734446864,881.3539591395613,869.774066854119,949.2982174696698,472.57601949156367,457.9687603287618,566.1420260268512,642.8497814095138,644.9397821743197,592.6063882496102,680.9777069400991,750.7805234873174,796.7290890428468,826.0935735329841,804.9189106158917,850.5583033639051,873.3388148585798,915.2018290757981,867.2740942328735,939.4637184947715,927.3614795376416,975.9007099426107,900.9541974633524,975.024684184986,1028.646054197911,952.7307760529097,994.136157240453,1049.165444385507,1097.4036685084336,1106.158473133649,894.0952949290629,971.8375241739182,1078.3860838886399,954.4771937733944,902.4495125281244,957.7345988601619,1017.3279622121655,1060.2485571703146,1018.810258786653,1037.9984618915512,1128.8492245296177,1196.8603695993977,1114.1462623103332,1114.2055961144774,1217.6461298810154,1220.3672138315662,1159.2947467428176,1177.1824697832408,1226.993875807501,1265.8886531285011,1291.2656415769775,1279.6870748299757,1247.2596050880773,1311.82144446349,1361.1127049794052,1366.5196541875248,1393.4427951056348,1369.4189882803712,1461.3203779672383,1321.9696556276979,1336.5758096374918,1309.5456522456952,1386.2836272926559,1429.9468206773895,1303.5750690575105,1375.333877019684,1412.2728070960393,1408.8983161994006,1434.7415977791854,1457.4145751586368,1496.8749486964573,1510.961892511721,1807.9950102544174,1559.0247992015832,1938.2685519771678,2056.008139478036,2107.234043123975,2473.853349005581,2369.1391525390354,2141.75362961469,2488.4840845699255,2529.16809216352,1980.5871874582665
47428,413.90023267099974,395.34453544770685,278.9073664567349,305.6790477362168,261.7116340693426,165.45809302371055,202.23255605977357,163.52150310144106,126.12684370305698,103.55272206414053,379.3945499330662,380.42874654828677,414.09318128789374,475.62894821710285,370.54147719543255,279.4075214215393,267.629482465956,144.23929405032854,85.94937421353947,221.6377793486693,52.483901253662935,0.0,111.25562346114772,128.06681610835773,136.78461629950962,189.43952245905484,239.07835244362556,256.5578010858022,291.5276826526707,339.482045923957,395.3215089719074,406.2185063612611,329.8047569834976,346.184437296383,402.04138732985683,457.7831692266107,487.19015745449906,526.5666190430064,551.1606110481173,610.8063311098688,646.0425398354064,572.7563029018229,591.7788050053385,614.1797394034495,638.8928756344792,659.7213153322883,687.5337130437396,794.2973845018104,862.6251358567908,972.873315681199,1653.644128359033,2335.786691083677,684.3879055246083,696.6383690807041,747.0384193381101,765.3508525446417,715.9669685054748,602.139103108978,629.2008383598003,652.1026139709295,670.3191493256146,733.0029204861248,702.6795317748187,717.7338354071105,733.5826631510625,758.1203433958599,763.817502860119,780.7801713277213,823.0804394646647,824.6586692924524,815.3370991075476,793.9026426901282,847.082278405426,681.6864829490313,775.9101096405942,829.5844794680694,862.7722944582142,853.0733283655222,932.6041568291674,455.9661421240699,449.25555144894787,553.2057130181543,622.8608811415908,626.1673766557351,569.1362183534382,659.2769943347855,728.7711921565589,775.2294365937607,806.6153556667449,785.8797658493654,826.2596398943666,852.1795497015802,894.0092847770547,840.6321811842589,914.3370826359345,904.8209452423903,953.0668587801064,881.0970378830403,953.5129799466476,1011.3767480734399,924.481361096456,966.7336552744674,1020.119473316317,1066.1269293673063,1075.5531684506168,859.9499207155785,939.2977896630838,1044.6824944362195,922.1868942934967,873.7207421223229,926.1099340404757,993.9059398266471,1035.6153293919485,992.8305796440089,1011.0792591917678,1099.9284586819856,1168.7613974127266,1088.3377558170716,1091.2802612533915,1190.667666940691,1194.776659228573,1125.2056716164886,1143.8458835768286,1192.910593707292,1231.9742942643725,1256.8016031974798,1247.079018186158,1216.5669068639024,1273.7968612042976,1325.4209321405388,1331.6181664873936,1359.7330585408686,1336.5610954019965,1425.6172810398257,1288.0635700590335,1304.5710387381882,1278.2745431516232,1355.6469470626296,1397.6821280833385,1274.434291328634,1346.8928636842982,1383.4016345595608,1381.1471577864816,1403.2019517629851,1427.5964357848982,1466.9996458646415,1483.726007551339,1781.0787320553454,1531.58890255466,1911.0273743804796,2028.4108339891566,2079.591631668152,2442.527201510925,2339.016683697946,2112.3570260674705,2456.4784631597895,2496.0578659102675,1960.7809763349615
47576,460.97598139268126,421.6256632329856,291.02577476018877,344.802020467353,297.96722974660565,197.79679749688356,219.580580204698,211.68413983831059,183.6149250007775,186.79412377163484,393.35798991831217,382.73406696881847,394.07855107638227,425.6224702103299,322.4319527667331,245.8672254868809,207.52471615927323,151.57944683439686,115.9928562924776,162.61318812977024,70.4348110300566,111.25562346114772,0.0,63.29969002916805,128.67974060679913,88.12004228775892,197.94119610279387,176.28502843345248,192.86940388418574,250.52823934872902,317.7362642104706,337.05867040404206,288.53087937119545,291.17560262182667,344.749563804035,397.0633432074788,436.5081412119931,469.5267123698933,482.93956263712636,549.0076806026143,588.7474455074931,526.5019313066673,539.1305221650196,573.4585650523488,592.4281372130375,617.0969337752375,634.596692519661,744.4260100527737,809.8426091607257,916.3104121179302,1580.5823091427824,2229.7228199724473,617.3401026181571,639.0647216907796,686.4840658947126,709.9426036756347,663.9495542564584,576.2533176501344,595.8913786394513,626.5947675014182,641.5955271404385,705.1042187601172,665.8931964400556,677.515100084854,693.2690978404232,714.4605086000669,717.8994068843201,743.05310380366,792.3576817233308,787.7992621767448,771.1782889668553,774.4024193922947,823.0669035924141,665.4039928128403,760.3097168140515,813.0732232630417,849.9019481540372,835.9813196477912,915.1523263384829,442.25233895096983,418.19099200672287,529.9154962003657,614.8290243380192,615.2858115649462,569.8977815849001,654.9437846051309,724.6450092096771,769.6018719183495,796.0919796802959,774.4599504524585,827.0256609941508,845.3322310022966,887.042596182273,847.0634164418688,916.6876749857591,900.9877315874204,949.7282841018371,871.0774152791664,947.0443903253708,994.9309289128066,934.537068932322,974.4861902560237,1031.8199474928256,1083.4350859291108,1091.0784351878285,885.7478544496945,960.4119795163356,1068.5287427767112,942.7103061604424,885.2226917719387,944.8568599450318,991.8152246081011,1036.2952612436115,996.9530134526643,1017.4586686903201,1111.0455011038837,1177.5980238572272,1091.7130336219302,1087.6763506816717,1196.6409924737131,1197.3149824887946,1149.8474037812,1166.3933063487104,1217.3500520146804,1255.8549539957066,1282.124863632529,1267.4020532789782,1231.9173831559435,1309.1454362965567,1353.9943622044466,1357.9803224490945,1382.7734455975865,1357.3517481679164,1454.0260475342761,1311.790276075824,1323.1576421706488,1294.9871151046702,1370.5354757339267,1416.7666443232804,1285.64697813849,1356.1699104400188,1393.6958565374264,1388.6178224363764,1420.3582884090429,1440.2281067882172,1479.7074868657644,1489.7208782813348,1785.8555732154507,1538.003694601416,1916.4670667863086,2034.6236778459856,2085.8708765434603,2457.9619886459227,2351.3900363171747,2123.0434872809624,2473.695577456713,2516.1998653609353,1948.4229380843594
47575,516.0579762656898,481.23072995219337,351.9788587637921,401.1240310238822,354.4576082366688,253.16259749341506,278.705520061987,263.2207161177437,231.102141421259,224.02432040704076,454.7280926177668,445.2916707111668,457.32375647274256,485.4962244007395,383.3949133547221,308.928998927807,267.70871711542736,210.49014628451795,166.57001020947024,224.00219390504031,110.64604279498514,128.06681610835773,63.29969002916805,0.0,73.1818149012419,71.49935011242025,135.38159427351349,129.36411137792416,165.4934350303768,211.46148119878012,270.1510812925966,284.87153366204683,226.9243278518559,232.90806097873914,287.698660949332,341.5926514874991,377.9603670161942,413.0850313156985,431.03857711390356,494.5850154199009,532.7933533133763,467.1508122430859,481.5428459539474,513.0190282446802,533.3132127917459,557.1541798271057,577.3548419563094,686.5150685253243,752.8767555669629,860.6878173199988,1532.2631480368873,2210.8956592506643,565.2933637038295,583.332405004664,631.9262664327606,653.6334160142387,606.4988409639104,513.6576548999578,534.2216939618598,564.0308664161623,579.3952085752162,642.8883310788531,604.9075309027016,617.192092000753,632.9925641396939,654.9360284631254,658.9129519216015,682.3564622995291,730.5967471368245,727.0049247534981,711.858573957976,711.4821333914848,760.5486350939806,602.2460918333884,697.1681159966951,749.9971541529954,786.6887885119831,772.9462193462903,852.1717568898817,378.9527437274921,355.79812579123256,467.03609208840476,551.5417059257223,551.9880251938582,506.99433184379603,591.7206939068465,661.4020251170459,706.319416707342,732.8129297858723,711.1928060468749,763.9187234170347,782.0333356454913,823.7429200022932,784.2918495109062,853.6199718397447,837.7147179476343,886.4576437286521,807.8006460407203,883.7447460123462,931.9201831686768,872.0068007288282,911.7362780684809,969.3795310705643,1021.5806763265837,1029.004401431579,825.4141703626425,899.1975387451242,1007.62500418564,881.4280862423124,822.8717748507601,883.317154132557,928.564388745,973.1190364933822,933.9493101855476,954.5876384197038,1048.5063439681946,1114.8397401773086,1028.639162563854,1024.389296615968,1133.6807114824928,1134.178649685559,1088.9969035606966,1105.1994080042662,1156.4116189197835,1194.7999307589264,1221.2821786818213,1205.8193834349645,1169.7420627354131,1250.2061540721975,1293.6603516217613,1297.258818474879,1321.5119944608473,1295.7829682493373,1393.5983536984054,1250.6742831563595,1261.3174796474786,1232.9347165283536,1308.2499979268146,1354.9453533682513,1223.0426454533908,1293.3879741095645,1330.9816848471592,1325.7027687942357,1358.3025700105522,1377.699001036431,1417.1738085200113,1426.699060108208,1722.7376116504245,1474.9972898475194,1853.3674648408091,1971.551128882409,2022.7976066953483,2395.5087247868473,2288.6824012512293,2060.2324847122627,2411.4174060128234,2454.243097238844,1885.3464561321525
47574,549.0335871884157,524.2865657331029,400.0956760963621,438.1049647717623,392.656071899436,292.38002562908304,323.95397707007106,296.00029005775986,259.90675701296226,240.29105741949064,502.9012396880434,497.9331405600737,517.7570772133708,554.2944265030179,450.89561924756345,371.49318978602986,336.20247981756756,257.68095427859606,204.69041449278296,291.0834459768464,147.29065666461128,136.78461629950962,128.67974060679913,73.1818149012419,0.0,134.90886692370935,104.19243157726643,148.52887716942766,205.40071948315233,232.50033442485125,273.08476723640644,277.6586459785302,193.25597681918356,212.47421892495151,268.1140712764555,324.3150818584369,351.0102988655753,391.43304382743366,419.76023719239174,476.5222837098851,510.4774294907628,436.01222407775253,455.5617584375547,477.51739252663344,502.124530951698,522.9924535458226,551.1748491379302,657.5898419117206,726.0777727321884,836.6672199384184,1521.2594978784277,2239.863351288506,551.5423096184787,560.9937267899318,611.9232490540378,629.2051506255121,579.4729279620651,467.9595761979167,493.4366545405378,518.1855851571277,535.6056796268878,598.6415138692739,566.5090579435127,581.2013176142464,597.0555723988741,621.3925215168214,627.0350122266728,644.5803905647876,688.1967386611979,688.6256591768793,678.6090545146886,662.3249641714622,714.0670773971154,551.0497109685098,645.8235167096739,699.2483097618722,734.0711762284805,722.5521783657557,802.0882051156754,325.28823680625186,313.3280393473562,419.5884606994666,495.78243395110627,497.7025411007338,446.7991107049872,534.3060387172833,604.1394501989263,649.904566365961,678.8806356964966,657.6693539257458,704.7324652636597,726.3902241922196,768.2436147072265,722.7867001272251,793.9637497586249,780.7654871888794,829.3747325928715,753.7692576886699,828.1174374991111,881.3932512818673,809.3015540761049,849.998130561434,906.254098906178,956.5818436803038,964.6208069616353,757.4359496410384,832.7539824977518,940.5565256454493,815.1309403669551,759.5131333650456,817.589011298616,870.9903975599826,914.3997238949534,873.7107459309922,893.4716499255558,985.7258897276888,1053.0114266316575,968.8657050249292,967.6448814465554,1072.995057300373,1074.8961107392179,1021.8183739132737,1038.6616215154731,1089.3794921874012,1127.9771278473224,1154.0706294922043,1140.0948082583852,1105.6162165322885,1180.4659314447656,1225.6245688010192,1229.8315678805495,1255.0725543214353,1230.008428160274,1325.6955579818737,1183.9588793515197,1196.2117623853462,1168.4190732596146,1244.4375896003123,1289.7710236330581,1160.4549822772674,1231.597774691962,1268.8457429771288,1264.6368904499197,1293.7653819889651,1314.7498372616585,1354.2315835142492,1366.299796827624,1663.0200729079324,1414.4699018980025,1793.4527077263263,1911.3850387492819,1962.6269077397037,2332.1068403345826,2226.3220167431764,1998.402035537277,2347.4166525322557,2389.30057934622,1833.3239711170636
47581,543.7069754397112,498.35243282759404,365.92705960772673,426.86841792466566,380.20907766879816,282.149160974215,299.3530757258213,298.1688355763224,271.430902667232,274.31037620561085,465.9010364474074,450.4148949258101,449.42811971071376,458.3271460126189,361.62593251480143,300.97036086807293,246.88210344078269,233.14796745780242,203.64857421417952,209.82414491327862,157.1962223737459,189.43952245905484,88.12004228775892,71.49935011242025,134.90886692370935,0.0,150.85708297717508,96.97169442156465,104.86789054306014,163.53699865302548,234.29452551693865,257.5169861690176,230.18281561308936,222.41353971451588,272.07748534008715,320.90016111198634,365.40286557767826,394.09577682515607,401.6709299886058,470.1397088869572,511.74769459956207,456.3434180091023,465.1299177054196,505.8853398139221,521.2303226277339,547.8151944700753,559.4273624818509,670.0160998597547,733.5897901585117,837.8382203975405,1495.1656807027277,2146.3834419145346,535.6006112939898,561.5112712984718,607.2078137265668,632.9654753974627,589.0130399309779,518.028972558054,532.5467690910872,567.7670339389034,580.4787296715623,643.703133478346,599.4910770070276,608.9650636530046,624.5081310760336,643.6120610592981,645.7800814504138,675.3326060567455,728.356554728087,720.2136453325706,699.620332153891,717.5950164779957,762.9220835625451,612.0934641524243,706.2114455738355,757.8201125375589,796.6949237419681,780.1341686438841,858.4199377499796,396.125904314493,360.53146654533555,474.39156283882295,568.0827544016208,566.5294708524692,530.4721062723913,610.0794857240629,678.836748480562,722.1575425977652,744.9924339418179,722.9960657946395,783.3936796001052,796.2180306994344,837.4561709534995,807.2644637606127,873.2865699260203,853.4175474878331,902.0889491036736,819.5759760948347,897.2957499861232,938.2926467064497,896.5044447802909,934.4424651207986,994.1925460584645,1049.578588930944,1055.844545063489,860.0725037836795,930.3931697077145,1039.7303305247754,912.4026877580702,848.7217234170516,913.1820145153226,944.7111863093728,990.7895144136596,954.1423109644031,976.0974163793019,1072.4512653478653,1136.9673620460892,1047.7236538164907,1038.9063516890863,1153.8746667777389,1152.144519466345,1121.1129303370944,1135.9533199902376,1188.061672269047,1225.9309006952951,1253.1731997067973,1234.7201440036545,1195.718965450742,1287.9580005081764,1327.218327143034,1329.4694642800023,1351.6093974362107,1324.597387257331,1426.6989525855151,1281.4695592301364,1288.907366487804,1259.4782068080874,1333.348363268187,1382.4857213031896,1246.170388957802,1314.996539306907,1353.0952556573336,1346.0350436901074,1384.6335509153282,1401.1257213581089,1440.5159312981477,1445.7380424183543,1740.2070827218706,1494.1562131719775,1870.9922361809472,1989.4555968104094,2040.658694382383,2418.6289024193507,2310.017289034564,2080.833115751239,2435.629770637251,2480.2192014136112,1891.2799995095902
47582,646.6647078300649,615.6471672366916,487.169949125783,533.315764815357,487.0044200787147,385.64963388383643,413.2332627681661,392.8115168707803,358.21252429455365,342.4543747555624,590.0060464805412,580.5758681361638,590.0919170513585,608.0816568093729,509.3810369572328,441.0685352640973,393.5716947133599,345.17889477354913,297.77289572184156,352.84261842657196,239.93396645582825,239.07835244362556,197.94119610279387,135.38159427351349,104.19243157726643,150.85708297717508,0.0,91.26919455718279,159.92857433220456,156.6473447358981,176.93318986116054,175.88499487704016,92.52097704602872,108.31668586883872,163.92205013411706,220.12922052690666,248.31905523603155,287.61841721015594,315.9076513750399,372.4185397267545,406.98015347167654,335.271630957779,352.87605111293533,379.2866962641461,401.56330611442166,424.03618217447973,448.7320466832525,556.2831786818962,624.0549290432698,733.887691484279,1417.0746088081005,2152.3068365575505,447.36409982445036,457.56733457927237,508.13890112884957,526.3556077880505,477.3525494651032,378.34387017385194,399.11458811783405,428.7023964366534,444.02460734774235,507.5133874335229,470.3877264519516,483.44777927157355,499.28802871285535,522.2358939927194,527.0141239470253,548.093737926628,595.3822284267095,592.6050642574949,579.3603237331004,576.5219210604663,625.2057312178548,468.01529894793487,562.8284144042269,615.4038019700025,652.7053532956529,638.2312639709679,717.3203547832055,247.2222722337738,220.41677157021655,332.02632489162676,419.9417545438679,419.4025033255522,379.9850621981789,461.2206200412895,530.4669471986016,574.5918975934493,599.5133727510736,577.731265940724,634.3161933670041,649.605612292861,691.1481045181691,657.1407073746602,724.2131513277618,706.0527346938197,754.7997278007905,674.4246303202382,751.1299728471407,797.1311227529959,746.1029384745292,784.4598343427297,843.7710653472529,898.7743627341864,905.1425921523389,709.8662826376752,779.6064888538374,889.002053436967,761.6034011032114,698.0833608710619,762.3312965926864,797.1964233029165,842.5985868534364,804.9348754946122,826.4726534726376,922.2320942510024,987.2323152037023,898.9795750747005,892.2935906069949,1004.7670965332716,1003.9108813923714,970.3693502040777,985.1152772384585,1037.2687967736138,1075.1030405514534,1102.3909200513247,1083.8842402743799,1045.158022538949,1138.3586731048078,1176.6089765646157,1178.7048607736106,1200.7523156725963,1173.7705331574832,1276.013493373754,1130.6250378830532,1138.1645231341524,1108.8491850110315,1182.9636078582141,1231.757970814665,1096.2004550900695,1165.4758933805433,1203.4332350533077,1196.9469971259864,1234.0533237588782,1251.1199726799555,1290.540011180585,1297.1652058977209,1592.3706328725157,1345.5490015701598,1723.110951798576,1841.4703628513817,1892.700233840491,2268.840609995178,2160.756230728653,1931.796057931061,2285.5656060988294,2329.794946958168,1750.6915037169183
47584,637.0492884481484,594.3966340651714,462.2274588774691,520.5994361562724,473.78609202583647,374.04837470614297,394.06338382989844,387.5260988022446,357.63814887826936,353.2119806727792,562.6627476397051,547.3828270419039,544.9199927905339,546.1943524519256,453.18485553962273,397.06320672415393,340.294052126406,326.80966586934983,291.026214312942,305.530216297026,238.08538639382164,256.5578010858022,176.28502843345248,129.36411137792416,148.52887716942766,96.97169442156465,91.26919455718279,0.0,68.71029515466513,84.89151460735839,141.87064416816327,161.42483504185833,143.69411395330178,127.93023951857717,175.44545411611233,223.9820248186594,268.85041254137286,297.15413694285644,306.8212094714078,374.01178433372655,415.0858252721127,359.82597269684214,368.1588672542784,409.9368823842799,424.4593424563422,451.36415796026483,462.5135298857823,573.068576526363,636.8607120057998,741.7153654618583,1404.9933439959275,2092.0079174379266,441.1653786583349,465.0076826462699,511.3264638251071,536.35064078211,492.086856196882,426.0375378533812,438.0326741570114,475.19591091846655,486.7599603458367,549.6654010526876,503.7168897512577,512.6090244405009,528.0903031186647,546.8202901302094,548.8597887150427,579.1046449006146,633.1540226853867,623.9780561251661,602.7328815973649,625.4753293879658,669.1417585539879,522.3280852356152,615.5555603145655,666.370106405223,706.214982585623,688.3161030571952,765.983852072364,314.0059846629268,270.46864752556013,384.2922079110123,482.89554703748917,479.9739289820141,451.2319719373995,525.8339746021231,593.4207880906329,635.4103867525124,655.8894698787099,633.7708809032721,698.8402267467379,708.0948859033897,748.9017465041121,725.2410778120484,788.4768665828353,766.0226520417982,814.4888826131714,729.9721947646105,808.4605789624153,845.7530317050038,815.2872965176099,851.6529423864461,912.855391759675,970.7454097922482,975.9877192043438,788.5972978419154,854.9994353481192,964.7583564264578,836.8819918790053,768.8562730018211,836.5980979316474,857.3068534858751,904.2339652783223,869.4204838399518,892.2605416601715,990.1761684965131,1053.1423697215155,961.96174538173,950.2820146663637,1068.627525622345,1065.4077463254298,1045.8637535539353,1059.3513538974655,1112.1574270755036,1149.4291498081718,1177.324875271265,1156.154617421926,1114.7515915716353,1218.110855436422,1252.8235709695202,1253.7451989154915,1273.8563317865007,1245.7527158838777,1351.6342648861237,1204.514558808377,1209.0778496488972,1178.832471936093,1251.3834149047266,1302.4283468744059,1162.852808451179,1230.438669975002,1268.8370328403098,1260.5347303776737,1303.5669471765148,1317.7574350949292,1357.0242576695148,1359.2351503019156,1652.4214203188515,1407.6724453065083,1783.2033064040388,1901.7589980326666,1952.9049766243224,2334.1327550192077,2224.339068884831,1994.7941987397965,2351.9158020199206,2397.815325617911,1797.791849862276
47585,641.838099496804,590.7913979109939,458.25470773208195,524.9253967376012,478.74971765853195,383.24392701508305,396.69356050575794,400.9419948100353,375.5716995509136,379.1522078181705,554.6951448398887,534.8860778753792,522.2954389595893,508.475262190051,422.2801867991631,378.75575270636074,315.3555044783646,332.8378550011271,307.76086102629813,287.8501828341982,261.99555193852797,291.5276826526707,192.86940388418574,165.4934350303768,205.40071948315233,104.86789054306014,159.92857433220456,68.71029515466513,0.0,68.37761433713163,147.37062863910447,179.58332126708203,200.22010631161226,173.45901204104052,208.72941844270468,246.80783391901466,299.1754844918049,318.52588792352157,314.1893490064313,386.2093460450612,430.61179616338706,388.5328409705531,390.2950836777965,441.15988671483564,450.0809127009554,479.34992808921567,480.8211957479464,591.3907020346171,651.3997249430713,751.4150068150155,1396.2072119102638,2045.4082137593903,445.3826156747151,478.70146468964305,520.8708956565347,550.3933230466985,510.4096993733919,467.9100870642632,474.02955492333075,515.4309938411586,524.3521754093797,585.9434497358808,534.7383269526335,540.6292876865328,555.5991480183944,571.0881438470255,571.1686448405927,607.3736927339656,665.4501041895979,651.9288430847419,625.3204054528117,665.4913276766702,705.3367018462621,566.9765185995597,658.2011128779241,707.3968322359765,748.6796492380289,728.5700757958151,804.7139980601571,369.3768120058923,318.1107565360632,429.8444450170905,533.4964707667509,529.1159405104772,507.2535559213084,577.0569482919391,643.0187789982695,683.2941748444752,700.6548257867709,678.4798319448231,748.8139139474088,753.9373653179124,794.0043358616196,777.4980856489284,837.8467231654946,812.5527222488803,860.5924700143246,773.6756622723389,852.9605104710907,883.9883086756323,867.9350660553347,902.8024895258051,965.134769711325,1024.9103079300219,1029.346109125517,847.8838422094381,911.8243753167512,1021.6099995722432,893.6711745044739,822.753814150679,892.6877347212276,903.5177584332729,951.3300891394547,918.6290808240907,942.2990608692638,1041.451722041458,1102.823119508984,1009.8135543273517,994.6511098077499,1116.8108867493663,1111.9138124624396,1102.389889822155,1114.9556096095284,1168.1470051733131,1204.9590721820584,1233.256238814658,1210.1911187817652,1166.934135483614,1277.511163328516,1309.596219196133,1309.6590476527751,1328.333479879549,1299.4499967517256,1407.8687855162166,1259.6524642249524,1262.052764295533,1231.183121317475,1302.4867796234578,1355.0944544833171,1212.8323178003222,1279.0739130789448,1317.7247735668993,1308.1202435840582,1355.3885276905664,1367.4638903687037,1406.5614191251834,1405.5485512878506,1696.846084061781,1453.9488689096686,1827.5153529643856,1946.1036867445416,1997.1422110876035,2381.9341651425307,2270.913100376782,2041.0862315360298,2400.508596240527,2447.652191977535,1832.4424622693734
47512,706.2789653476608,657.4012391225472,524.7494438084801,589.3341479009812,542.8590811782759,445.5782209531945,461.3126073669199,461.63569697473145,434.10122668310754,433.39074204599024,622.0862931685742,602.8629539738895,590.6271228185964,574.3206227161509,489.90558910310324,447.05533022860976,383.695550406661,396.1018703194099,366.5191515144032,356.0102520190576,316.7465236959649,339.482045923957,250.52823934872902,211.46148119878012,232.50033442485125,163.53699865302548,156.6473447358981,84.89151460735839,68.37761433713163,0.0,79.41734667298212,113.90237835124887,162.54119084149207,125.97967516777703,148.9769327774812,181.08215071868833,235.46986634144463,251.63689576475755,245.82633064699115,317.87296223221296,362.4395328853726,323.31761397828626,323.21495632374086,376.54818919805484,383.6189205977006,413.45642962370584,412.87358491077845,523.3328714302842,583.0557432324678,683.1252816239606,1331.9231337059348,2007.4442870115495,377.3818831569725,410.3760804923448,452.52947376316365,482.05566050085247,442.42700063155536,408.4655245841427,411.2842916933173,454.6782897264416,462.12224220853244,522.8178767676104,469.65108174746194,474.55505784250647,489.3407668138632,503.99904231304396,503.6949483698447,541.214682695259,600.4676684765014,585.5978636671357,557.8266632711188,603.9753792755765,641.8293371483661,508.7327229306125,598.237654781734,646.3159503214606,688.3247690830264,667.002728033394,742.1843726649607,323.2176881028118,265.0664012115509,373.3052056882175,480.2565061541596,474.6031522818075,460.019639152702,524.0980143853394,588.225272229791,626.907805696765,641.9179489560332,619.7823049379408,693.9153393186609,695.7785495442484,735.2201403116582,724.597569169522,782.1646021017733,754.7245841726409,802.3421220874552,714.0228210339677,793.6339624017519,821.0808269943437,815.1425225331562,848.5050710177289,911.7506821337562,973.3038311766247,976.8954455830747,803.1229560157963,863.5368119165207,973.0928419943115,845.3890827597605,771.3676781471148,843.5556854105747,845.2515598201007,893.6103986806686,862.6196515720835,886.9344303567084,986.9841476095044,1046.8728223228677,952.5559493053537,934.9802807425074,1059.643463666277,1053.5156331325782,1053.3149286521177,1064.7702495668836,1118.321231494554,1154.5463963498694,1183.2657469267297,1158.1425881055438,1113.106056877297,1231.9908119036868,1260.5099670971606,1259.5475507000808,1276.6000752299778,1246.9365950041981,1358.020047994092,1208.7231032406503,1208.8613366546583,1177.4275155277453,1247.5019504430177,1301.4964096387869,1156.9825477881488,1222.0608810745398,1260.8702853121777,1250.2806427919802,1300.9957591420803,1311.2203864616024,1350.1435746640489,1346.7149134242661,1636.5921789777833,1395.0525112981443,1767.1311978996218,1885.691647711108,1936.645733947983,2323.687799710147,2211.83418809148,1981.8926619895772,2342.8443947817595,2390.948413825419,1767.4261639511526
47592,777.7002808683361,732.0605230413222,599.439728435145,660.9744135415363,614.2427534037956,515.209348305941,533.6384889519197,529.2621267646883,499.50239997179966,494.1271213029457,698.0821725253867,680.0235974351946,669.5611001639161,653.3572015336814,569.3160105858698,525.1795907317013,462.6237963454399,467.11917978598296,432.8588178738326,433.80559848572017,379.78595624926794,395.3215089719074,317.7362642104706,270.1510812925966,273.08476723640644,234.29452551693865,176.93318986116054,141.87064416816327,147.37062863910447,79.41734667298212,0.0,39.543259706315744,137.20503813516552,93.2727993692374,85.30663681004584,103.81351591663291,160.31523840397898,172.62384002476836,168.19852308527612,239.1384833255081,283.2537106019038,245.66308380760051,244.0039073298273,299.331654318783,304.75604220396326,334.99375138833426,333.50316267589045,444.0285756773273,504.2864707854311,605.5892587533826,1263.1292188782895,1976.1282571457257,301.48434675248023,331.55104399168494,374.7856329801553,403.2709890467146,363.07410666479706,336.9192345166432,335.9097909753243,381.31481346144295,387.10184918469685,446.70127931947775,391.7918237970739,395.89509606733316,410.54116204200193,424.72467638155763,424.29917813411043,462.4535817411112,522.5532953466076,506.70574581662834,478.4250956930091,529.2883971684839,565.1526289596042,437.93337788352176,525.1776361827342,571.9767137513008,614.6338683612238,592.1370623041853,666.287417258601,270.77973813956964,204.99559827723016,305.75021965672096,415.5936956099085,408.4484837297735,403.03974930462863,459.3846164408555,520.9391911984569,557.6401794085087,570.032097758105,548.0084820051547,626.033870253809,624.3540643027848,663.0427730887772,658.8171868803332,713.1498319745101,683.5004360190572,730.57692790001,640.9951640718406,720.7857926064931,744.7620154497774,749.1658227324308,780.803510838326,844.8754308361547,908.1959961034902,910.8740635052027,746.1985488313347,802.3809068467165,911.3441244756756,784.3048970014441,707.0947651432364,781.5293729412906,773.3909863325268,822.2259262038804,793.0658146050109,818.0083984563961,918.8067304607414,977.064129432691,881.5498871208302,861.5883070082778,988.5842328691399,981.239211482454,990.76118510847,1000.9937091037715,1054.825464404818,1090.3592256864938,1119.4794157538147,1092.2200175956707,1045.3912207067374,1172.9240905490835,1197.5624036272181,1195.514940368871,1210.8420605205497,1180.4047451189178,1294.1317244850416,1143.9020689959127,1141.6751536608745,1109.6986644257636,1178.4329031247116,1233.7824637084855,1087.1370415549773,1150.9853817746166,1189.917083492634,1178.3702726379706,1232.4720982184563,1240.828924261491,1279.5479784792421,1273.7834161692592,1562.2208938568979,1322.0339039553946,1692.6045167475093,1811.1099188223493,1861.9778970721627,2250.9551993163823,2138.368919594122,1908.3774255399833,2270.6429962431257,2319.630412887586,1689.1863880240603
47590,798.0343226029454,755.6998534894595,623.3936290313486,681.773469319377,634.9433754503807,534.7889565211063,555.4702172365047,547.172313747798,515.8943964421401,507.2805026107921,723.3208131798285,706.8239094126516,699.6215626538709,687.7540661106575,601.6146551324233,553.7495018889412,492.95508414768875,488.099811954679,450.38840161058147,462.0764552285572,395.4860608332421,406.2185063612611,337.05867040404206,284.87153366204683,277.6586459785302,257.5169861690176,175.88499487704016,161.42483504185833,179.58332126708203,113.90237835124887,39.543259706315744,0.0,116.41495268922411,74.96976042978783,48.173439500281276,67.30314389995534,122.04041684538328,139.22909154704737,146.222507801976,212.65797137988267,254.53939412344715,209.4511333783035,211.05493446345554,262.6488558511374,270.5000882538164,299.8777956644918,303.2519971179165,414.0362223670505,476.39946507409894,580.3815346071036,1247.8905587256259,1985.6915689494283,280.60433942229366,304.0638064945573,349.90710402089115,375.61300575619094,332.9019081999006,297.72405335342955,297.94608693291644,342.57579803763207,348.9904920329992,409.2043900283404,355.7877679809235,361.10360133960563,376.0323277354619,391.71698210869056,392.2260014864291,427.8317715008091,486.5998224929339,472.3565451643622,446.36789162645783,491.08152472863435,528.055363186323,398.6660077353365,486.41102177229936,533.6420139189165,576.0808836487,554.0220792239971,628.7005065884127,233.75949216590035,166.51880993851285,266.207314124985,376.1059306422902,368.91053756217354,364.49993507094706,419.8837652618781,481.4074735712383,518.2248864610106,530.9962119354475,508.9441121698455,586.532783212339,585.241204086089,624.0901887045922,619.2744913095675,673.73392521299,644.3630565076734,691.5488724435614,602.2493938083626,682.006839794036,707.4389569173791,709.6227973572338,741.3051351413866,805.3484565698183,868.6555709113222,871.3326565511535,707.3708521992432,763.0464775430089,871.948026816058,744.9798735616753,667.5810081049846,742.1296110505149,734.3888980389738,783.137548117724,753.7108815834928,778.594969515151,879.3435884353712,937.7543467646689,842.4020751858538,822.9829629528725,949.4555337242584,942.3521971195707,951.30618355899,961.4818185704046,1015.3218617709284,1050.8322362004842,1079.9632690216615,1052.6792834300882,1005.9063009238508,1133.7355863342787,1158.0765441582303,1155.9897038285224,1171.3005477585825,1140.8762493832182,1254.6085058654126,1104.3623326597408,1102.1679413711076,1070.2168756030117,1139.0552112610171,1194.303797537358,1047.8391661944304,1111.8714989986927,1150.7849037786004,1139.4178243824508,1193.0486066441426,1201.6123845550626,1240.363667043792,1235.0813972940246,1523.9923852726747,1283.3582649648408,1654.439830266577,1772.970203034119,1823.873797282329,2212.2333220382475,2099.8499057264357,1869.8682735725747,2231.792696956012,2280.5988003135844,1653.5990692619498
47587,739.0900246568192,707.8901380306417,578.8893267293802,625.8367312119607,579.5175145761739,478.1534447533599,505.4021305956542,485.23894200167547,450.4326456303429,433.356363196979,681.5747511131245,671.135156839912,677.4145309598401,687.4628350395949,591.7935500402166,528.3388971763269,476.9580376169363,437.2604055653474,390.29336588030634,438.47332963442494,332.449685337625,329.8047569834976,288.53087937119545,226.9243278518559,193.25597681918356,230.18281561308936,92.52097704602872,143.69411395330178,200.22010631161226,162.54119084149207,137.20503813516552,116.41495268922411,0.0,43.93232496437606,84.72958207281258,139.0654276072171,158.0042144840196,200.2205133595484,237.10937410117268,286.4422544640145,318.0628307455424,243.1694777727375,262.42923370645633,286.76858746802253,309.4206365699917,331.5423490377212,357.938190260435,464.5508957614139,532.842507069689,643.4744750457755,1331.9073810603745,2100.680533205781,363.69072200936114,368.4033894690402,419.9684258391739,436.0736835630255,386.21960905643425,288.9091830913297,307.3886999080678,339.03454743376597,353.2672078058061,416.7674809732128,378.0786530750694,390.9360565344166,406.77418754796366,429.782864757353,434.73610142937264,455.68614942113965,503.8377284626605,500.25130223556994,486.9304466877761,488.1643835262947,535.1802702493226,381.9167577156,476.1339031256614,527.9776753865301,566.5593631118858,550.4563123813588,629.0738068415487,170.46338099414177,130.7668085740022,244.33333879227519,339.5717744195611,337.1637637729376,308.0449222561717,382.31680306926233,450.2427695504212,492.79706261791875,514.8554405477229,492.8406937630538,555.468915374692,566.3181121342725,607.4455580111858,581.5514754017127,645.2024163129508,623.8081041297039,672.4092951039736,589.3999916756756,667.2326682754677,708.9622765773514,671.5956216588946,708.0258632069756,769.1612928330495,827.2263291993504,832.3519970400379,647.6776172123626,712.3577940728239,822.1538060260881,694.2178025344695,625.2611634444181,693.6154270807332,715.1249920382331,761.6291840234315,726.1459065640645,748.7909390900439,846.5203147586926,909.6997057318877,819.0420760052746,808.9159739106674,925.5524072314272,922.9247385909784,903.1150494977582,916.2300370263816,969.1881011050739,1006.2952539930708,1034.3417385800317,1012.6332893917723,971.0577188095251,1077.315112452393,1110.2220449682964,1110.7647406605806,1130.4367543883384,1102.1826483135292,1208.795325120372,1061.261973476079,1065.4215713698557,1035.1419609124894,1107.723090380593,1158.7540504470962,1019.3354258617896,1087.1892660847711,1125.5179883458907,1117.5759927330878,1159.8738814358853,1174.2644156136241,1213.5561963734438,1216.6887852057546,1510.5729658783177,1265.1232534453109,1641.3656472888683,1759.8740144345754,1811.0562917443444,2190.9492402178807,2081.5238384548206,1852.105111380586,2208.547976216469,2254.2370871124067,1662.4139337528236
47520,748.8803762169292,712.7905578062837,581.9767710227293,634.0156382085867,587.320047218764,486.0647635192544,510.5525960886304,495.57930247021665,462.2343865059897,449.1036954466213,683.8542223079843,670.8867657699852,671.8070431635338,673.6367616040425,581.1148639876059,523.3668170356591,467.9954165720622,442.36772318967786,399.2490370164866,432.20591216717503,342.31108611839096,346.184437296383,291.17560262182667,232.90806097873914,212.47421892495151,222.41353971451588,108.31668586883872,127.93023951857717,173.45901204104052,125.97967516777703,93.2727993692374,74.96976042978783,43.93232496437606,0.0,55.85814359297727,111.86707135374817,145.34271084866572,180.89043804323666,207.85739012673102,264.6259914137713,300.6784632722724,235.49847494383548,248.63679585980682,283.79504717434634,301.28404656803053,326.51128510602706,344.4762067649227,453.6626777902047,520.0203406338953,628.4165860140398,1308.791073541169,2060.6604645022117,339.07032343242406,351.3048548330934,401.04303543508166,421.08179956008286,373.59254055238154,298.3876819447861,310.3420944309401,347.34830348932627,358.8533446988868,421.8281715706597,377.206925202457,387.35423065966904,403.0094660222748,423.4360965499226,426.7244185905545,453.4464481084326,505.9509848507871,498.31175003427217,480.0527654850175,497.67567017355327,541.2634413630473,395.63272528026704,488.2659352708327,538.7414378498489,578.9327791914346,560.5718775089969,638.1011383989425,197.87458379595014,144.9193195836076,257.78822228670344,360.0568820547701,355.8771214992225,335.3523091022258,403.59895967657474,469.75520998143634,510.5230678108379,529.3621600043936,507.2036602880148,575.520836327749,582.0919957769074,622.5782077798424,604.0472141018063,664.7083140772158,640.4070396708541,688.6735945805709,603.0866344969897,681.9146048657295,717.8512160979543,694.4971981963532,729.3837030008227,791.6768663811445,851.6542472757957,855.9557603724932,677.8176171442175,739.6693241352334,849.384230802089,721.5117906572682,649.5005397881607,720.1534182439274,731.5653947651796,778.9935185356129,745.5550782742314,769.0430443822981,868.0350620933018,929.6736388581047,837.1955735689039,823.7422355880858,944.1013782522124,939.8910136689645,929.941138821575,942.09437400385,995.4203743088148,1032.0413591144618,1060.4831373206434,1036.87721169018,993.4760484021364,1107.0389354083534,1137.184513804277,1136.8564487626388,1155.0898943843838,1126.0741758930026,1235.1727432401306,1086.5919007517116,1088.6108082390995,1057.7241223362325,1129.1084532720586,1181.637837365219,1039.6331819706263,1106.2446526690364,1144.8228690473638,1135.6734869305974,1181.9480286677992,1194.3459602663438,1233.4899636390585,1233.6808877419294,1526.0476040047552,1282.107183688689,1656.7994269086944,1775.379565982109,1826.487921723073,2209.508395833355,2099.0122267833217,1869.3040431283823,2227.7938579316406,2274.573102686528,1669.9043262776386
47588,803.7485656109791,766.2324336644872,634.8972032239894,688.5508721863908,641.7945350793616,540.6800957604963,564.326767639222,550.7313546324626,517.6672266405747,504.9295203841173,736.3056022347481,722.2118247915777,720.1687544031937,715.9394695679518,626.2466287796373,572.4985115956564,514.8176711623627,496.2520821196072,454.2311376121163,480.92715387268464,397.5605564599529,402.04138732985683,344.749563804035,287.698660949332,268.1140712764555,272.07748534008715,163.92205013411706,175.44545411611233,208.72941844270468,148.9769327774812,85.30663681004584,48.173439500281276,84.72958207281258,55.85814359297727,0.0,56.302237057065945,93.40936157318858,125.43155998052103,153.56946936441167,208.76785203083418,245.21955471512155,184.38440585299676,194.3866358114965,234.99411386077753,249.17650105226141,275.9328401194441,289.9088910904576,399.69880705559206,465.31740890014623,573.086371254395,1253.176384279287,2017.979596699623,283.5042271309197,295.81780426634344,345.2730274023451,365.9362657643855,319.2143837180591,259.82032482867254,265.6315809146302,306.80367400560107,315.7051392255384,377.61524037064436,328.88180222851815,337.20967085410626,352.66372649415206,371.56321319121633,374.0267992008197,403.76896776890123,458.9428048507581,448.62934843906834,427.7232941897272,456.77079792908194,497.1379731576256,359.8187635475668,449.92594595726393,498.74413055810066,540.258335585474,519.8501038722808,596.0535779343458,185.80224624673414,119.87447695923083,224.4968669081781,332.6226427699713,326.32476809010683,317.8439664041315,376.4928504083645,439.67090284053984,477.9751586635287,493.1459035967702,470.9939317799216,545.250056601822,546.8929299380762,586.483282468857,576.6598501632984,633.2938546961633,605.7989905110313,653.4903901544213,565.5957054517116,645.0895261626052,675.4157286081879,667.1631876419899,699.9358550640143,763.459783410709,825.7649716085249,828.949883433493,661.1576730713147,718.2845988599111,827.4789322703979,700.1791437493425,624.1686025480511,697.7121962569717,696.4090324564127,744.6854309578475,713.6908177701055,738.0953935170836,838.318876911602,897.9332436056158,803.5928239862958,786.6040444871107,910.6789653681757,904.7257476392357,907.2082064479315,917.9456561162215,971.6685405389486,1007.5192791697256,1036.46353458453,1010.2797242204485,964.5864860454719,1088.3691034688636,1114.2093631985565,1112.6248138905153,1128.8292840695522,1098.8410654593474,1211.1932425384666,1061.379956224851,1060.522951121649,1028.9132328377777,1098.6771746107077,1153.0020902942151,1008.0454658600937,1073.0926056192654,1111.8967014513476,1101.3969300190106,1152.2868997619992,1162.2507974999537,1201.16821693736,1198.0668834215476,1488.5688502102332,1246.4273403893833,1619.1874199221277,1737.7685097061544,1788.7742646335487,2174.9204991005176,2063.305074939894,1833.3976085435786,2193.9659106278864,2241.9786016122075,1625.1862416353906
47595,857.2634883664005,817.7636783226977,685.891219606824,741.6211756498782,694.8081192525325,593.9708352554305,616.4726703069508,604.813361023549,572.2423373371798,560.44178456789,786.6123227497453,771.1832925270995,765.77522410303,755.0558818663661,668.6103671591748,619.2802389344793,559.3477500573609,548.6248611514405,508.1267499322813,527.5653617682387,451.91416157801694,457.7831692266107,397.0633432074788,341.5926514874991,324.3150818584369,320.90016111198634,220.12922052690666,223.9820248186594,246.80783391901466,181.08215071868833,103.81351591663291,67.30314389995534,139.0654276072171,111.86707135374817,56.302237057065945,0.0,57.73884879110609,73.22821989504529,98.04422156263338,153.26395919148547,191.6864857602925,142.24914479843187,144.72591600351146,195.6730739242557,203.37728947754655,232.58109901125428,238.53220309379515,349.1314988078774,413.10399558722,519.3623391002612,1196.9455663769186,1970.6522852164903,227.23968738846574,242.02861528694993,290.3787771770269,312.91667555749234,268.11289915740645,235.74185514514969,232.25798505641876,278.5541454880056,283.5192582921381,342.88900434852354,288.57349138296354,293.82773366202986,308.795404828795,324.9534759428748,325.9414030660839,360.5672383948567,419.39048401245896,405.1281862358298,380.02466033766194,425.72387328304075,461.38970461158345,336.8285429737067,422.325802935576,468.5081210841137,511.3953926717987,488.4968093491216,562.4765069559414,197.96731537164686,126.1527020718581,209.25218329405874,320.6902598379816,311.9929468094878,317.6650743755673,363.9421054545642,422.4962866213086,457.33202147946974,467.8025756753072,445.88782614618583,526.6533912684494,522.3337172435854,560.5222194511792,561.1540466010879,612.6655781622278,581.5278754324198,628.2275776875091,538.0437656698,617.8659146287043,640.9616691962046,651.0573538501213,681.2048926860061,745.8188301209343,810.4822274204419,812.3970761039886,656.8899137799958,708.5313459538335,816.6068047350423,690.5907681369016,610.634268828894,686.9171977500058,670.9518870557122,720.0212057259531,692.0685971488921,717.425228159619,818.642954896519,875.7138859008314,779.5240879737032,758.3617482936363,886.4600301918829,878.46944887688,895.1135656852927,904.2526396209029,958.238668219177,993.1330830207686,1022.5515486994994,993.578737820315,945.4332856850947,1080.1287444449097,1101.2469135702158,1098.2879425764327,1112.2114742945398,1081.2064589222066,1196.921253657028,1046.085691082901,1042.020119707385,1009.6735311768867,1077.4330966618554,1133.6763198688986,985.6896749249215,1048.7771005841485,1087.7619261318173,1075.7147806666808,1131.8052774114724,1138.975398543312,1177.5622017592195,1170.647017181106,1458.5919575495893,1218.8553207689263,1588.9359304674128,1707.4265141325538,1758.2765672175835,2147.8052693813365,2034.9671407542833,1804.9704408592427,2167.7056327233145,2217.089091508221,1586.3487106053128
47570,893.5761246506547,858.1295152824914,727.2155000838893,779.0593792197359,732.4152122984175,631.0891641629486,655.8895897963406,639.9633958438145,606.0217695809091,590.6738597438903,828.9331799202047,815.3221172640737,813.5428689885327,807.5196975700214,718.9882859714511,665.9074976927693,608.0259071564421,587.696931982482,543.9563802068164,574.3347424823019,486.6661836342659,487.19015745449906,436.5081412119931,377.9603670161942,351.0102988655753,365.40286557767826,248.31905523603155,268.85041254137286,299.1754844918049,235.46986634144463,160.31523840397898,122.04041684538328,158.0042144840196,145.34271084866572,93.40936157318858,57.73884879110609,0.0,47.96344717407859,106.60356051825235,132.80108151803515,160.341568984308,90.97574484532787,104.58866905588091,142.1835433963964,156.114208395181,182.52473213197106,200.41340290393853,308.6275648674426,375.8049497662714,485.6979833814175,1175.6359432440224,1984.6490655950613,212.13990780090666,210.49731911554468,262.48843365772285,278.20190560209767,229.1169396477598,178.0087744489616,175.91537403157744,221.1199579693963,226.95503468300873,287.34938506740787,236.01464567487545,243.8173417981819,259.25659697355263,278.44396805523075,281.4140905963661,310.4155095376823,366.4829204754714,355.2634080505288,334.8602483780618,369.07696723472486,406.4532833102522,279.0900358935099,364.9654763110028,411.6991213209875,454.3202381124078,431.99486887798747,506.74530414422725,158.6123532540273,89.35903758423508,153.12699840018507,264.64620409071955,255.36673035278,266.3929325578363,307.55006632664197,365.1015391997428,399.622693077287,410.2037312893789,388.2596787592508,469.0392176096626,464.6922578000265,503.0241642018482,503.85877887088185,554.9347762404956,523.8818777895082,570.6772671855866,480.75176219118134,560.5593162204998,585.6122091112192,593.6327399988903,623.539131772601,688.2141951171155,753.09831010302,754.8726247924691,602.2643026917101,652.2173146313187,759.9608503027946,634.3338737086524,553.6141350189084,630.3803872946794,613.4330376947578,662.4360577320398,634.3319200177381,659.6888681911804,760.9213726698113,817.9988751755644,721.9001940310429,701.2788006500098,828.8623569801128,821.0935178749849,838.1885212820209,847.0576620066922,901.0675308041007,935.8161836321559,965.2929527606037,936.0089135064918,887.7207745428303,1023.9573842359085,1044.1120832970628,1040.9563842807977,1054.6345727663727,1023.5582864349984,1139.581876185119,988.6471182911764,984.327853682324,951.9551264839092,1019.7005009941072,1075.9513108758647,927.9856933154904,991.2053075586498,1030.177714499152,1018.2928320345642,1074.0664465635523,1081.329475795435,1119.9420668183227,1113.4958945968845,1402.0118969390408,1161.736771763994,1532.4374150697752,1650.9609377173454,1701.8556777969854,2090.6691236610204,1978.05602193791,1748.0653622351467,2110.4327614999374,2159.635990279181,1533.328783805296
47597,929.1010259755102,890.597772216048,758.8581324316422,813.7556614145067,766.9729426556311,665.949327607514,689.0614883593117,676.1602976127626,643.061630813247,629.7343340386963,859.7219340509797,844.4073556402773,838.6963062915406,825.9191405141389,740.7470005273254,692.407880100807,632.1238390252158,621.1038167250724,579.6380806882399,600.6956830965137,522.9899500731523,526.5666190430064,469.5267123698933,413.0850313156985,391.43304382743366,394.09577682515607,287.61841721015594,297.15413694285644,318.52588792352157,251.63689576475755,172.62384002476836,139.22909154704737,200.2205133595484,180.89043804323666,125.43155998052103,73.22821989504529,47.96344717407859,0.0,64.46542855941132,86.53632429960504,119.80426250712007,77.14494488396684,71.82623178501711,130.81592012605586,132.1552622898859,162.82505786884101,165.39543557719966,275.9207700453888,340.32693116471245,447.6548196559464,1131.7016733332548,1937.7585285130508,165.22259445417305,170.42174434375764,220.5221461680133,240.5785852895366,194.9415110556879,187.356283166743,172.6754926016707,223.13338121897706,223.54764788440767,279.1804145270826,220.56925577077652,223.40384553564857,237.94800728646547,252.56534943584674,253.02627079504467,289.87074909776334,350.9041872172063,334.08232060831733,307.15794557148655,364.5073716261445,395.65667609362606,285.66635355933425,364.5591819179927,407.6470335302685,451.4793736971602,426.4285792107007,498.0076278632093,200.5708024676034,134.67901527172032,174.54097693780244,283.2828649411812,271.9698451810782,295.21556151623724,324.3071227449282,376.0397089145786,406.43029688330716,411.78826996483303,390.3843679013337,477.0999227258421,466.5605478696402,503.0361383316009,514.60997163266,560.1714536686623,525.5587625133383,570.9748826682492,479.17880105132446,558.7960398927866,575.465034598423,603.0562633637571,630.2112555157472,695.5854914556925,762.4006232017255,762.9685520820931,622.2554158725521,667.1175850325053,773.2714288116836,649.4984189939744,565.7870542507236,644.4911644070125,613.277715353443,662.8719916725817,638.0483260759337,664.2283002515596,765.9771810250066,820.3230519477866,722.696033060959,697.7423606410865,829.1283900720805,819.2769508081485,850.0683609074215,857.4506506715107,911.5138053291155,945.278671795206,975.1037758809475,943.3202089601206,892.8390086906563,1038.6369491847483,1054.5758016521288,1050.1803194306967,1061.719771845059,1029.7613908667165,1148.6452641760668,997.1240293942079,989.8029778908193,956.8076912800553,1022.4443706180401,1080.4306150509067,929.8518195752996,990.9582268692957,1030.0323751257476,1016.6013751359563,1077.4371596636354,1081.945206100533,1120.1598427537797,1109.852544148584,1395.3714662228394,1157.865666277634,1525.4062964817213,1643.7562360532315,1694.4579552669438,2086.530312168676,1972.7369474774798,1742.7785734791555,2107.1370013302057,2157.668657216736,1516.8459263398847
47598,943.8533803081333,899.9122476207167,767.3541628161121,827.4171827115847,780.6063928105209,680.7319970040091,700.6507400195493,693.3672424427434,662.0982745019595,652.8822515892516,866.2539375836863,848.1484677526763,836.1628600063245,813.4143520332129,733.6062473482457,692.8478997498722,629.3079908686659,633.5996697688107,596.5922829043994,601.6663010926342,541.6724521791566,551.1606110481173,482.93956263712636,431.03857711390356,419.76023719239174,401.6709299886058,315.9076513750399,306.8212094714078,314.1893490064313,245.82633064699115,168.19852308527612,146.222507801976,237.10937410117268,207.85739012673102,153.56946936441167,98.04422156263338,106.60356051825235,64.46542855941132,0.0,74.07629202318859,120.96870465866581,127.00878667360861,102.30143737560769,175.0736276265827,162.36793743108348,195.1714817230142,173.2562961228392,281.16601130373897,337.90630468095844,437.4693561060586,1102.4838000611733,1879.615009729107,134.4255274339413,165.8609795454808,206.73898139503683,237.1259203278394,201.8513738001011,243.48860050891113,220.74979967179556,273.2324709491753,269.19592650773984,318.47370441032524,254.1526900507508,250.66968848420274,263.2709908338689,270.55181144881846,266.96458672546424,314.1319395788404,379.952793818768,356.1397388295552,320.11651954757275,405.5497866875447,429.5375430599292,337.68943507876435,409.5591663062981,448.5528391728007,493.05223772919123,465.54376250242365,532.864243140268,263.9668117035525,195.93150790391311,236.50269556452764,342.745555151339,330.5108717387219,358.56514851128424,382.3987152223642,429.99990087831304,457.0331558632699,457.9586089272501,437.283899974422,528.1030469657112,512.4268159520271,546.870984385277,567.4401927581958,608.3172861420356,570.7682964575366,614.5759074015492,521.7091104976979,600.4766657950705,607.989228188017,654.4346004138148,679.2210902647828,744.9203544337166,813.1183389618675,812.6887297596959,680.8355211226177,722.3322611006583,827.074755820968,704.9458959886176,619.4155563014577,699.2203800632911,656.1798317763709,706.0782300085425,684.4404626930015,711.2366947053754,813.0577225597241,864.7099239683814,765.9758284313458,736.7761782052371,871.4929197403956,859.5779692738205,902.6189463784796,908.8120779423705,962.8059021663956,995.7008840884508,1025.7589639266876,991.9213778436372,939.6113109847527,1092.994115915485,1105.6375737341932,1100.2214113012608,1109.9021170155368,1077.2170262552804,1198.4072716176945,1046.6229661202774,1036.680565746263,1003.188641402145,1066.7117039168559,1126.223103375124,973.4878860883082,1032.354690012494,1071.4414721694475,1056.4579594116567,1122.1941605491222,1124.0100384356026,1161.751480680386,1147.4352744563603,1429.1242913707104,1195.1049748150137,1558.537005738813,1676.5508045977858,1726.975382630512,2122.44516997226,2007.404820429354,1777.6705583449248,2143.970310934187,2195.9143697909744,1538.1794660839366
47629,1009.7600403857023,968.3558339886256,836.0445476779704,893.8022355988674,846.9686051084601,746.4164880627245,767.9207171067801,757.764465189353,725.4146594999073,713.6191917385371,935.7996378190307,918.6853652962609,908.4985875534205,887.3202684559988,806.8232359218517,764.2991013639161,701.5626298316986,700.3652830672264,661.0142205423736,672.8662776765129,605.0345495200613,610.8063311098688,549.0076806026143,494.5850154199009,476.5222837098851,470.1397088869572,372.4185397267545,374.01178433372655,386.2093460450612,317.87296223221296,239.1384833255081,212.65797137988267,286.4422544640145,264.6259914137713,208.76785203083418,153.26395919148547,132.80108151803515,86.53632429960504,74.07629202318859,0.0,47.24476417778839,95.08916528924648,56.686005926764786,125.93853413139854,100.72566522786418,132.35213875097114,99.62005383555694,207.1383242771986,265.19196287555246,367.723887058924,1045.5347789366924,1864.3609117592673,79.49734286138394,92.51402695892665,137.4828300852912,164.18413118828556,127.87175893342594,205.68893104496578,171.97676454011196,224.20002484922395,214.82738485511038,256.42297517297675,189.46660118576608,182.15442091842917,193.5025266263974,197.97141815798543,193.50788140946744,243.17848982587807,310.43049629794604,284.07395196323995,246.3081317479507,343.4823458626082,362.15087965278735,289.1539499487036,351.0707370334567,385.88283039464824,430.5246412437668,401.32145054590626,465.37680977241496,269.2111418949528,211.7652344781482,213.6682146888161,308.0154448638622,293.9359376864676,336.957218574866,343.4707999191024,382.4974812432898,404.2998030557884,400.0462985950598,380.399503154697,475.1093868997149,453.65874812791645,485.88999380982193,516.623185318437,551.2484536436397,510.9074173978127,552.9718116770897,459.7617996419532,537.3316076723983,538.9319639243369,600.9937724079952,622.7261277790429,688.4977497272289,758.0967477065946,756.4573154439237,639.4792771671603,674.2172438220593,776.2424545755256,657.3195089275428,569.3873078190217,650.4260152478313,593.7700862985661,643.7184130566709,625.1100693241787,652.412343547319,753.9269382559077,802.872121116035,703.4674320398825,671.1308193632836,807.945858856685,794.5034554554975,849.7146539674142,854.2982843238213,908.0562282881557,939.787176983226,970.0618154643604,933.9190707487943,879.8223437060196,1042.259319560411,1050.282047056662,1043.6349008213901,1051.218853814318,1017.8348362058573,1141.329024655998,989.5099126745504,976.7914861719669,942.8784224586316,1004.3565377930388,1065.1388219078588,910.7615556873237,967.7571781800164,1006.7948422104091,990.7280977872582,1060.1789353242584,1059.7836185888104,1097.1206406526253,1080.1395842543518,1359.5750819844313,1127.558647344141,1488.6402222190877,1606.4589877014198,1656.746345518155,2053.7054550084995,1938.0706616089299,1708.51854342774,2075.715053059003,2128.4505601434557,1464.7512719553224
47646,1048.7382385447124,1009.3064687145379,877.2855064102876,933.2389993347317,886.4355964023599,785.5124871262822,808.149524222329,795.9221119785595,762.8658211105719,749.3159167347112,977.6487185609076,961.361281188804,952.7851017046349,933.4700543657917,852.049063680735,807.8410953406847,745.8585253710975,740.3112653625369,699.3605364788458,716.2565456307877,642.7785614413622,646.0425398354064,588.7474455074931,532.7933533133763,510.4774294907628,511.74769459956207,406.98015347167654,415.0858252721127,430.61179616338706,362.4395328853726,283.2537106019038,254.53939412344715,318.0628307455424,300.6784632722724,245.21955471512155,191.6864857602925,160.341568984308,119.80426250712007,120.96870465866581,47.24476417778839,0.0,94.20415341579401,59.31200507574969,103.07782265542507,67.73086932053313,94.86804204592865,52.38217977762564,161.0914177994137,221.87323022711786,327.8955283010812,1015.7934704637569,1863.419960784312,74.80902389721318,50.631383797542135,102.21941653022476,121.28286652880747,80.94416573658522,185.73093083165898,145.12558321444993,194.61510155267473,181.30086795774665,216.04700246007724,148.1207221657724,137.81788472708834,148.12387037665397,150.92226410092601,146.26366844125738,196.83741802748457,264.7154972869367,237.1447475895078,199.16620057383398,302.3005192406428,317.52684675602035,258.20609988722964,312.23827115048186,344.0751223073992,388.61949916484156,358.47797808528185,420.47776418900753,275.76721434034715,227.41491585862954,204.34708866269884,286.5649069148797,271.53118460058084,323.86736158007244,318.3336777430617,350.8661087085406,368.91064572501807,361.24547157479464,342.41719485293544,439.0642704004672,414.01698781512414,444.74286369033035,481.75475207175356,512.2900691072426,470.364701599199,511.262924886207,418.10996689179103,494.7530691432614,493.14375887138385,564.1131274563894,583.9064683713575,649.564584935792,719.8576310053787,717.504567078179,610.0533290312756,640.4011472066318,740.4814798026424,623.865976214809,534.76906364809,616.2671362914297,551.504876251656,601.3961810085123,584.5841117815884,612.1280131652752,713.2862501283781,760.6395290987781,660.9763781610937,626.9638683415982,764.774989481226,750.5327781487453,812.5700097697446,816.1957565736925,869.7394250931455,900.7567395323009,931.1219781601792,893.701394836173,838.6525291533712,1006.1227484965236,1011.4564342814043,1004.1146849540423,1010.5150447475203,976.7689438667859,1101.4536231633094,949.7412767080306,935.4776238307328,901.3597724200617,961.6816443523867,1023.1089327501049,867.9506538671027,923.927082312456,962.9203038297569,946.3140186914858,1017.6523257566496,1016.0997637892365,1053.2150847032267,1034.9384915535572,1313.346195817227,1082.2295023369054,1442.265140003589,1560.0030559176785,1610.237254098443,2007.7546483817355,1891.8873443673522,1662.4209178053259,2029.9639013769572,2083.035487917141,1417.5169895413983
47690,981.820084936367,947.9907945254819,817.4284247322985,867.9019619282986,821.3739146234308,719.9787207468405,745.5859379002147,727.9958594122543,693.476441960484,676.2942044611135,919.3526814971735,906.0982353095708,904.4783333929175,896.989872936914,809.409902861865,756.8829095402006,698.8297049064272,677.354178516866,632.4768360080044,665.3056009494943,574.8774714341095,572.7563029018229,526.5019313066673,467.1508122430859,436.01222407775253,456.3434180091023,335.271630957779,359.82597269684214,388.5328409705531,323.31761397828626,245.66308380760051,209.4511333783035,243.1694777727375,235.49847494383548,184.38440585299676,142.24914479843187,90.97574484532787,77.14494488396684,127.00878667360861,95.08916528924648,94.20415341579401,0.0,39.06766021796497,54.016004375810084,66.29441019316245,91.56179071858462,118.8799993896466,221.62972995226158,290.78135673823607,402.95401106538134,1102.14850526373,1955.330308938664,164.82606283297955,137.50502793021576,191.13018420873934,197.53362426299458,145.19435222843194,116.95253104812315,95.91224517267595,147.361737892007,146.4923204096511,202.4083639097904,146.33694502810337,152.89834233405776,168.29376433556345,187.96188197157443,191.8486960757195,219.56980519060727,277.15140228042463,264.3843456303934,244.73417437848823,287.397540269562,319.81139398256414,211.15848710233817,287.5939157356907,330.5268044943136,374.33485500307,349.4383087254236,421.6651075753054,181.5694323373526,136.4871800304249,118.7029291761771,217.87034427464138,204.8642222288684,242.27478388187842,256.2286320583408,303.0841434521757,331.2607878417272,335.0675476803776,313.8102759763977,402.2045605247547,389.8204330014015,426.01055700547437,440.86084574844506,484.10188470709375,448.73149928388165,493.9480070025976,402.0531039121186,481.65500213501065,499.59259371452305,528.4430965016953,554.4934565093556,620.0270456238617,687.4985236279102,687.5981069185216,554.5147523797679,595.3396314624833,700.3111304747366,577.9410479241251,492.64266161783775,572.2703839885712,536.2002287387265,585.8296958145471,561.5164917508587,587.8652739479029,689.6707209070602,743.4564122408617,645.6723153801659,620.6546404105218,752.043764250714,742.1332681752914,776.2404140112258,782.9144666796267,836.9521269513551,870.2791351426833,900.2243164500461,867.5516518725146,816.4826876745993,966.1453445843738,979.918434804186,975.0231667567541,985.8264048092041,953.6276821297159,1073.3800544382004,921.7196989977606,913.4953720806323,880.3645305129138,945.5922235356455,1003.8706457394163,852.9004800781851,913.8339088858484,952.910264441456,939.4594765135968,1000.6721442105079,1004.8606690488072,1043.049927640027,1032.816856385454,1318.8015167523206,1080.8550199774766,1448.9307654769639,1567.3288493452953,1618.0788215789628,2009.5926623140988,1895.961805130536,1665.9877808411272,2030.1106815079686,2080.5528193783794,1444.1527876050372
47615,997.4909522233064,960.6082308961271,829.1718265148229,882.6316617478211,835.9176660212629,734.6917444121001,758.7024244857839,744.0536089643064,710.3347264843292,695.2598509607965,930.3651840269988,915.5400204476994,910.449192830239,897.3541279878744,812.5446155864128,763.9987228652716,703.9209237389955,690.6071947730983,647.8457470780473,672.2837707934743,590.7468528810118,591.7788050053385,539.1305221650196,481.5428459539474,455.5617584375547,465.1299177054196,352.87605111293533,368.1588672542784,390.2950836777965,323.21495632374086,244.0039073298273,211.05493446345554,262.42923370645633,248.63679585980682,194.3866358114965,144.72591600351146,104.58866905588091,71.82623178501711,102.30143737560769,56.686005926764786,59.31200507574969,39.06766021796497,0.0,74.01068261985995,62.24561729247052,94.51980385389794,95.93705290955627,205.31893301550363,271.47444078506555,381.11641437081926,1074.059152819144,1916.688677607408,126.4431901655457,107.36226226398294,160.53910218289906,173.64967082334897,124.95600010276344,150.19270835139542,120.43249892003435,173.22062545260158,167.36153222443187,216.45849421818517,153.5120782666297,153.370149117618,167.38906886458494,180.80961856579978,181.24401597865537,219.26348562199874,282.1533470293634,263.0916224898592,235.35879556770902,303.39932979880484,329.43501515946576,238.22914390081584,307.32144826207826,346.4576845284577,390.90049085496554,363.7947653562735,432.53809912949134,218.70137052894088,168.14445845105843,157.11970859610258,252.36124974207456,238.62014167187647,280.2839588730661,288.92504933715793,331.34006745384977,356.1596835392248,355.81305950714096,335.27832531393426,427.2400212898307,410.2115411764993,444.57386217078204,467.46786614612057,506.4003601097981,468.48742458002096,512.2943726230246,419.4737601418197,498.3642692311165,508.77518626060254,553.5380956032312,577.4616295891087,643.2067183582818,711.8061654379097,711.0471608728609,586.2076528029148,623.7756986769159,727.3097195114742,606.625132420075,519.8468242280684,600.306658378757,553.9513295308315,603.8351543981087,582.2186599861168,609.0758694040132,710.8804940505624,762.4188075362724,663.7366818940086,635.2516967457213,769.3661619610867,757.8024574804203,802.0534765253485,807.6925044091313,861.6299089546723,894.1960281173629,924.3207520145573,889.9437026956148,837.3822270833874,993.3839809936816,1004.3154060039392,998.5660504529071,1007.8270917553416,975.043495046113,1096.6516182957228,944.8344685459347,934.450817966569,900.9239069665083,964.4354965711074,1023.9273871781257,871.245086362724,930.4049675289884,969.4961211381363,954.8342671544231,1019.9007552247797,1021.9640439525136,1059.7874818775174,1046.4758655009919,1329.7175209487884,1094.270349046167,1459.4392816515417,1577.630609922913,1628.1962180419544,2022.21646427689,1907.6743036440328,1677.8211252490914,2043.3996583609298,2094.872224628964,1446.418802997681
47624,1025.5830663288805,994.249640606365,864.4592075175045,912.5980156980186,866.2852862995261,764.9159273705874,791.7238856566873,771.7862569469809,736.6261412074531,717.4702358303438,966.7769072646054,954.5503588044272,954.8559012125493,949.6026906834085,861.1026288358829,806.8010556188168,749.7892755984169,723.5076558490983,677.0588110583268,715.3993474792662,619.19299693415,614.1797394034495,573.4585650523488,513.0190282446802,477.51739252663344,505.8853398139221,379.2866962641461,409.9368823842799,441.15988671483564,376.54818919805484,299.331654318783,262.6488558511374,286.76858746802253,283.79504717434634,234.99411386077753,195.6730739242557,142.1835433963964,130.81592012605586,175.0736276265827,125.93853413139854,103.07782265542507,54.016004375810084,74.01068261985995,0.0,40.333866833634616,46.16140194015644,101.39706619822407,186.22191757383078,257.1476644788956,370.93611098413015,1076.8613444013183,1961.4913644185658,177.6768964054658,129.56517797860687,179.5060445348023,173.65697958864368,119.96732602911054,82.66493501440726,46.49550928122119,99.25609169159219,94.28462918536492,148.42970035800937,93.89202435866096,104.19139658969402,120.01634032637554,144.14236771029002,151.25211237035109,169.70646781403335,224.3221531118335,214.54675681298215,201.30850203321677,233.80857568478967,265.9018771198941,164.31210026048714,235.23745176468591,276.96929716834524,320.9692682105095,295.61372144178154,367.6519209952958,194.56103301093458,167.53785553617928,106.47748881080814,184.07624021961087,169.37439597311518,221.57590855369244,217.86632549662744,257.533213383143,282.26871850369207,283.2694546099475,262.38076822410596,353.3574151157629,337.89793754428433,373.3235250050951,393.45806332851606,433.30129405109693,396.554586593527,441.22327242019486,348.95428805275037,428.39836991677623,445.64607099307295,479.6801172453682,504.151487847697,569.8468743553475,638.1410797292974,637.6184790608764,513.582764056212,549.87933527582,653.2992326992342,532.7758454268685,445.84330548664434,526.3588334614736,483.28798286971295,533.0252385329311,509.8537003215324,536.4797334389716,638.3173527547549,691.0614465825341,592.909665197717,566.9741417634023,699.0621708071919,688.6982609399689,728.1236222836988,733.935147819353,787.9002168369586,820.6599428360887,850.7392732882465,816.9162080463518,764.9951816493605,919.3733324097489,930.6650138473874,925.1519816014992,934.9733143452509,902.4386259009677,1023.3340157498234,871.5526143068207,862.0542433299212,828.7165319848382,893.1892210226392,951.9999592407517,800.2901566481145,860.6592169554551,899.7453096785283,885.9892654160146,948.4346070833665,951.8544807952438,989.9395540579226,979.0430645718019,1264.7988626815736,1027.0507284117589,1394.918924407937,1513.3144908267075,1564.0630947380666,1955.7233091775258,1842.008585503495,1612.0398706917824,1976.3237673856356,2026.931597726787,1391.2838266179924
47626,1048.1104150471424,1013.9959847644126,883.2557120110667,934.1465039118776,887.6017222456294,786.2117436104336,811.6432233369973,794.288848647467,759.7642046637187,742.4155802113067,985.0362333313432,971.3620868252086,968.4660311237645,957.9394603030139,871.984616580145,821.3060903872104,762.3587062173932,743.4201480467002,698.7442227430087,729.6422960999142,641.1615350406,638.8928756344792,592.4281372130375,533.3132127917459,502.124530951698,521.2303226277339,401.56330611442166,424.4593424563422,450.0809127009554,383.6189205977006,304.75604220396326,270.5000882538164,309.4206365699917,301.28404656803053,249.17650105226141,203.37728947754655,156.114208395181,132.1552622898859,162.36793743108348,100.72566522786418,67.73086932053313,66.29441019316245,62.24561729247052,40.333866833634616,0.0,32.80597415925289,61.540265644240755,155.8670681930426,225.72285472258088,338.7004779816168,1041.6367663729436,1921.3362261186999,140.59152752962282,89.24630199704482,139.46461948012453,136.59194027526084,82.84016227161682,120.60913164743462,77.71040627300717,126.96225390872374,114.8498741766724,156.80552815401214,91.82287119105104,91.36954026740814,105.79274547600745,122.3867122558647,125.6053917071121,157.71637634813004,219.9125096876468,201.98052641692666,178.77204932803534,244.04089086588345,267.56081059725415,190.93828579695617,250.4906605820748,286.8239894800505,331.4301814995153,303.32737008759386,370.7919355123702,232.04570288286655,198.11009159179287,146.77676138597226,219.79329624388598,204.53185395831593,260.8578778928393,250.69826733921855,283.9334703401729,303.92734579459267,299.42472562735776,279.6853361964432,374.6002557155777,353.2121523932964,386.11753262635756,416.48894998876256,450.5996301555705,410.7709395548793,453.5086696256175,360.3913400452323,438.67441268627374,446.68567466526576,500.3565905940168,522.0456275972489,587.8230315894051,657.3715182567788,655.7781714854005,542.6729621550942,574.5897956676577,675.8883512723505,557.8642375090471,469.3719789287029,550.6335004535783,494.72390267106863,544.6697343052937,524.8897646503428,552.0809390261899,653.7032161308016,703.6238333572427,604.521145647291,574.4238862948338,709.6388348870773,697.3092489772047,749.0666278162206,753.5736157786856,807.3308821277961,839.1044700959889,869.3680270057978,833.4929713340241,779.8150435992869,941.8332334192426,949.5755652364694,943.0193176127567,950.9528340468206,917.7393829885588,1040.7825823814578,888.951421999187,876.8363981141575,843.053107841681,905.4092731938405,965.6247869165101,811.9919033253626,870.2083178209394,909.2876891487765,894.1185263444194,961.0734089195248,961.9756079937888,999.6110048710996,985.1418874426985,1267.7290395484565,1032.8550771871162,1397.3847608938706,1515.544730508381,1566.0871711190475,1960.5085824062915,1845.7871974070429,1615.967811741839,1981.8500136225682,2033.609000043586,1384.782199787125
47641,1070.606031563597,1038.308138842192,908.1142985762907,957.2949773086281,910.8962434611192,809.4999875879585,835.8120981777041,816.7644291243703,781.7853668074451,763.084549753998,1010.224476598676,997.3484517201355,996.0392648951945,987.6285706008873,900.705810072543,848.4264231048594,790.3455591339743,767.5762461587817,721.7534255070391,756.8594376491045,663.9641104927196,659.7213153322883,617.0969337752375,557.1541798271057,522.9924535458226,547.8151944700753,424.03618217447973,451.36415796026483,479.34992808921567,413.45642962370584,334.99375138833426,299.8777956644918,331.5423490377212,326.51128510602706,275.9328401194441,232.58109901125428,182.52473213197106,162.82505786884101,195.1714817230142,132.35213875097114,94.86804204592865,91.56179071858462,94.51980385389794,46.16140194015644,32.80597415925289,0.0,70.31319215716607,140.52026656477398,211.5365551158269,325.40969110786324,1032.40875704565,1931.6838088925463,163.11782131806768,102.44117351570267,145.83618633053692,132.60479212853974,80.55522091763041,108.70284504870172,61.35394984357746,103.0819237023761,87.0056100427738,124.29318915566257,59.07911778698306,61.38645660996922,76.73274780019123,98.40016258693093,105.09230464101128,128.13292052343982,188.1783718419387,172.8845509954009,155.61693943811758,211.50460739308554,234.94654152876197,164.59719290388682,218.81480630059448,254.19454056389998,298.81953606578656,270.55108293112147,338.1179831912279,238.4216417371181,213.69271962855953,144.46537881839242,201.45089495374322,185.67697247524995,249.01813303204815,228.57968439523566,256.55132616030403,274.0934200079174,267.8235677924536,248.444036544715,344.39125395382797,321.31563513163377,353.73975534882067,386.9119992227337,419.03693080962205,378.5964692378823,421.02037831885474,327.86074154901297,405.9944749709366,414.2615882856624,469.73713041231673,490.5682025071786,556.3197421219116,626.168661405911,624.2838017674052,516.1982614033517,545.5343021371812,645.8162106329437,529.0132056911286,439.91542876073095,521.4005567397218,462.1256092130494,512.0766188598371,492.78021861299146,520.0630883025435,621.5993028480117,671.0907754032021,571.9101827179471,541.6180100367903,676.9290688618821,664.5144256729586,718.3502549141105,722.4427312575812,776.1179195086627,807.6116539560205,837.9142064959979,801.5674639269861,747.5766483512976,911.5809005726843,918.175186997169,911.355794642818,918.8846440971773,885.5546376912646,1009.0025477411023,857.1910753826708,844.5726611070883,810.7262761136196,872.8128649603409,933.1810935067142,779.357200637441,837.4346362112609,876.5122723364624,861.3133893121304,928.5142066277726,929.2226945896194,966.8373923685763,952.3718458289217,1235.2051443061264,1000.0990930663179,1364.9194777978469,1483.1129006841786,1533.6832890810283,1927.834908637902,1813.1961095266358,1583.3576538746688,1949.1273795858192,2000.8326297579874,1354.1955733581813
47662,1093.356130263117,1055.884575066347,924.2255112106451,978.3910010834941,931.6556569348741,830.4742494229806,854.1746083624571,839.9670162833497,806.2717790502899,791.0430474700187,1025.1152158710604,1009.6308027829422,1002.5870150063115,984.9894422597134,902.7480068357385,857.0009945862532,795.7437314195556,786.1365941735805,743.7192093828331,765.3275017600113,686.6630345264471,687.5337130437396,634.596692519661,577.3548419563094,551.1748491379302,559.4273624818509,448.7320466832525,462.5135298857823,480.8211957479464,412.87358491077845,333.50316267589045,303.2519971179165,357.938190260435,344.4762067649227,289.9088910904576,238.53220309379515,200.41340290393853,165.39543557719966,173.2562961228392,99.62005383555694,52.38217977762564,118.8799993896466,95.93705290955627,101.39706619822407,61.540265644240755,70.31319215716607,0.0,110.7842867938651,175.55565112589517,285.59058738387785,983.4114418792154,1862.5028610102947,99.15616469856413,32.54161678798085,78.13027681996664,78.78489149053497,29.650112913423655,177.44876769596212,130.99291269433877,172.50496671326346,153.9744244438368,176.20958927423135,109.0212700065046,92.85330548794848,100.45488402039668,99.19262002936303,93.8947027878902,146.5130592667371,215.23641440033649,185.51757368425126,146.8722496385381,259.83383053272695,269.62324354759147,231.55643893708182,273.17227490431924,300.3263029460885,344.46903387812614,313.1059984924859,371.84861367922974,293.06332516028016,255.0691599342435,207.74354295902484,271.7514430725486,255.9562461436899,318.2718592736631,297.99444096323134,321.3716325398851,334.0816696632923,321.7254126157223,304.24239447806656,402.7345358225411,372.93583357308825,401.41024807022825,446.7035978419469,471.6672611322888,427.7634737660824,466.9259128509273,374.182518330347,449.26356120679293,443.10298459573363,526.0266468298322,543.2191373294195,608.5526862356193,679.5814457402076,676.3215759624721,581.2246101437033,605.9524945509556,703.2930790526751,589.9367244695751,499.74702135186095,581.4747398717278,506.30962013922715,556.0251973311869,541.6445763595746,569.441253401696,669.9381849217222,715.1628789732259,615.2851847745522,579.0662403770536,718.0696368498244,702.7857159917455,773.5003206841569,775.9179709759536,829.1135247584953,859.197773270535,889.6412360314522,850.6583946886248,794.4599926120377,968.0191304599552,970.0346718775484,961.8374397342437,966.7558789856896,932.5818029943239,1058.657652911853,907.2052465273705,891.0111110113895,856.6626476108548,915.4691106929616,977.6757312035542,821.6278418620976,876.2539979628124,915.1705683439444,897.8735542913662,971.5948493103399,968.5705922055494,1005.3869746055071,985.4438707555657,1262.4609285539616,1032.5565083375552,1391.1771673889448,1508.8016711720234,1558.9630860528202,1957.188352754119,1841.027847541286,1611.683365565869,1979.6500709450142,2033.1418786470238,1365.134934896158
47675,1202.1971653741487,1165.9267549162978,1034.4637958103763,1087.6380714879253,1040.965759030743,939.6718439552747,963.9863325687431,948.5395502360423,914.4045492951944,897.8463358464707,1135.5493033467362,1120.3065236530829,1113.3097035111823,1094.4150491146656,1013.0838217428939,967.7852786408608,906.4409042509485,895.8687568434877,852.5837972114813,876.1112992382288,795.2600864996465,794.2973845018104,744.4260100527737,686.5150685253243,657.5898419117206,670.0160998597547,556.2831786818962,573.068576526363,591.3907020346171,523.3328714302842,444.0285756773273,414.0362223670505,464.5508957614139,453.6626777902047,399.69880705559206,349.1314988078774,308.6275648674426,275.9207700453888,281.16601130373897,207.1383242771986,161.0914177994137,221.62972995226158,205.31893301550363,186.22191757383078,155.8670681930426,140.52026656477398,110.7842867938651,0.0,71.02896953497495,184.9159049013505,892.9816057392292,1827.817930387298,174.7837877016071,116.39303543911902,97.4250449888499,53.01894501981853,81.13431435141851,237.53246589328427,191.9000621593831,208.72534195307452,183.55672865270847,164.42616182890472,125.77929147862251,99.90003406780355,89.25694692729186,56.849502688177765,41.16479309044786,90.99729780482429,150.2433644183544,106.38986661630366,50.21039988026736,223.30720351016396,207.82061632833694,246.8399969378161,247.44539809694527,254.7359088952825,294.1621068723997,259.80090302450145,300.26980872597267,378.2775332619313,352.875902130108,280.78926687261907,308.088964023522,292.4107708309537,368.12773974178367,320.2943651386036,319.5164346458374,316.25847949624256,289.95614222123777,278.4160441469344,376.1438158227005,332.4242567662254,351.3438866233808,421.9341934093748,428.4973678424744,379.29910286755705,410.6935577910123,323.1233371448479,389.0731306461343,361.94213920616295,489.3672308087743,497.78333026937287,560.6312848253359,632.8223937509229,626.6869598055623,569.2361354786548,578.1021934150173,665.6603112294158,563.9270982789071,473.10893459519457,553.2061109656252,445.7277866482968,493.6960103880086,488.56365198232027,516.6393188320426,613.1085289416179,650.1160124410494,550.7146883938601,506.04318188430113,648.2950376957356,628.9424771542438,729.2248392617713,727.8609601739528,779.3835937970085,806.2081423072174,836.6382691569344,792.8691348222222,733.2386909023882,924.7523091388255,916.6032366550396,905.7170029157868,905.6917971431084,870.2796518319363,1000.2512252645704,850.6378249347144,828.0306076814226,793.130822661367,846.0336524470684,910.7207769289687,752.4222541445511,801.4033337969665,839.7904261303697,819.7359492243463,902.4081729046453,893.7973522849442,929.2546579925853,902.299474980156,1171.7825740329297,948.4290540094812,1299.196446552902,1416.0432335536598,1465.7338428378941,1867.4024977197223,1749.8444347503555,1521.3319990340876,1891.0638165378446,1946.443924365961,1261.4020660878714
47677,1268.8995118232888,1230.8598572141518,1098.9769285390548,1153.8626394531354,1107.1112412910425,1005.9682779769099,1029.387603666307,1015.5218466188071,981.7852229207931,966.1682177969442,1199.4849832494297,1183.2042132802785,1173.682607428108,1150.1474377264371,1071.5010377346928,1029.3568852436777,966.7501849443762,961.414541885781,919.2681312761582,937.8484277839661,862.2169981756025,862.6251358567908,809.8426091607257,752.8767555669629,726.0777727321884,733.5897901585117,624.0549290432698,636.8607120057998,651.3997249430713,583.0557432324678,504.2864707854311,476.39946507409894,532.842507069689,520.0203406338953,465.31740890014623,413.10399558722,375.8049497662714,340.32693116471245,337.90630468095844,265.19196287555246,221.87323022711786,290.78135673823607,271.47444078506555,257.1476644788956,225.72285472258088,211.5365551158269,175.55565112589517,71.02896953497495,0.0,113.88731547092117,822.4271482054123,1776.0230380514217,216.92769731090544,172.73647874049703,135.11453189936594,101.01590746390816,146.70250155118572,306.90947330077245,262.0769975443026,274.8397752191464,249.38572036756958,219.79778124976647,192.99859547028217,168.12989408598685,155.51675908746734,122.87893631674885,109.78437332158342,139.4918962617118,177.74819460746792,131.55506251100206,82.1246475172763,261.0611463952791,229.81882593855119,305.88595110654063,289.32593662443657,284.34340336903256,317.95768056817013,283.67318810619986,306.5158549491397,449.2193131652979,423.4021599171845,351.1717717251895,371.3792692966288,356.090804957154,433.8314859763374,379.0877698978212,369.13235121503726,358.4876072982584,325.8918625002665,318.3207719131942,411.32498482031644,360.8805578868142,372.47176990914306,456.7482234255959,451.70462371568595,400.4618029713419,425.0622912711557,344.8294770581979,401.07774167398225,355.8856996635966,515.303569375751,517.6821202895235,577.5383224631373,649.407931680726,641.3097678301601,608.0756344806668,607.8386980867438,688.0065422065367,594.9918969307028,505.55957221937905,583.1019840227063,455.64919902379296,501.01189531584777,503.1862522225177,530.8524734931943,622.5734981768853,652.5007397828488,555.0328209049572,503.8766500959568,646.6892322314485,623.9723452109495,746.3571985556731,742.352423083447,792.1524944860338,816.3442488463145,846.5040236392898,799.4930399645752,737.7543434779528,940.9103985287652,925.5465589861192,912.7149588742341,908.8552322554033,872.7130814702298,1004.8933747949638,857.7079443181426,830.251171814995,795.2053141647921,842.7440930484221,909.062131535285,750.1393235678547,793.6953771074718,831.2979616969782,808.8423467377129,898.9236729314051,885.4728529416957,919.4695546099938,885.9969549170896,1146.447272913319,930.8800869017101,1272.0661539669284,1387.7782238613509,1436.8401468681043,1841.6252991086308,1722.7384557849327,1495.4937045521106,1866.5045854299242,1923.7339484061674,1219.2686761001262
47678,1376.594430379058,1336.0793641882283,1203.757529481962,1260.9736048844409,1214.1554371337113,1113.327055263404,1135.488438514752,1123.8111537260088,1090.6509108645823,1076.3281509610138,1303.3292809680431,1285.6048928784353,1272.531869849681,1242.4685639600386,1167.8194809123568,1130.169168183821,1065.9681731362502,1067.8043472941727,1027.2557626304524,1039.0951310149849,970.6410622655209,972.873315681199,916.3104121179302,860.6878173199988,836.6672199384184,837.8382203975405,733.887691484279,741.7153654618583,751.4150068150155,683.1252816239606,605.5892587533826,580.3815346071036,643.4744750457755,628.4165860140398,573.086371254395,519.3623391002612,485.6979833814175,447.6548196559464,437.4693561060586,367.723887058924,327.8955283010812,402.95401106538134,381.11641437081926,370.93611098413015,338.7004779816168,325.40969110786324,285.59058738387785,184.9159049013505,113.88731547092117,0.0,709.4321592727902,1695.4637250467117,307.30238964812486,277.3717182364879,230.8188405843436,207.53214927955264,257.8642577503019,419.368308944807,375.31075545463585,384.6286288559266,359.1996626963125,321.8579486684438,304.4872568492619,280.5051079860243,267.0007925001642,234.97955953968327,223.01646358420413,241.8971511675602,259.33572195346255,219.2397809842591,186.07150052328402,344.5558664599702,299.16565309530444,408.772150882365,375.5123220008057,357.38263023343427,381.79686184103184,350.08859868205775,348.36440443338927,563.0290924012411,536.7184670820967,464.47569982983623,477.5719945937398,462.8243528196332,542.1201393433417,480.49487199219163,460.7871185394215,442.1573297042845,403.7175441259038,400.9871191098882,484.73844813097304,428.0303560641526,429.67526544361544,528.2650063333789,508.1465726089735,456.3070394806743,470.47904052638563,404.34732979027154,444.38038651768534,375.578880809051,573.3957630418589,567.3393060945216,621.2368510859948,690.9504278565882,680.1389150293134,681.5844401087218,668.9785527409088,737.1918405772369,658.2144585270124,572.6696356844307,644.9639353599918,493.3587580772884,533.0731305169736,545.8270671119827,571.993088599377,654.1603578192536,672.5634102472218,580.729877754911,521.4184430362737,660.6615715058813,633.1994806211893,786.9136051064809,779.0383269726049,825.4513113983538,845.2796086433569,874.5994232490254,823.288520718724,759.3382568449294,977.4589675739643,951.2277554336749,935.5365389499761,925.7424285366275,888.9226816780351,1023.0205345039013,881.3455299079736,846.727947724416,811.9964900398013,850.3217283652828,918.3321169353295,760.8438479950192,794.9476889531586,830.6799581150777,804.6683397307431,905.4130928009932,884.3508418213881,915.5339290574643,871.7799237537457,1114.4746798025224,914.0231454364748,1236.2217215576916,1349.3900265982159,1397.1588828528795,1805.6763896777672,1684.945107417448,1460.6740658741953,1832.502801868087,1892.6286313175178,1157.9578159296675
47971,2037.9666469846975,1984.9553799040318,1853.1352594525795,1921.0210944638716,1874.6738476510725,1777.300317585108,1792.8341387327507,1792.2527806199905,1762.5724287214268,1755.166171011806,1945.8380989412938,1921.3080925410736,1891.2576426129122,1831.3363944576747,1778.257748859281,1762.6346907422842,1693.4297166761091,1728.0247688110728,1695.9752411085738,1676.5550170595857,1642.565057560165,1653.644128359033,1580.5823091427824,1532.2631480368873,1521.2594978784277,1495.1656807027277,1417.0746088081005,1404.9933439959275,1396.2072119102638,1331.9231337059348,1263.1292188782895,1247.8905587256259,1331.9073810603745,1308.791073541169,1253.176384279287,1196.9455663769186,1175.6359432440224,1131.7016733332548,1102.4838000611733,1045.5347789366924,1015.7934704637569,1102.14850526373,1074.059152819144,1076.8613444013183,1041.6367663729436,1032.40875704565,983.4114418792154,892.9816057392292,822.4271482054123,709.4321592727902,0.0,1221.5816555488718,969.7217632240261,966.7149585324725,913.6503059411584,905.3084228773304,958.8376015896033,1128.800422175854,1084.4898251630707,1093.0127614800865,1067.7159489333244,1024.9728234813354,1013.8344384247258,989.9292906769331,976.3881173401631,944.4072020327613,932.1458833858362,947.69876822683,948.0241878807684,917.3088492686173,894.1598282117444,1025.9914015727331,968.6238112171483,1110.462187594011,1057.7144008483615,1022.9449912573614,1029.1291715949492,1006.8834668505542,964.7451944008133,1270.8263034274682,1238.4806004455675,1173.5989170770158,1181.8917581763055,1167.9213427201503,1248.281546090447,1178.6398028391566,1145.2426488900408,1115.085571650735,1070.8857781909799,1075.9162185511939,1135.2491000027512,1073.9392151541758,1056.5297224896826,1170.1974873359368,1119.9443656193516,1075.6284945634643,1064.3300167257885,1040.159337319629,1039.2872199811402,938.4416174777292,1179.20333782364,1153.0355324264078,1181.7436669839892,1233.4851274525154,1216.1933425473735,1313.7022379908708,1270.4287200035055,1296.1725782500084,1266.3562329582128,1199.956202938798,1251.077514252088,1063.7862153479061,1079.4535415912405,1117.4395877634677,1134.49947385628,1172.674216306126,1149.7381052240598,1097.4808840478584,1030.134770162272,1119.8288813900451,1083.135785182986,1311.7120929098623,1292.1297976713909,1319.795979596533,1320.906001122077,1342.5747795628713,1283.658244989971,1223.4625189818744,1463.2424856412288,1398.6233087514431,1373.9539737209968,1341.887387371114,1308.5873981000677,1429.3529255730257,1331.4014172620527,1275.0381733026695,1248.0898414766634,1242.2304796409924,1304.1840495038007,1184.3252230550422,1172.9547422092717,1192.4836989407074,1157.4449458321835,1281.8741693314603,1232.0767883522617,1244.0481825099416,1162.5349667571531,1257.0028579564425,1181.75582272927,1332.7935831469476,1411.6538232595794,1444.0987703362987,1830.0830302578931,1709.0064357925344,1529.648967780268,1867.0475086665917,1940.544144235073,1100.001070405785
47991,2596.6245863343156,2516.211856217299,2409.142848353932,2494.435259855854,2457.3094407572185,2386.9939514959615,2381.3413568090104,2412.1969229760425,2398.095951497918,2413.638838575899,2466.884345516416,2429.444286442886,2364.3847304291744,2252.059802057252,2257.4505819244378,2294.9173506285506,2229.7970756584987,2336.603083067912,2334.159525242431,2239.457456566134,2300.030358427726,2335.786691083677,2229.7228199724473,2210.8956592506643,2239.863351288506,2146.3834419145346,2152.3068365575505,2092.0079174379266,2045.4082137593903,2007.4442870115495,1976.1282571457257,1985.6915689494283,2100.680533205781,2060.6604645022117,2017.979596699623,1970.6522852164903,1984.6490655950613,1937.7585285130508,1879.615009729107,1864.3609117592673,1863.419960784312,1955.330308938664,1916.688677607408,1961.4913644185658,1921.3362261186999,1931.6838088925463,1862.5028610102947,1827.817930387298,1776.0230380514217,1695.4637250467117,1221.5816555488718,0.0,1790.5319641456385,1832.271083332565,1785.8839007787321,1806.6562738760001,1852.7246757173107,2039.925037278011,1993.0169579405908,2027.6523662908446,2004.4525889873591,1991.9537902795105,1947.2239706227674,1921.1901625353987,1914.4607295682047,1883.815374159885,1867.066651899318,1913.9582641701072,1950.1027125130756,1905.7568619796639,1857.6360889124385,2035.3415595956074,1994.2649863103907,2074.0355416405587,2064.733544024184,2052.26004057285,2077.029525251725,2045.5522315635003,2036.2224558542541,2133.5221100888252,2072.247871776502,2066.952217365726,2129.5364756989816,2113.5183969567597,2180.6567354167037,2147.1164160664766,2144.9006001878265,2133.425694429158,2097.604712767648,2092.6469339462255,2180.018224236053,2123.4243188471946,2122.7473357195445,2223.7269749748507,2199.5216483731338,2148.3288462508604,2155.3982746229317,2098.5424562295157,2128.701769929559,2041.756558544783,2264.6305604246745,2252.509864656229,2298.3848307666162,2362.4037176584266,2348.162820736893,2377.043832095645,2360.791967902302,2417.0216093593535,2351.2506670201224,2267.594501479093,2337.429219223126,2169.895647423961,2200.2025659495725,2224.977259849032,2248.2752072560756,2312.225470025249,2307.3062350117034,2234.518613802242,2167.287231946593,2283.26063592784,2248.188335538095,2452.7940309175256,2438.679117980019,2476.246202889266,2485.6675492713493,2511.1907435570847,2453.4085125254605,2389.5157341453646,2627.5174055173597,2576.8637008738624,2554.7372633465247,2529.161693881496,2493.711917650474,2622.002131360825,2506.6779556511806,2456.192044538136,2425.5987424180976,2433.5320467374386,2499.1761428937284,2363.6488563776693,2365.5240585453766,2389.9796237933188,2355.8243714350406,2478.6638990196534,2434.2142465339903,2450.5662187880803,2373.4440513831187,2477.892136166098,2396.4915419089994,2548.9245364968,2620.615417692461,2648.998814046439,3015.8572524314163,2898.8660123398413,2736.589048020219,3054.9043100367044,3130.419850912868,2295.7979131341413
47648,1078.214664892054,1033.540460982829,900.9099598477136,961.7229697133846,914.9227647527281,815.1361654634891,834.791682278065,827.7743922516865,796.3872787138752,786.5503033172121,999.2149280820427,980.2277761247199,965.4631173080693,936.0837425607941,860.5227162352688,823.9330125370824,759.0981437986975,767.875363882732,730.9925607612995,733.2273027036863,675.9390206711033,684.3879055246083,617.3401026181571,565.2933637038295,551.5423096184787,535.6006112939898,447.36409982445036,441.1653786583349,445.3826156747151,377.3818831569725,301.48434675248023,280.60433942229366,363.69072200936114,339.07032343242406,283.5042271309197,227.23968738846574,212.13990780090666,165.22259445417305,134.4255274339413,79.49734286138394,74.80902389721318,164.82606283297955,126.4431901655457,177.6768964054658,140.59152752962282,163.11782131806768,99.15616469856413,174.7837877016071,216.92769731090544,307.30238964812486,969.7217632240261,1790.5319641456385,0.0,69.72720801549153,81.9581491891642,122.76781166999014,113.95411794103015,260.2259359865487,218.25791241574413,265.7370506907453,249.90386860780728,275.3253286199108,208.1312940527134,191.35988675278244,197.23530442567616,188.31442045937305,177.59468883329419,238.1166822005351,307.20110622179004,271.51491430924136,222.41695569218535,358.1628383220917,363.5733896314425,327.64192918957735,372.26034806308917,397.91143767200793,441.6590952320279,409.51583655986786,463.89142090503003,344.9330497698254,290.4254796377504,278.7026197680014,360.3700346745421,345.12257554638603,398.6759672446367,390.7023092066025,418.9455643258934,433.0690652540033,420.715247057483,403.379419953119,501.8803820860985,471.50557370692127,498.95003685352657,545.7725671578248,570.2673195849345,525.6413613209095,563.6661773232638,471.42878676495917,545.0832812406568,531.5614174780683,625.102612229458,641.7411539361175,706.9161425557016,778.1536237413296,774.5763026959986,678.8378860865613,704.997570114362,802.4177484860367,688.9113927796849,598.8279001846184,680.5511498197852,602.2606291546157,651.7116976121008,639.1747653122204,667.0792513307533,767.0750267643946,810.4961741977932,710.5459065578527,671.5238716630486,811.9827659227417,795.2113791424902,872.3541359849077,874.4493031517768,927.5064953344016,957.197083056362,987.6632915478364,947.8516659313985,890.8703574709303,1067.0155327005803,1068.0530818051564,1059.42898059116,1063.3826455446363,1028.8933734765374,1155.9035244842348,1004.6756464948969,987.1175357864144,952.5938952587829,1009.7646438487885,1072.799301278599,915.8862032159362,968.5334679895436,1007.2761587356981,988.7569499664469,1066.0270966836586,1060.9773209475836,1097.2618612903525,1073.854347468242,1345.9893642498541,1120.4348482306907,1473.6743974869557,1590.6481129010913,1640.3978029160896,2041.5192877700624,1924.23782861545,1695.5325093794693,2064.8827932368226,2119.705137835293,1433.7633924217778
47682,1099.22388494607,1059.358742663687,927.233865242698,983.6475854949139,936.8359701947493,835.9664061045689,858.3849422224087,846.4878947004244,813.4772915615266,799.928748258763,1027.3749405728831,1010.695305105248,1000.9959367310432,979.1965027645745,899.2604605347215,856.6354875363705,794.0569561597341,790.6049558659176,749.9023244318665,765.1475441760795,693.3674815899727,696.6383690807041,639.0647216907796,583.332405004664,560.9937267899318,561.5112712984718,457.56733457927237,465.0076826462699,478.70146468964305,410.3760804923448,331.55104399168494,304.0638064945573,368.4033894690402,351.3048548330934,295.81780426634344,242.02861528694993,210.49731911554468,170.42174434375764,165.8609795454808,92.51402695892665,50.631383797542135,137.50502793021576,107.36226226398294,129.56517797860687,89.24630199704482,102.44117351570267,32.54161678798085,116.39303543911902,172.73647874049703,277.3717182364879,966.7149585324725,1832.271083332565,69.72720801549153,0.0,53.65750672159724,71.72415423047698,44.730191144224975,208.24155135177256,162.4611197810168,204.97928770482883,186.49747087346745,206.5672853500012,140.2646706464427,122.0526237616034,127.51555860346443,119.86185181887842,110.70337823400953,169.29929784764678,238.487915755031,204.77903312628845,159.6732167672799,288.5773229016364,294.38050082557106,264.0342508449171,303.3181528732948,328.190943027772,371.934980662734,339.8509213113315,395.37235068526144,316.7207215931965,273.5607331233434,235.8942626631036,303.8406141293284,288.0983594702135,349.0543044523214,330.49493950631364,353.53468570551956,365.3117445888039,351.5546829909109,334.59930775454865,433.4613901728689,401.9814613551073,429.2239370301197,477.7187055513609,500.7394788262603,455.9341874840064,493.9844165839963,401.70398095008454,475.54317133204466,464.47361690909673,556.0403196507988,572.1697135967039,637.2849726164105,708.5918249341939,704.9139306351664,613.3023601426448,636.9856117697175,733.4760330978754,621.1055523553001,530.7155663676829,612.4370693788755,532.7056154958202,582.2182099181231,569.4475638797164,597.3531952927268,697.3656563750274,741.1061782169194,641.1598890540582,602.98165321569,742.9939415780619,726.7196791963876,802.9588517524141,804.8648621812454,857.8728543774754,887.4886852933942,917.9568769237458,878.1418632398974,821.2589481043069,997.7648374862764,998.345105780856,989.7019603596041,993.7431432209776,959.3062512643454,1086.192518166736,934.9509609415753,917.5679448531288,883.0785351012787,940.6858586077057,1003.4880541532567,846.8074090880211,900.1329937087187,938.9470413744602,920.8971736302908,996.9125346677308,992.5451633967173,1029.0343116965485,1007.0555672828145,1281.5470726806625,1053.8834972610885,1409.7726607932125,1527.096875456535,1577.065149879482,1976.7752847963698,1860.0409222912945,1630.989776442938,1999.6987297450041,2053.886417425694,1377.3596975689957
47674,1147.238491449159,1105.5350863835406,973.1316492343853,1031.281640515472,984.4476692747387,883.8950683999208,905.322713300116,895.136261183261,862.6137460286485,850.1193605941842,1072.5446655086012,1054.8089683543703,1042.5386621170755,1016.101029380764,938.9235482885252,899.5755235696563,835.7863349586104,837.814808756794,798.4090988542803,808.4043989881952,742.2924238457865,747.0384193381101,686.4840658947126,631.9262664327606,611.9232490540378,607.2078137265668,508.13890112884957,511.3264638251071,520.8708956565347,452.52947376316365,374.7856329801553,349.90710402089115,419.9684258391739,401.04303543508166,345.2730274023451,290.3787771770269,262.48843365772285,220.5221461680133,206.73898139503683,137.4828300852912,102.21941653022476,191.13018420873934,160.53910218289906,179.5060445348023,139.46461948012453,145.83618633053692,78.13027681996664,97.4250449888499,135.11453189936594,230.8188405843436,913.6503059411584,1785.8839007787321,81.9581491891642,53.65750672159724,0.0,44.52348210115237,67.94001197944817,254.3722095905152,207.18960374246032,243.9960377766803,222.68190452173286,229.64233726730592,169.39199977887668,146.0495957345478,145.79959692766414,126.16659870130428,111.60346943514915,174.7725708098747,241.45862380743455,200.97535487515106,147.22915612927682,304.2332676261586,299.2018281238938,298.05322532684187,323.4422558047738,340.4952511346773,382.4478154421353,348.83190076949074,395.53163363229623,369.63012293897157,327.21320255863543,285.8730165969972,345.24133337117695,329.27029352901945,394.8542455705576,367.9780517819884,383.1896382732818,389.21613769216157,369.83676971760707,355.07661406830465,454.47470316296614,416.98417151243655,440.0991743216123,499.7286140555422,515.0084056596078,467.6425786907303,502.1123286752649,412.01363108755663,481.6784000556864,459.06661652387714,573.3783112072231,585.6042170574972,649.6826235122085,721.6507262875051,716.5868141130725,640.9618171408076,658.3457265240156,750.7963609991059,643.1884045443763,552.2143951118361,633.549383792047,538.719631371885,587.3749594549112,579.2502320994997,607.3366205014264,705.4534017329693,744.8737469488917,645.158883441303,602.2686482908283,744.1148081258649,725.4717330366534,817.3156673191598,817.414055437839,869.6523115469244,897.6630364501151,928.1428524676228,885.8428879029791,827.120778345137,1012.7843587909535,1008.3551627616156,998.3210334806741,999.7371759469246,964.6196066192142,1093.6374135665237,943.3147381135998,922.5023383211982,887.7043144529569,941.9813390086198,1006.2091152791459,848.244289513414,898.209080112146,936.6836498770873,916.9134673386004,998.347894889037,990.6382680131003,1026.2715966629999,999.724292181865,1268.5515680981641,1045.845739854745,1395.670811420614,1512.303421738522,1561.8600548799482,1964.1981142842774,1846.3930681071927,1618.079490712952,1988.042514321696,2043.6404306676175,1352.1676303443492
47672,1169.6713640151584,1130.5889176958265,998.5616860875531,1054.3185106235258,1007.5285957753923,906.5268117485808,929.3883307529575,916.6205427085785,883.279272949314,868.7982207017408,1098.8605276034077,1082.3427070492367,1072.6822239733453,1050.0275902051756,970.7135704284888,928.3580962026066,865.7467337032019,861.5170424408233,820.164381428866,836.8644938019742,763.3828111081158,765.3508525446417,709.9426036756347,653.6334160142387,629.2051506255121,632.9654753974627,526.3556077880505,536.35064078211,550.3933230466985,482.05566050085247,403.2709890467146,375.61300575619094,436.0736835630255,421.08179956008286,365.9362657643855,312.91667555749234,278.20190560209767,240.5785852895366,237.1259203278394,164.18413118828556,121.28286652880747,197.53362426299458,173.64967082334897,173.65697958864368,136.59194027526084,132.60479212853974,78.78489149053497,53.01894501981853,101.01590746390816,207.53214927955264,905.3084228773304,1806.6562738760001,122.76781166999014,71.72415423047698,44.52348210115237,0.0,53.83281185303187,239.67759334279845,192.05134883611106,221.17149568440698,197.7998885992848,194.89210204650578,140.98382937727652,115.44629656277188,111.48197727508666,86.71915117156445,70.72375120331648,133.1730233899662,198.31963425009587,156.8706981021298,102.70567710830227,264.6487436656212,256.1600674857942,269.5665274863956,285.70735347461687,299.38154073453234,340.56273033569477,306.63546715033823,351.4313122878568,368.0642814918714,333.3747999183939,277.0067405864512,323.0236172668187,307.0176851803869,377.5228223800197,341.56633210549353,350.4465107820795,352.9158005749661,330.8910965489069,317.25141762877183,416.34013118946984,376.4694174859141,398.13415925067216,461.89402165206377,473.92848343679543,425.8533773591688,459.28138507092467,369.96634557161843,438.4366038806455,414.5496152772881,533.2861950293749,544.1068565560669,607.7732694883134,679.8559857077236,674.3959490152363,605.7465175911585,619.7815639643301,710.4080157926539,604.9918841332706,513.964842258695,594.9218046559953,495.37596652031385,543.8198702488392,536.7172145803848,564.8134979420454,662.3832536171543,700.9955986392066,601.3673149589764,557.9412846056842,699.90967479565,681.0738272035279,775.8323830113001,775.3837232174104,827.3705029357661,854.9519306434074,885.4189779076002,842.5861162050485,783.542291556224,971.3772607684865,965.5532222992339,955.2097712003576,956.1205002461272,920.9001070764427,1050.2574770444708,900.1706708357993,878.7352725740554,843.9005271439594,897.7488119551932,962.1181357433358,804.044541317398,853.7514200664083,892.2084267611173,872.3944963972245,954.1196876050523,946.1742909783078,981.7743827329869,955.2625437523234,1224.655704582858,1001.4235383385892,1351.9611872595408,1468.7246088013499,1518.361283917935,1920.2892014370677,1802.641522244832,1574.200272974419,1944.0098506814631,1999.4464854575137,1311.4946677470614
47670,1122.4343228333462,1085.3120996378136,953.7091515259654,1007.5837158375516,960.8652820441345,859.6465365471812,883.5300878767275,868.9547769414662,835.1269868083862,819.5032890552328,1054.658025587642,1039.2459761554207,1032.221923374846,1014.2596490906138,932.2748466127036,886.6510250783904,825.3713388837116,815.4662497740075,772.7873333427538,794.9771322854033,715.6463081028593,715.9669685054748,663.9495542564584,606.4988409639104,579.4729279620651,589.0130399309779,477.3525494651032,492.086856196882,510.4096993733919,442.42700063155536,363.07410666479706,332.9019081999006,386.21960905643425,373.59254055238154,319.2143837180591,268.11289915740645,229.1169396477598,194.9415110556879,201.8513738001011,127.87175893342594,80.94416573658522,145.19435222843194,124.95600010276344,119.96732602911054,82.84016227161682,80.55522091763041,29.650112913423655,81.13431435141851,146.70250155118572,257.8642577503019,958.8376015896033,1852.7246757173107,113.95411794103015,44.730191144224975,67.94001197944817,53.83281185303187,0.0,189.02358965319763,141.4126350606369,176.1295442310119,154.76210745263768,165.96814422783666,102.55404247578711,81.03989008257639,84.2920077407747,75.2150672481918,67.07666678441267,124.56910822394251,193.7578073429345,160.66946985273094,118.57930550826286,245.664722416161,249.728741676065,230.50956999212337,261.9071001365388,284.5699545396772,328.04349322069186,295.6672334778077,350.64458898047326,314.2598619411859,280.2626087149178,224.22119770442504,277.5639777888988,261.57183641137544,328.6407489063952,300.06733259548395,317.03084411743225,325.661309827125,309.60835215925397,293.40841310439777,392.6713246752503,359.1366591751987,385.4714463513482,437.39911120509385,457.8242804682479,412.37611198158373,449.8336411350016,357.8157744898461,431.13233949113913,420.00805136151524,514.0681160293512,529.1059897819352,594.0191778216376,665.5190624644124,661.5224695244467,575.8841733619294,596.5437337495405,691.6179724189124,580.9530553490237,490.24147205991454,571.876867235258,488.31216183329656,537.7579546107517,525.6152618238852,553.5699979508263,653.3123164523462,696.5659855402972,596.6160878173926,558.2516307310216,698.3017911247935,681.990083943784,760.2579780169401,761.7119991898717,814.5632808599125,843.8559912427415,874.3344832964009,834.0831798759813,776.9416490170888,955.3096650589918,954.7077237218216,945.8130519073743,949.4735605471326,914.9515356785531,1042.134685963149,891.0085281752578,873.1659217935614,838.6397773185568,896.0164148432827,958.9049217149965,802.1370127515155,855.405367249538,894.2225093687384,876.2214900622347,952.253408911453,947.8162287893866,984.3157548024849,962.5992357373779,1237.8311892962104,1009.4908648924536,1366.247471095019,1483.6959178643604,1533.7453578256218,1932.9059665849693,1816.3720238385567,1587.2087696540634,1955.6797711409788,2009.665773505886,1337.2359565262714
47610,1016.0329481020103,991.6092045485235,864.7972849138016,906.0496428136142,860.5888830896151,760.0116917202166,789.9298351977873,763.8391870900163,727.3739604545741,703.7152552962084,967.7640036263359,958.9182150087734,966.2967820239041,972.024421096127,878.8579868079175,817.2368960177769,764.8387239745758,722.3105724719971,672.0177108052832,727.1728137000005,614.1163328557249,602.139103108978,576.2533176501344,513.6576548999578,467.9595761979167,518.028972558054,378.34387017385194,426.0375378533812,467.9100870642632,408.4655245841427,336.9192345166432,297.72405335342955,288.9091830913297,298.3876819447861,259.82032482867254,235.74185514514969,178.0087744489616,187.356283166743,243.48860050891113,205.68893104496578,185.73093083165898,116.95253104812315,150.19270835139542,82.66493501440726,120.60913164743462,108.70284504870172,177.44876769596212,237.53246589328427,306.90947330077245,419.368308944807,1128.800422175854,2039.925037278011,260.2259359865487,208.24155135177256,254.3722095905152,239.67759334279845,189.02358965319763,0.0,47.675453992860774,50.39474421887404,68.9751058489767,130.86971837070436,115.30405004854423,138.90131702009282,152.52766769853585,184.40474105150082,197.21475714822608,188.5171430868534,221.3668056300501,228.88335927339526,236.29276478406115,199.58968688434624,246.91470864182827,101.11955465283158,190.30246168492144,240.35630464276272,280.8613895011901,262.30382537468427,340.39203878686124,152.0264444569966,158.24046631767789,49.72294105626819,102.32802136990412,88.43105025803041,140.84867595935398,139.3034398444703,188.86279662584394,221.66554294616176,233.48180202490272,211.36904288362604,291.43850541868676,287.5554914753186,326.7574784361977,327.65082130906217,376.9262143374975,346.6503566787975,393.98558304300343,305.81501839185944,385.2693469225099,420.2692597737037,416.7213465190493,445.6945194822849,510.5643313431582,576.2243525608345,577.4858322791521,437.5685282875944,479.8528016962822,585.9348196023252,462.287064282005,378.52450552381634,457.14985166628463,436.87060050068663,485.4623932045478,456.4024063611618,481.685374119382,582.9222015454744,640.2303738370111,544.6808381426343,526.8228266113197,651.7408702887251,645.0652858623921,662.9664849278911,670.8213358865372,724.8819464522081,759.0934665278553,788.7618074839595,758.4296374099187,709.73668148061,851.2905438668112,867.9767251968825,864.145520792543,877.0188764770579,845.733227581286,962.7178065803076,811.4895958727711,806.3871946515407,773.9599060206391,841.7978047545622,897.94663400151,750.2750655465079,814.1630356371346,853.0667888118702,841.9358975370625,896.0887275053199,903.9104560604791,942.6433165786615,938.275756454745,1228.9397351898433,986.6269507167289,1359.605272412958,1478.1936068103532,1529.2340742703075,1915.223094092253,1803.4865623472576,1573.5772867529538,1934.4583243397199,1982.950319042997,1373.543003491378
47622,1042.4689589764212,1014.6381504403703,886.194794653219,930.9307364713254,885.0026075162496,783.9039083503251,812.3129241161655,789.2279929104392,753.338957955732,731.7825106579533,988.9362461591942,978.3364708859475,981.9586482417241,981.5412465130768,890.9455604461264,833.2818648321459,778.293451746954,744.2908887706309,695.8310280553684,742.3650278255343,637.8280290284441,629.2008383598003,595.8913786394513,534.2216939618598,493.4366545405378,532.5467690910872,399.11458811783405,438.0326741570114,474.02955492333075,411.2842916933173,335.9097909753243,297.94608693291644,307.3886999080678,310.3420944309401,265.6315809146302,232.25798505641876,175.91537403157744,172.6754926016707,220.74979967179556,171.97676454011196,145.12558321444993,95.91224517267595,120.43249892003435,46.49550928122119,77.71040627300717,61.35394984357746,130.99291269433877,191.9000621593831,262.0769975443026,375.31075545463585,1084.4898251630707,1993.0169579405908,218.25791241574413,162.4611197810168,207.18960374246032,192.05134883611106,141.4126350606369,47.675453992860774,0.0,52.7883193145233,51.336377329357575,111.9853543026146,75.05897110591039,95.54022955723981,110.35525537555853,140.78892276389584,152.350738500222,152.5170845429542,196.47782432580132,195.6594777363355,195.13077539570847,193.49194031890488,231.53290871260918,117.82070380520199,191.91338376273507,236.37136524958024,279.6330686619342,256.2415761243736,330.9154608032018,189.5057713999259,180.11503896173437,89.1671175753608,142.30271800513592,126.90972268990886,187.66576394682463,173.28155594062414,211.0420430714101,236.2846868809307,239.17540718614137,217.8983598311892,307.3597717109891,293.93756958452957,330.429423870407,347.1193740049539,388.31757679445616,352.89559795675814,398.36262808793595,306.89078960811054,386.64328632549245,409.99368811261184,433.6941586945022,458.88030603187684,524.4925857400649,592.4016956687669,592.1656041081508,467.55457719139935,503.38788636527477,606.941679789762,486.28038382187617,399.43155512859767,479.8830742369703,440.74904429371634,490.27278921952427,465.60428921170774,491.97129934825693,593.7851796219837,647.6526314775185,550.0708956437604,526.4611292984688,656.5972793158718,647.2918686593481,681.9904142740343,688.0626455548206,742.0590805609019,775.0516845168727,805.0746101438665,771.8577266641512,720.5843677512805,873.0006302385027,884.911089172052,879.6690929533668,890.0664079542752,857.7799516902662,977.9445550019258,826.2192930438521,817.6042496636136,784.454979630138,849.7787324169939,907.9601961644543,757.1804029961719,818.5635536390944,857.6227641221967,844.6342852394159,904.8096474623296,909.4021310935971,947.6906107134432,938.7801327014247,1226.3380659897089,986.9278804821904,1356.699578121574,1475.2011562752423,1526.0683991542471,1915.8532111274953,1802.7850907241218,1572.7878439661044,1936.0084711727377,1985.9480342200306,1359.9627079839022
47618,1066.0014598697244,1041.948373948589,915.1912043748932,956.2437324840018,910.8354537417998,810.312969984135,840.3070966395599,813.9962491516202,777.4648600963363,753.453401593862,1018.1585093803864,1009.2781143290309,1016.3263522289758,1020.8310224349503,928.2550993345754,867.294842344119,814.4795510895767,772.700015295648,722.33513680929,777.0949817448167,664.4479395306859,652.1026139709295,626.5947675014182,564.0308664161623,518.1855851571277,567.7670339389034,428.7023964366534,475.19591091846655,515.4309938411586,454.6782897264416,381.31481346144295,342.57579803763207,339.03454743376597,347.34830348932627,306.80367400560107,278.5541454880056,221.1199579693963,223.13338121897706,273.2324709491753,224.20002484922395,194.61510155267473,147.361737892007,173.22062545260158,99.25609169159219,126.96225390872374,103.0819237023761,172.50496671326346,208.72534195307452,274.8397752191464,384.6286288559266,1093.0127614800865,2027.6523662908446,265.7370506907453,204.97928770482883,243.9960377766803,221.17149568440698,176.1295442310119,50.39474421887404,52.7883193145233,0.0,25.472769236258298,81.35074079555572,83.01935644221017,109.22073577247183,119.75100032871813,152.55972611062856,167.56057907354582,146.54976382753208,172.3822860704624,183.8534803220186,198.8964528946269,150.36992800438134,196.5259664974834,65.0803039221472,143.86292734471945,191.9675936578715,233.64894057941763,213.36657289760112,290.80927457086267,199.73646294137595,208.48592597923604,98.93874546038285,101.88612576885377,85.87006053786097,159.41523491762362,125.54985801920893,158.3909355384057,183.944706639495,189.4863128320547,167.75515359356794,254.954543227482,244.18152398515073,281.97495417537704,294.3810941325334,337.03894916439964,303.35277504774274,349.7258656981379,259.6863659366286,339.4709889139469,370.6262109545831,381.2591373126936,407.2078329135858,472.69574727274204,540.1808812499755,540.2403962585713,415.90526481878766,450.6327647839393,554.1840082809658,433.5543400940466,346.65107171639414,427.1031697954367,392.41308676495987,441.57210851769656,415.12250689008846,441.15622269073987,542.8709224803852,597.9874090345644,501.17497426050835,480.43678687394316,608.0215425746911,599.9736211025592,629.3929007007151,635.6984435053404,689.7191023079881,722.9333765753594,752.8974928197628,720.3031739723237,669.7450497661824,820.2331202160165,832.6411783445494,827.6622769214321,838.6465234365421,806.6291561456367,926.0198064706063,774.3698036470108,766.6885058825759,733.7555673898138,799.9947066813016,857.4627155670885,707.7822755797038,770.2812154825385,809.2845708255563,797.1811689337933,854.7668035773432,860.6625925794921,899.1607304914405,892.5083800821615,1181.9346405071528,940.7824852005405,1312.5042162827374,1431.0754722886384,1482.056326068399,1869.668494293548,1757.3318922063706,1527.3618115221548,1889.3348951249236,1938.5421574526429,1323.5890633214722
47620,1084.1475122415598,1058.6002901890627,931.0859722858582,973.6817229627665,928.0542208422166,827.2644981950491,856.6114464625396,831.5973168964625,795.2952895664007,772.1647554002573,1033.980840053181,1024.3126357290053,1029.6539300328398,1031.2927992563054,939.9205977496716,880.7730318946582,826.7653571420578,788.8000543375829,739.2087650586235,790.1671585650539,681.2428993871141,670.3191493256146,641.5955271404385,579.3952085752162,535.6056796268878,580.4787296715623,444.02460734774235,486.7599603458367,524.3521754093797,462.12224220853244,387.10184918469685,348.9904920329992,353.2672078058061,358.8533446988868,315.7051392255384,283.5192582921381,226.95503468300873,223.54764788440767,269.19592650773984,214.82738485511038,181.30086795774665,146.4923204096511,167.36153222443187,94.28462918536492,114.8498741766724,87.0056100427738,153.9744244438368,183.55672865270847,249.38572036756958,359.1996626963125,1067.7159489333244,2004.4525889873591,249.90386860780728,186.49747087346745,222.68190452173286,197.7998885992848,154.76210745263768,68.9751058489767,51.336377329357575,25.472769236258298,0.0,63.50926439029265,58.12179231702623,84.43275618243226,94.44001774242005,127.22682423940104,142.4037909607347,121.93780572127449,152.7781437201921,160.57986750654212,173.56182203661828,142.20483416346283,182.45599008164365,77.78436819143536,141.14629774859975,185.04168245092916,228.32240647123635,205.04700462640142,280.3619066902891,220.84596653398748,223.67062052521004,118.69642676065938,125.60298915979904,109.67654078271286,184.70785009350104,145.30691867219724,169.61518154171614,189.53395375050243,188.99417590786442,168.11452626599433,260.4674602381232,243.65222351212265,279.51832650626943,301.808501909494,339.1248684303862,302.4018899619844,347.4556870946044,255.703201367973,335.4122112957811,359.73013133200743,386.5962117376895,410.11098374649134,475.84910259393126,544.5270891576127,543.6856323519823,429.19265259246134,459.7433044425269,561.426616843357,443.0166567317237,354.62118291498587,435.8096112917736,389.73006900797435,439.33951548104176,415.57981511136956,442.1958202611799,544.033275830617,597.0443952077406,499.18000069264565,475.1260638518851,605.5810188524655,596.0326320061707,635.277154319655,640.5005230131418,694.4001369305571,726.8457270535256,756.9841416322821,722.7254526119818,670.7134328729022,827.4650138449582,837.0114792616919,831.2056121043238,840.7312190327168,808.158608826884,929.3075508547596,777.4985796630333,767.7712633510326,734.4499181931516,799.1833679127253,857.7772699468522,706.4265263870532,767.451261733358,806.5194388563482,793.3771493066816,854.3415755510708,858.3976636000166,896.6259290820483,887.4444309822123,1175.119129921581,935.5915106873551,1305.5112082444691,1424.0254800738162,1474.9102836736852,1864.5176370506013,1751.476857322787,1521.4795050221828,1884.6769989362997,1934.6619470375592,1311.055407766774
47637,1146.892212816986,1121.9167703049168,994.5398031154825,1036.7460722779651,991.1971435089686,890.4888851641696,919.9970309378583,894.5883831820875,858.1827240548383,834.5617382739201,1097.4457685118323,1087.8219001186123,1092.9706649452883,1093.5246367953864,1002.7286268851084,944.1307805586044,889.8173503561098,852.2191525144442,802.450587843738,853.4456501931271,744.502631758927,733.0029204861248,705.1042187601172,642.8883310788531,598.6415138692739,643.703133478346,507.5133874335229,549.6654010526876,585.9434497358808,522.8178767676104,446.70127931947775,409.2043900283404,416.7674809732128,421.8281715706597,377.61524037064436,342.88900434852354,287.34938506740787,279.1804145270826,318.47370441032524,256.42297517297675,216.04700246007724,202.4083639097904,216.45849421818517,148.42970035800937,156.80552815401214,124.29318915566257,176.20958927423135,164.42616182890472,219.79778124976647,321.8579486684438,1024.9728234813354,1991.9537902795105,275.3253286199108,206.5672853500012,229.64233726730592,194.89210204650578,165.96814422783666,130.86971837070436,111.9853543026146,81.35074079555572,63.50926439029265,0.0,68.04864750440898,84.9700690453627,83.972265386163,109.99673891716695,126.95296665503817,80.66857778951248,91.10992952425691,108.28222391328057,138.1412744921856,87.23538056470528,119.56923269361252,86.9361058432103,96.97689662528825,130.09788693643358,174.66025492636638,147.5289235839422,219.5894906983585,281.0231388906617,287.1323248636254,180.12888940748704,156.93044695673225,143.05107012302213,223.66580462174733,159.48200488306756,155.9542482601636,159.80244440741438,145.69742995311938,128.0685622348027,226.94446614345742,197.97602225862218,229.47953061473805,271.47052430227274,296.3741062375878,254.57592645179957,296.73026752947953,203.58864484528078,282.01626809787837,298.2629842368139,349.82584093921776,368.0009396039454,433.59668672079624,504.1408483954958,501.5160439718311,411.4288224363456,430.6753408022586,527.0925402387195,415.00649724934107,324.37067960426293,406.053838972138,337.9305974604432,387.87237172765873,368.81260760936436,396.23963458975606,497.6053870245202,546.8231480404194,447.733547546013,419.0829818335436,553.0305797186223,541.3889810142948,597.5450017027794,600.5020118633593,653.9238930619013,684.7328675130677,715.1098449378849,677.8217331451824,623.4014068732356,791.8709338710748,795.4587584578613,788.075930002576,794.9011863899306,761.4275408485793,885.4775011113248,733.7340704657862,720.3688568598427,686.4754093205778,748.6099299075308,808.8879532409481,655.2212899820797,713.9481309993544,753.0389351003207,738.504407975743,804.2680962951088,805.5436724627741,843.3334699435069,830.8667648315767,1116.405230814759,878.8157777739074,1246.5677399818521,1364.9881861646857,1415.7654002550757,1807.371876413655,1693.5813002705806,1463.6148925738564,1828.0934512119593,1879.001276217329,1248.1547145599186
47638,1115.4222841441913,1085.96753745093,956.7328977605719,1003.2501564158528,957.1335177718074,855.8739564276902,883.4795319729261,861.8867191138063,826.2751498677129,805.5301569934524,1059.242668386985,1047.5782246596048,1048.6147774640847,1043.2135135334522,954.9810912146027,900.4498853867362,843.6595125320721,815.3265402338116,767.8651294472269,809.110307139892,709.8952411220455,702.6795317748187,665.8931964400556,604.9075309027016,566.5090579435127,599.4910770070276,470.3877264519516,503.7168897512577,534.7383269526335,469.65108174746194,391.7918237970739,355.7877679809235,378.0786530750694,377.206925202457,328.88180222851815,288.57349138296354,236.01464567487545,220.56925577077652,254.1526900507508,189.46660118576608,148.1207221657724,146.33694502810337,153.5120782666297,93.89202435866096,91.82287119105104,59.07911778698306,109.0212700065046,125.77929147862251,192.99859547028217,304.4872568492619,1013.8344384247258,1947.2239706227674,208.1312940527134,140.2646706464427,169.39199977887668,140.98382937727652,102.55404247578711,115.30405004854423,75.05897110591039,83.01935644221017,58.12179231702623,68.04864750440898,0.0,26.319910933399402,37.53560735775614,70.14812639338088,84.62728453376336,78.10455554080633,130.81700981145852,122.25094850553023,121.10933204958323,154.29586585856094,175.92630161175111,129.0558443202038,164.81097513826165,196.45363131301016,241.08696774421819,212.03169225713538,279.04941989355257,264.0807196066877,253.46741520153017,162.45649146765612,183.59948900837568,167.71871783180498,242.36778198644572,200.5898884540451,214.5080645628728,225.10809237003173,213.66956799072724,195.57703688128976,293.7639714350927,265.9864599321483,296.78536715814676,337.6835980765502,364.4223396883295,322.2627220595807,363.6144083453844,270.40178021180583,347.8868037584848,355.4128617284155,417.51301335405304,436.0491098169008,501.6372844053121,572.1814269271446,569.5504045021098,473.68405683100264,496.9364847401518,594.5791759607472,480.9515132911715,390.7257686177643,472.45357138951954,404.3059402524643,454.25303346097786,436.493132206235,464.013601359795,565.2279135838461,613.4191831205186,514.0023330121338,482.74734313143625,618.6276349907051,605.7822437023995,665.4692721288391,668.5418247568861,721.9721162073915,752.7480451011274,783.1320568057645,745.5923958004448,690.7676953939382,859.6323923494971,863.4868986219207,856.0136365932245,862.491034207382,828.8542073945076,953.3329038892549,801.6236272924513,787.6631245303197,753.6456833707498,814.8967731219988,875.7338521777099,721.3230081208197,778.8279705719638,817.8942827300611,802.4582857798541,870.7123341397912,870.7144993182393,908.2254568375378,893.3195895781827,1176.223647792623,941.0334354482725,1305.9877054836768,1424.211182599685,1474.8081698136136,1868.7615562427814,1754.1626911221858,1524.3131503852721,1890.0490049273044,1941.78864628326,1297.823902847795
47640,1129.5909207547413,1098.4219710503255,968.5349716610007,1016.7446281603513,970.4519200459413,869.089233546602,895.8975549889783,875.8326363847665,840.5636244494718,820.8842664958244,1070.7826242985739,1058.2406419054544,1057.3591257539463,1048.8143764440704,962.0805813375956,909.6686061933895,851.7178214903141,827.677226500929,781.2133158597444,818.1278519916971,723.3305009777076,717.7338354071105,677.515100084854,617.192092000753,581.2013176142464,608.9650636530046,483.44777927157355,512.6090244405009,540.6292876865328,474.55505784250647,395.89509606733316,361.10360133960563,390.9360565344166,387.35423065966904,337.20967085410626,293.82773366202986,243.8173417981819,223.40384553564857,250.66968848420274,182.15442091842917,137.81788472708834,152.89834233405776,153.370149117618,104.19139658969402,91.36954026740814,61.38645660996922,92.85330548794848,99.90003406780355,168.12989408598685,280.5051079860243,989.9292906769331,1921.1901625353987,191.35988675278244,122.0526237616034,146.0495957345478,115.44629656277188,81.03989008257639,138.90131702009282,95.54022955723981,109.22073577247183,84.43275618243226,84.9700690453627,26.319910933399402,0.0,15.85754618244796,45.52776976602396,58.87500691976186,66.76207769848752,129.3373565558462,111.50017042360479,99.98152262429981,166.99231291677697,180.00748112008029,154.12478286920432,181.35076157224333,207.58478035816947,251.85625249070972,220.98886804317817,283.22542578140997,284.9266329162713,269.37954403082466,184.47936097881114,209.9133766439945,194.03727857052132,268.4503722069798,226.27438249162424,237.14925827443406,244.62174027220496,229.50243634073723,212.73000914795028,311.8402424691472,280.1928472569342,308.6401978880233,356.439508796862,378.9476902394558,334.92124072201267,374.43115061345725,281.52478240815793,357.28558965828336,357.39080172070476,433.9939840637869,450.4628436273548,515.7430710416834,586.8542707987539,583.4902395430479,495.235407921757,515.6327631981519,611.4514011257062,499.9762810526639,409.32703283720326,490.99694289572585,414.1918668646153,464.0138689492479,448.850370184484,476.6228937093535,577.2294666552001,623.2412151757522,523.4711429149302,489.2349260279406,627.000905602044,612.7558244128301,680.998731718772,683.173322999762,736.318282257388,766.3450151025067,796.7892911670117,757.9144033896742,701.9888776316545,875.7314725250899,877.182939225574,869.0091389127368,874.1748246733248,840.1244701201163,965.8890869288929,814.3975992953498,798.6472730429572,764.3850991018605,824.0337471465247,885.7602155379793,730.2649977553687,786.1296720457192,825.1310329790132,808.7100315427855,880.0566331596427,878.2874698492159,915.4336468880641,898.0129600700021,1178.4811701777587,945.4716718160578,1307.8673442935262,1425.8880528927502,1476.3278433567066,1872.0786166141697,1756.8181403133767,1527.1319854299,1893.866095991015,1946.3768968720397,1293.450941511614
47639,1145.4472935237031,1114.2203186648987,984.2923426953745,1032.58901914247,986.2913189035684,884.9262489450085,911.6972554956058,891.6872842181151,856.4210777314692,836.7257572539002,1086.517058191142,1073.8934480274988,1072.768289879318,1063.6486888690742,977.2213946596073,925.1534138003987,867.0332533849754,843.474579048692,797.0557788852456,833.5908145557839,739.1762030787258,733.5826631510625,693.2690978404232,632.9925641396939,597.0555723988741,624.5081310760336,499.28802871285535,528.0903031186647,555.5991480183944,489.3407668138632,410.54116204200193,376.0323277354619,406.77418754796366,403.0094660222748,352.66372649415206,308.795404828795,259.25659697355263,237.94800728646547,263.2709908338689,193.5025266263974,148.12387037665397,168.29376433556345,167.38906886458494,120.01634032637554,105.79274547600745,76.73274780019123,100.45488402039668,89.25694692729186,155.51675908746734,267.0007925001642,976.3881173401631,1914.4607295682047,197.23530442567616,127.51555860346443,145.79959692766414,111.48197727508666,84.2920077407747,152.52766769853585,110.35525537555853,119.75100032871813,94.44001774242005,83.972265386163,37.53560735775614,15.85754618244796,0.0,32.814063713726206,48.2356149026565,51.927811597680154,116.95654351500087,96.33524715585789,84.7872952169466,161.38027788513756,169.571246316987,159.64950541229035,178.2005691823376,200.67627107755004,244.49795009932268,212.7604562835476,272.36539909523486,299.85967527997116,285.1648221072663,198.93387843819613,218.88356862368562,203.17392086705055,279.13933509762074,232.67051629117924,239.0081574064154,243.4176684339182,225.5068556670844,209.7997446963863,309.2032672180609,274.8536883166414,301.72168956399827,354.2445139800744,373.55787300180924,328.4236607837794,366.7454204944645,274.2574190576292,348.8392806782849,345.43865830825246,429.88342110994705,444.8809180244184,509.8789180636167,581.3026468001844,577.4550916148761,495.39993558534906,513.1518360346283,607.4455600689199,497.7878845735264,406.9048059494349,488.4159249519314,405.9124181117334,455.5977400500639,441.9578276564736,469.8495395221416,569.987034215335,614.7162700199003,514.8325712692365,479.1083204089944,617.704198434858,602.767095162218,675.9712740940905,677.527346443131,730.452461128296,759.9757358713199,790.4450800349077,750.7540212802879,694.2043641426134,871.0193133562966,870.8322568418698,862.2174121871897,866.586123886896,832.3065587345627,958.794863480981,807.4892047715042,790.6809436319746,756.2941049459502,815.0409026910417,877.2252093118828,721.2082947061882,776.2160396302181,815.1713893574708,798.2847719928352,871.154514737546,868.4757271973074,905.4318889612655,886.8552841142042,1166.2670505060753,934.1914561095924,1295.4928491082576,1413.4256001866142,1463.802424997618,1860.2231319758812,1744.706147889395,1515.100848933265,1882.2139081794178,1935.046639638126,1279.0766914720098
47657,1168.8728767499397,1135.9141841046978,1005.3886151030789,1055.38694198597,1008.9370203755038,907.5343743930513,933.4779193221059,915.0214469114985,880.1184544872758,861.4761779217339,1107.277236152078,1093.7403366357112,1090.566517408061,1077.9914821848026,993.3064186810749,943.5823696555533,884.2770054820236,865.2417084804595,819.867598515938,851.9005922961269,762.129211470751,758.1203433958599,714.4605086000669,654.9360284631254,621.3925215168214,643.6120610592981,522.2358939927194,546.8202901302094,571.0881438470255,503.99904231304396,424.72467638155763,391.71698210869056,429.782864757353,423.4360965499226,371.56321319121633,324.9534759428748,278.44396805523075,252.56534943584674,270.55181144881846,197.97141815798543,150.92226410092601,187.96188197157443,180.80961856579978,144.14236771029002,122.3867122558647,98.40016258693093,99.19262002936303,56.849502688177765,122.87893631674885,234.97955953968327,944.4072020327613,1883.815374159885,188.31442045937305,119.86185181887842,126.16659870130428,86.71915117156445,75.2150672481918,184.40474105150082,140.78892276389584,152.55972611062856,127.22682423940104,109.99673891716695,70.14812639338088,45.52776976602396,32.814063713726206,0.0,16.96315647164957,49.91950894124344,118.88769508794279,86.32579623016551,57.216876666144,178.31744725955227,175.5848918914561,190.3621256435511,198.9935689131184,214.38899873124947,256.7015959639855,223.44306240998608,275.6382284745862,329.8518777998843,311.3502954649468,229.87033840874713,251.30588184831984,235.66647558690173,311.93396971791526,263.72840494354716,265.9310847940274,266.4237172772399,244.3346818550609,230.53237471673418,329.64503410541903,290.8313631980309,314.3556388173987,375.1803546668683,388.8574190249945,341.75705753564006,377.32773037206624,286.3673844141175,357.77754730463784,344.8568147649435,447.3424547975704,459.5403071870363,523.7967546972059,595.6858708733486,590.8790467952209,519.4394178623007,533.1847897193901,624.6944775757419,518.324722276334,427.2964985684314,508.33720805451736,414.96089890160334,464.13812431984724,453.95343525986107,482.00796659703286,580.8837588162374,622.5965488320711,522.6658923389714,483.2760484005346,623.6889585874356,606.9926682280661,691.220027314211,691.5660074052711,743.9806220902817,772.4363949136152,802.9236910633458,761.5386387272814,703.6746978729285,886.660268188311,883.2184147459044,873.6800977589418,876.2968600289713,841.5319786451264,969.522825404654,818.7556423977668,799.6113043492451,764.977387720627,821.4990529856668,884.732224531366,727.6242786550123,780.3704870534235,819.1592099398355,801.03532458156,877.778417000354,872.7979912998699,909.2184638626005,887.4373213739482,1163.3986242784983,934.3711932703932,1292.037783339747,1409.6326119312653,1459.7810885899603,1858.2676560824395,1741.9648802892423,1512.6803846086416,1880.8819304543988,1934.6734391246225,1267.9243098120314
47668,1173.6356260192101,1139.5034924191698,1008.6233082216758,1059.7450239868792,1013.2055079590543,911.8142147013872,937.1908962063864,919.797305914059,885.161869084134,867.2791464570587,1110.260239287423,1096.1400860671745,1091.6928939579645,1077.0871815507621,993.4425616876542,945.1490046206684,885.1500922494806,868.974741837499,824.3253029156983,853.4369746398233,766.7137845773582,763.817502860119,717.8994068843201,658.9129519216015,627.0350122266728,645.7800814504138,527.0141239470253,548.8597887150427,571.1686448405927,503.6949483698447,424.29917813411043,392.2260014864291,434.73610142937264,426.7244185905545,374.0267992008197,325.9414030660839,281.4140905963661,253.02627079504467,266.96458672546424,193.50788140946744,146.26366844125738,191.8486960757195,181.24401597865537,151.25211237035109,125.6053917071121,105.09230464101128,93.8947027878902,41.16479309044786,109.78437332158342,223.01646358420413,932.1458833858362,1867.066651899318,177.59468883329419,110.70337823400953,111.60346943514915,70.72375120331648,67.07666678441267,197.21475714822608,152.350738500222,167.56057907354582,142.4037909607347,126.95296665503817,84.62728453376336,58.87500691976186,48.2356149026565,16.96315647164957,0.0,63.17079282919361,130.75135372341472,94.15004288994214,54.15399279958413,193.9264447525822,188.17085831970272,207.01783860431183,215.29468010035475,229.0891179439248,270.8476209135559,237.24816091238176,286.6889255631434,340.3409983269418,318.7841670892717,241.49460213693933,267.11633054018813,251.3954513589841,326.9638416543695,280.3101162372185,282.8778987807131,282.99566998565234,260.18441633082165,246.77309073347817,345.72785459841117,305.93893685070435,328.49696565437085,391.3306252693643,403.6581600202203,356.0584597509396,390.72558112977714,300.4105993365685,370.6617366999732,354.1150890086108,462.6659102894461,474.098004677659,538.0912549391766,610.0789678554785,604.984482700976,536.0754349382303,549.0786356218784,639.880788692695,534.3324046462279,443.3096976063056,524.2151203723113,427.7927743566396,476.7328658179716,467.71166198849437,495.7921281240366,594.1848727889378,634.8189671113768,534.9494036208367,494.2226582086176,635.2051237909775,617.8381269323322,705.8286444752754,705.8146483616013,758.0536226724187,786.1613490139174,816.6445593991772,774.7122017106207,716.4194082416719,901.3314274776629,896.8863507666993,887.0454441990997,889.0594491347472,854.1340914519069,982.6138276011072,832.071764334118,812.1233296401858,777.41477258577,833.0887662520272,896.693539027057,739.2411861573958,791.0786012949948,829.7821378189774,811.1622820187448,889.4097254975081,883.5325880074805,919.7232868477139,896.6077885370046,1170.9277832661558,943.3476762953311,1299.2614553710043,1416.6728973028046,1466.7039614384325,1866.100108178462,1749.4477707986896,1520.3441167910473,1888.996395908019,1943.2136979769125,1271.2737750356503
47656,1193.4508817943013,1163.5311340302244,1034.0103290916347,1081.1396286169943,1034.9746536672517,933.6796557011295,961.0155759358721,939.868166172391,904.3117619375121,883.6336410247801,1136.4007421694344,1124.2536339058777,1123.937551235339,1115.5063633986658,1028.8378848647344,976.1351878880073,918.3962760523565,892.8298549871907,845.7013584747801,884.6348609560134,787.7496220794079,780.7801713277213,743.05310380366,682.3564622995291,644.5803905647876,675.3326060567455,548.093737926628,579.1046449006146,607.3736927339656,541.214682695259,462.4535817411112,427.8317715008091,455.68614942113965,453.4464481084326,403.76896776890123,360.5672383948567,310.4155095376823,289.87074909776334,314.1319395788404,243.17848982587807,196.83741802748457,219.56980519060727,219.26348562199874,169.70646781403335,157.71637634813004,128.13292052343982,146.5130592667371,90.99729780482429,139.4918962617118,241.8971511675602,947.69876822683,1913.9582641701072,238.1166822005351,169.29929784764678,174.7725708098747,133.1730233899662,124.56910822394251,188.5171430868534,152.5170845429542,146.54976382753208,121.93780572127449,80.66857778951248,78.10455554080633,66.76207769848752,51.927811597680154,49.91950894124344,63.17079282919361,0.0,69.18973539247538,44.88103935829013,57.534487441562995,132.62026120810341,125.66739626000982,167.43698264351463,156.49218432369977,166.20879819210896,207.6905597211871,174.0853771996858,226.08796555724422,339.82871879708415,331.57142888200616,237.44858139057376,235.70750238192468,221.0836642036205,300.8803464923617,240.1473041349885,231.10067730133431,225.45353423387692,199.2516291617141,187.4187487301309,285.33643432034023,243.39847791991494,265.33457367376576,331.1053245817144,340.75924625220017,292.923365081311,327.69718189769816,237.2411881957596,307.9327706721102,296.601069673792,400.3153033878785,411.0395977579189,474.94342362166987,546.951509421749,541.8143248773789,478.29780293540875,487.8460359848942,577.2963104311472,473.44348576518786,382.5219818208735,462.95514566549076,365.1069003349747,414.2406216174966,404.5711272140792,432.64736151544406,531.214136225857,572.6770911864205,472.7465052733427,433.68332147558704,573.8677794020382,557.4233908565348,642.7756931506266,642.6555147457079,694.8828493683254,723.0362068256454,753.5208949600237,711.8152281999237,653.8110295450794,838.30050954862,833.7780973872204,824.0515435859372,826.4402788466966,791.6434161942756,919.7694239403169,769.1004002265288,749.7095711419497,715.0674904024552,771.6509797008359,834.8240286933014,677.773392850294,730.8455384819489,769.6733267461523,751.8403524659241,827.919832691213,823.2516745632493,859.7863889980307,838.9499373823134,1116.513886965737,886.0446270514894,1245.4868513927863,1363.2832014266623,1413.5682997924914,1810.9572591381445,1695.050986659441,1465.58725815728,1833.2742332542637,1886.6441361299578,1227.1682213999504
47654,1236.8819680290467,1210.6411219060296,1082.5389534380467,1126.1969124296863,1080.4706235454903,979.5545051921451,1008.4464355586254,984.1961283885644,947.9719110060906,924.936978075555,1185.3248269147834,1174.810233731778,1177.755369087783,1173.9121358096993,1085.1893561343697,1029.2685026964643,973.3777410741684,940.4983612050187,891.4780578224573,938.1565872564543,833.4860079263593,823.0804394646647,792.3576817233308,730.5967471368245,688.1967386611979,728.356554728087,595.3822284267095,633.1540226853867,665.4501041895979,600.4676684765014,522.5532953466076,486.5998224929339,503.8377284626605,505.9509848507871,458.9428048507581,419.39048401245896,366.4829204754714,350.9041872172063,379.952793818768,310.43049629794604,264.7154972869367,277.15140228042463,282.1533470293634,224.3221531118335,219.9125096876468,188.1783718419387,215.23641440033649,150.2433644183544,177.74819460746792,259.33572195346255,948.0241878807684,1950.1027125130756,307.20110622179004,238.487915755031,241.45862380743455,198.31963425009587,193.7578073429345,221.3668056300501,196.47782432580132,172.3822860704624,152.7781437201921,91.10992952425691,130.81700981145852,129.3373565558462,116.95654351500087,118.88769508794279,130.75135372341472,69.18973539247538,0.0,46.60967561619613,103.40860980820834,85.5153181241342,57.84623282984641,166.28676846061308,116.18045745057468,107.05285466576484,144.19562165199724,109.70884039410458,156.90404866369983,372.1081024891547,375.54116240363214,270.8928158006881,239.26320207113022,227.22872070270654,307.4128371443185,230.88888131109974,202.0667691763031,183.6012084740857,148.40331742698615,142.61696769481608,233.57933373436038,184.4381910373277,201.1501425419786,279.01316553591073,278.7902641145863,229.1458943183316,260.99166466559353,172.93660424161922,240.2222057075784,228.5041945766792,340.672229550059,347.6290564911847,410.3945598944493,482.5823621390701,476.56498109636425,430.5021249192371,431.4774070699453,516.0766968537936,418.1333678257472,328.19446502844204,406.6415631348519,297.266492139419,346.04582884584363,338.5978501856271,366.6905243563052,464.08356333076745,504.07309737789797,404.19818777943743,364.49390023814624,504.8111604120182,488.23365560708237,578.9897734136123,577.698844120408,629.3830565902086,656.6699416009179,687.1311873689272,644.3924122862968,585.7708220409158,774.5112557335577,767.243203610403,756.9314480362241,758.4068496875501,723.4201795916817,852.1807476668067,701.9063385902035,681.3884449456426,646.6689889141094,702.6390519789888,766.0239695097921,608.7685382881684,661.6573552958372,700.4894770463552,682.7554345893606,758.929758224138,754.0621468507305,790.6119836392595,770.3332512113867,1049.3374551401364,817.5532496570161,1178.6237007858783,1296.604795647961,1347.0225958978424,1743.2768509209557,1627.7582546354415,1398.1450416589503,1765.3209301775262,1818.3244329745883,1167.0349665161193
47655,1237.5969919628974,1208.1344808286706,1078.7283460417414,1125.4993004877945,1079.3840940106493,978.1209515202373,1005.6305892946326,984.1063824034557,948.4443781124381,927.367394158454,1181.1546993614263,1169.0961193501714,1168.7975185188125,1159.9175501130385,1073.5383379621978,1021.0129555689788,963.2125738846562,937.4593223876274,890.1151408523768,929.508090893826,832.1460665663514,824.6586692924524,787.7992621767448,727.0049247534981,688.6256591768793,720.2136453325706,592.6050642574949,623.9780561251661,651.9288430847419,585.5978636671357,506.70574581662834,472.3565451643622,500.25130223556994,498.31175003427217,448.62934843906834,405.1281862358298,355.2634080505288,334.08232060831733,356.1397388295552,284.07395196323995,237.1447475895078,264.3843456303934,263.0916224898592,214.54675681298215,201.98052641692666,172.8845509954009,185.51757368425126,106.38986661630366,131.55506251100206,219.2397809842591,917.3088492686173,1905.7568619796639,271.51491430924136,204.77903312628845,200.97535487515106,156.8706981021298,160.66946985273094,228.88335927339526,195.6594777363355,183.8534803220186,160.57986750654212,108.28222391328057,122.25094850553023,111.50017042360479,96.33524715585789,86.32579623016551,94.15004288994214,44.88103935829013,46.60967561619613,0.0,57.66060248720364,129.82255741683002,102.37717573742425,193.1755010298238,159.02577503479716,153.66246121898666,190.0893763748665,155.5320834258819,194.57223393624636,380.85107775706103,375.40587345747434,278.3758308040223,264.7952023085809,251.2195018451277,331.8929594421082,262.82762322489606,242.15839601658698,227.72361875786532,194.3387414608473,187.17609951224432,279.8995990087174,230.99180268255816,246.53732305121002,325.4254647785131,324.72722082798595,274.6063286461494,304.53923967986947,218.39283395484725,282.7071971511413,260.0497582762127,387.005592061689,392.98609474404077,455.13684830657,527.3382135604844,520.8142262804608,476.52151169604224,478.0635449954173,561.9794173052383,464.7426305007958,374.7812543304436,453.23326939162024,339.3379569251694,387.36909580921383,382.54938600079123,410.59835464402977,506.7315555033348,544.1663553020146,444.6095086276356,401.43624482649534,543.1430777913887,524.8212256487138,623.9557892252651,622.0402829529364,673.3293946123007,699.9043554417839,730.3238955877114,686.4902094538679,626.9855851148365,819.3764066839203,810.253100068983,799.327501518999,799.496073198592,764.1754343200848,893.9228458089995,744.2489163997363,721.9726907989373,687.111852850242,741.0175055723505,805.2628474461887,647.2707332285638,697.8336168771432,736.4401246403758,717.4144149155762,797.3816562961792,790.2903967640389,826.2517826455352,802.4746505951309,1077.237251682913,849.1984967567695,1205.785995146674,1323.3443284408936,1373.4758053054375,1772.2455982769789,1655.794649801403,1426.5775308220766,1795.0158320232333,1849.1078114459879,1183.4737828618192
47666,1226.0154265116903,1192.7130457976173,1062.0271036376378,1112.4396702729327,1065.9646670621278,964.5621623492293,990.3194399742148,972.1617233257348,937.2982231145559,918.6903433731932,1163.7934164125938,1149.9197724379114,1145.7944596500436,1131.0976748969188,1047.592501365351,999.1691018543129,939.2780343793896,922.08817033999,876.9383687028197,907.4608597824506,819.2270177384912,815.3370991075476,771.1782889668553,711.858573957976,678.6090545146886,699.620332153891,579.3603237331004,602.7328815973649,625.3204054528117,557.8266632711188,478.4250956930091,446.36789162645783,486.9304466877761,480.0527654850175,427.7232941897272,380.02466033766194,334.8602483780618,307.15794557148655,320.11651954757275,246.3081317479507,199.16620057383398,244.73417437848823,235.35879556770902,201.30850203321677,178.77204932803534,155.61693943811758,146.8722496385381,50.21039988026736,82.1246475172763,186.07150052328402,894.1598282117444,1857.6360889124385,222.41695569218535,159.6732167672799,147.22915612927682,102.70567710830227,118.57930550826286,236.29276478406115,195.13077539570847,198.8964528946269,173.56182203661828,138.1412744921856,121.10933204958323,99.98152262429981,84.7872952169466,57.216876666144,54.15399279958413,57.534487441562995,103.40860980820834,57.66060248720364,0.0,182.2742752644084,160.01411180247135,224.72591728685063,209.13507435643888,209.93795243482373,247.50085372463664,212.96264985706668,250.28266120051828,384.63598927369964,368.3284810011764,283.47392313464536,291.94546456263663,277.0110143970524,356.06483770887473,297.615823620357,287.2921419193548,278.4619190598435,248.33342030660447,238.9949021920084,334.47107861036704,287.58865506047965,304.13519445877876,380.20529466449585,382.13689302474774,332.1927396414108,362.05456596972004,275.96915894868397,339.96440740916313,311.86703897653763,444.05183527977744,450.6055466024596,512.7945926310315,584.9952955189947,578.4186728786893,529.8981848544282,534.3839856088593,619.420207949824,520.7445107195983,430.3771644430922,509.51590568677955,396.4020373828675,444.0913754949272,440.12064244046104,468.15592662057145,563.9025361919909,600.1490166208214,500.85118537807455,455.8388909843516,598.1243273035246,578.735300600289,681.6162415024545,679.6526071043736,730.8626706032175,757.2336682358241,787.6349476292504,743.3822552005475,683.4898228818786,877.035316858699,867.4890080145133,856.3218782961832,855.8705661430985,820.3864703863194,950.6009064559654,801.2318288280331,778.1094382526674,743.1888635546917,795.843250261232,860.5859421893732,702.2472678932576,751.2300357438539,789.6371492737544,769.7019702752671,852.2175443928841,843.6323555749121,879.1411644597699,852.7209048962936,1123.5753155241464,898.985888150377,1251.338853253588,1368.4156338801392,1418.246661464001,1819.103542642091,1701.8559927759325,1473.1167656323682,1842.5162846230578,1897.5518624683086,1218.6630856576617
47636,1207.075857902348,1186.5971290266993,1061.3602814798328,1099.285144604566,1054.446413016883,954.6590050526788,985.8561702148562,956.8973805830137,919.8901485704695,893.5684997481487,1164.351662206098,1156.6681097141382,1165.549091179987,1171.1997666433958,1078.4226721526225,1016.45324727982,964.4225526692251,918.7003590001545,867.0029615036574,926.5990768127791,809.3936688415656,793.9026426901282,774.4024193922947,711.4821333914848,662.3249641714622,717.5950164779957,576.5219210604663,625.4753293879658,665.4913276766702,603.9753792755765,529.2883971684839,491.08152472863435,488.1643835262947,497.67567017355327,456.77079792908194,425.72387328304075,369.07696723472486,364.5073716261445,405.5497866875447,343.4823458626082,302.3005192406428,287.397540269562,303.39932979880484,233.80857568478967,244.04089086588345,211.50460739308554,259.83383053272695,223.30720351016396,261.0611463952791,344.5558664599702,1025.9914015727331,2035.3415595956074,358.1628383220917,288.5773229016364,304.2332676261586,264.6487436656212,245.664722416161,199.58968688434624,193.49194031890488,150.36992800438134,142.20483416346283,87.23538056470528,154.29586585856094,166.99231291677697,161.38027788513756,178.31744725955227,193.9264447525822,132.62026120810341,85.5153181241342,129.82255741683002,182.2742752644084,0.0,60.99337264486084,112.94250479335403,31.840296492815582,43.167140056543765,87.50403910676656,63.07933432729644,140.91210370620203,337.9365763473257,357.39797170590424,244.49562439811305,180.8731144238181,172.74439529731438,247.4882421717862,160.88133721855857,119.46714690939866,98.13435419805636,66.65292780174319,57.35812378997788,152.8514455138114,113.47341901014725,142.49017785045305,198.6493835445489,212.19401759067014,168.1606511696332,209.5253076290277,116.35721849573449,194.9708704333804,220.79862639528613,269.1659739683056,283.5924076528856,348.77305482594574,420.01482234048336,416.4993911043039,347.63725562772623,355.3178666178317,446.65560495761883,340.830324397531,249.90197444647706,330.4353244180216,250.71008119478716,300.6463363660327,282.32114217927864,309.9496627055174,410.9872850330403,459.59118285594093,360.5164318214268,333.2696622622278,465.9669321341767,454.9188163674348,514.5932695638671,516.2917637067233,569.3595491179552,599.3808313890917,629.8181256169689,591.4650850832014,536.4763563811904,709.6917739206008,710.2101192925871,702.2192112824015,708.2201706600675,674.5586528781809,799.3171196869237,647.6994795702915,633.3878100835657,599.4133742304094,661.3800530562743,721.7011370816404,568.0155584214142,627.1407191035208,666.2332412492942,652.1883207544755,717.0327659481762,718.5920961074952,756.492728549588,745.5084263415024,1032.9404228927629,793.6006815328757,1163.3614631933328,1281.8888952644988,1332.7944218735636,1722.4713901010637,1609.2957540960658,1379.2987003105338,1742.7974115240754,1793.161294314055,1174.3369112541957
47653,1260.7968945546493,1238.144402330607,1111.6748302033425,1151.8837317399848,1106.6785730373565,1006.3780595718501,1036.6866984486694,1009.5387345409002,972.7924236959378,947.63479935172,1214.6504818686767,1205.774474493378,1212.025221737771,1213.0683093278976,1122.251938832709,1063.0971701156936,1009.2117931590983,969.1490156611517,918.4741582080333,972.5780661941368,860.6489310787359,847.082278405426,823.0669035924141,760.5486350939806,714.0670773971154,762.9220835625451,625.2057312178548,669.1417585539879,705.3367018462621,641.8293371483661,565.1526289596042,528.055363186323,535.1802702493226,541.2634413630473,497.1379731576256,461.38970461158345,406.4532833102522,395.65667609362606,429.5375430599292,362.15087965278735,317.52684675602035,319.81139398256414,329.43501515946576,265.9018771198941,267.56081059725415,234.94654152876197,269.62324354759147,207.82061632833694,229.81882593855119,299.16565309530444,968.6238112171483,1994.2649863103907,363.5733896314425,294.38050082557106,299.2018281238938,256.1600674857942,249.728741676065,246.91470864182827,231.53290871260918,196.5259664974834,182.45599008164365,119.56923269361252,175.92630161175111,180.00748112008029,169.571246316987,175.5848918914561,188.17085831970272,125.66739626000982,57.84623282984641,102.37717573742425,160.01411180247135,60.99337264486084,0.0,170.37594166825633,90.96628737040811,58.29889200364068,88.25875234648335,53.85831373564641,103.34847524281606,391.7586943530439,404.88662039037376,294.515714977404,240.57658121028626,231.49234067798776,307.78581940446554,221.87307746736468,177.24616201831435,147.61272562955585,105.6959969633134,107.47349053507006,185.76660599932768,131.52254675854323,144.18253135965898,229.97539870689886,222.66970857162565,172.26172082636833,203.14722320198732,116.07569165811545,182.51347770894054,179.81998417679412,285.6397842029962,290.6104044377978,352.90169038793914,425.103996283529,418.8682771819935,383.06301075682507,378.09006998968397,459.79748459814823,365.48533530874425,276.8249113209606,353.3944129135204,239.62487359902678,288.61227762848944,280.8087688736219,308.8969670375552,406.27336555555746,447.0214939120404,347.08499160788597,309.53878938876335,448.66501465044917,433.2138618575365,521.6470285625172,520.0410637969047,571.6172125382363,598.8248995021722,629.2855216943012,586.6487211679413,528.2585449599048,717.1110791885947,709.397769151331,699.1328437053655,700.8978322249102,666.0252481618651,794.4908354543951,644.1178777595113,624.0638225117847,589.40722930848,646.3082380064164,709.234825236877,552.4309030591185,606.67326086776,645.6157517934432,628.7881101536868,702.5320991226138,698.9631514211046,735.867129834514,718.1412000906746,1000.3028541558217,765.6919314886075,1130.1044461456959,1248.3604880196065,1298.991325604754,1692.9708130756674,1578.2495687002547,1348.4145952352048,1714.433456774606,1766.5850031095683,1128.6503524288598
47617,1094.531361191255,1075.0992094263331,950.7265276945395,987.2406884578198,942.6065182578685,843.1577507545085,874.9102808627644,844.8782060405522,807.7547661172329,780.957665834606,1053.6713193879812,1046.878968409017,1058.0259397296977,1068.4458449683443,973.6717589125335,908.9453240998827,858.8576320887523,808.0727087058796,755.7118456892982,819.8815723811824,698.2927255925138,681.6864829490313,665.4039928128403,602.2460918333884,551.0497109685098,612.0934641524243,468.01529894793487,522.3280852356152,566.9765185995597,508.7327229306125,437.93337788352176,398.6660077353365,381.9167577156,395.63272528026704,359.8187635475668,336.8285429737067,279.0900358935099,285.66635355933425,337.68943507876435,289.1539499487036,258.20609988722964,211.15848710233817,238.22914390081584,164.31210026048714,190.93828579695617,164.59719290388682,231.55643893708182,246.8399969378161,305.88595110654063,408.772150882365,1110.462187594011,2074.0355416405587,327.64192918957735,264.0342508449171,298.05322532684187,269.5665274863956,230.50956999212337,101.11955465283158,117.82070380520199,65.0803039221472,77.78436819143536,86.9361058432103,129.0558443202038,154.12478286920432,159.64950541229035,190.3621256435511,207.01783860431183,167.43698264351463,166.28676846061308,193.1755010298238,224.72591728685063,112.94250479335403,170.37594166825633,0.0,94.94827823839013,148.199580414044,184.77061091003605,171.53013911403687,251.08602733483855,225.93780580706675,251.96968476411644,138.03709392378718,72.98146578129573,61.7012364856981,141.1659430960672,73.5056877432502,93.34772155162989,120.95983414912922,133.75055329411052,111.58206392198751,191.43611957987525,187.086846914962,227.0546645746142,229.75716492362528,275.8978268011286,245.99253194464686,293.7186336814595,207.66447787696453,286.2819881394007,330.3561106722414,317.4555997547707,345.04945106292536,410.18098239781773,476.73944611754865,477.39986612884854,351.85186498297355,385.56745888053433,489.42218287010303,368.47536780377345,281.8009297550329,362.0795042823285,336.6456957363181,384.87774188959054,355.28288464415004,380.6072444705387,481.93380284303197,539.146120311709,443.900840006823,428.11022029843804,550.9865344333076,545.0200803836154,565.0827100318348,571.911703116865,625.9660824250822,659.6132303765675,689.4527557627633,658.0352617828571,608.7830519235071,755.4157717634872,768.9935576140927,764.5197871625211,776.5560473459091,745.0222671238779,863.0010234524774,711.5377712437186,705.5116505852311,672.9749953283624,740.6789600223198,796.9269270455316,649.2076759406075,713.4174322157161,752.2774103552327,741.5807270547832,794.9803701850866,802.9601462294079,841.7474210382838,838.5773249811557,1130.416572837542,886.9742151968576,1261.1667528279352,1379.7472883715145,1430.8553549076946,1815.1891319099457,1703.93720078143,1474.1129940552294,1834.1490096311802,1882.2874550943793,1283.1989408374359
47632,1188.274037278584,1169.723519983372,1045.6046971416054,1081.5526353337182,1037.0659655709744,937.8037079993626,969.7317293445547,939.2304163299473,902.0212130716964,874.6496110975681,1148.536858732268,1141.8260332963541,1152.7453663650015,1161.7409627425088,1067.6499951559017,1003.6485529513195,953.0654865837467,902.9596016240605,850.4479785810394,914.3964215064088,793.0925876558091,775.9101096405942,760.3097168140515,697.1681159966951,645.8235167096739,706.2114455738355,562.8284144042269,615.5555603145655,658.2011128779241,598.237654781734,525.1776361827342,486.41102177229936,476.1339031256614,488.2659352708327,449.92594595726393,422.325802935576,364.9654763110028,364.5591819179927,409.5591663062981,351.0707370334567,312.23827115048186,287.5939157356907,307.32144826207826,235.23745176468591,250.4906605820748,218.81480630059448,273.17227490431924,247.44539809694527,289.32593662443657,375.5123220008057,1057.7144008483615,2064.733544024184,372.26034806308917,303.3181528732948,323.4422558047738,285.70735347461687,261.9071001365388,190.30246168492144,191.91338376273507,143.86292734471945,141.14629774859975,96.97689662528825,164.81097513826165,181.35076157224333,178.2005691823376,198.9935689131184,215.29468010035475,156.49218432369977,116.18045745057468,159.02577503479716,209.13507435643888,31.840296492815582,90.96628737040811,94.94827823839013,0.0,53.74900754727481,90.66911049006578,77.36720540291635,156.74206082040843,320.5780673019303,345.72805321766054,231.82096996769636,156.97434592360804,150.7608182436763,221.7844540660934,132.64003229353753,87.63901147952592,69.32748280734079,49.02851669308607,31.634409107872983,131.04820752591291,102.90617185836865,138.53566105371732,176.3277406556543,200.2269019244266,161.32050089085996,206.45789106783528,115.84033093885763,195.60844140984483,235.60630714135806,252.85446647065376,271.7853998407859,337.51876493239683,407.61972544586,405.48227349101154,321.80562047084743,334.9806677562772,430.18038485352855,319.7461625933229,228.78387046963206,310.2268202859786,248.9260992335238,298.3721585995419,274.89855227592733,301.8327921974286,403.597619507101,455.8983564505186,358.1581698635774,336.7427902591993,464.74014598412674,456.1452382094162,500.6597045609942,503.95816065731594,557.514032747996,588.8050872534069,619.1189657047642,583.0600737286237,530.0609815472815,694.8974451889645,699.4008401320149,692.5644051246298,700.6918653491387,667.7532260875286,790.292161763644,638.4622125129288,627.129770343358,593.6387379822966,658.0372477363777,716.7985105535103,565.308372452175,626.8230808999367,665.8626096815806,653.3959302382897,713.2157666323918,717.5244057006316,755.8684302913965,748.6752372717493,1038.6724113149176,796.964425150495,1169.322019806437,1287.908991230677,1338.9418302689835,1725.8223655093295,1613.6162560207315,1383.6636341693452,1745.4739649541782,1794.7806934243729,1188.2512667850556
47684,1242.0153967610843,1223.2592314428248,1098.8971451463628,1135.2104763839095,1090.6767177832924,991.3250192391233,1023.1066394446666,992.875231155938,955.6881500322354,928.3917189928302,1201.8499178718737,1194.8729050323348,1205.0582508306452,1212.3774074383703,1119.0027186465638,1055.9485580837575,1004.7013376655814,956.2375868215614,903.9059702576127,966.4253477168911,846.4920734446864,829.5844794680694,813.0732232630417,749.9971541529954,699.2483097618722,757.8201125375589,615.4038019700025,666.370106405223,707.3968322359765,646.3159503214606,571.9767137513008,533.6420139189165,527.9776753865301,538.7414378498489,498.74413055810066,468.5081210841137,411.6991213209875,407.6470335302685,448.5528391728007,385.88283039464824,344.0751223073992,330.5268044943136,346.4576845284577,276.96929716834524,286.8239894800505,254.19454056389998,300.3263029460885,254.7359088952825,284.34340336903256,357.38263023343427,1022.9449912573614,2052.26004057285,397.91143767200793,328.190943027772,340.4952511346773,299.38154073453234,284.5699545396772,240.35630464276272,236.37136524958024,191.9675936578715,185.04168245092916,130.09788693643358,196.45363131301016,207.58478035816947,200.67627107755004,214.38899873124947,229.0891179439248,166.20879819210896,107.05285466576484,153.66246121898666,209.93795243482373,43.167140056543765,58.29889200364068,148.199580414044,53.74900754727481,0.0,44.64406140963546,23.659443560555527,103.02367651908804,374.08421719464974,397.31727258054826,283.72891129514545,210.29696527037964,204.4603681007136,274.0749441461795,183.34945178672723,128.15555316895743,92.2186452693178,48.22318779260731,55.30312484143898,128.03829479520084,77.74051615076942,101.09192046455523,172.8517897826192,174.57244527330113,127.80720787493885,167.20272311245557,74.03872794876506,151.9239841862876,182.1629740549864,234.63145451262244,245.15995464759604,309.6338416349118,381.387374062461,376.9972589892251,325.4897075755553,324.4946520530198,411.19882297779844,311.08091885416525,221.2419439209357,299.64263926403527,207.94201578937538,257.8954799920563,241.3415209833096,269.1930581740564,369.6448786463688,416.99430129695605,317.7164628752012,290.1849758034764,422.94044528998336,411.7516862633563,476.8320131260251,477.4042736304373,530.0764405593982,559.3180367870208,589.791654739449,550.3379348974106,494.6111950972082,672.2891228793746,670.1739467516657,661.5875384930503,666.6528712327765,632.7414494239871,758.3313501487977,606.9064052694033,591.4049147028904,557.2939040172716,618.6226470515224,679.280229853984,525.1692647039524,584.0098474123675,623.1025217944804,609.0232041855356,674.3568744035638,675.5072341035312,713.37158115957,702.4673642712231,990.360736833583,750.5858905697593,1120.8458642068588,1239.395187349049,1290.335392869846,1679.4921735304815,1566.4594247657121,1336.4625564663809,1699.7417510196526,1750.026019466451,1135.352222393755
47649,1273.9860091124324,1257.3286877782618,1134.1143311468475,1168.4303323915678,1124.2940713014148,1025.5401900801075,1058.014536752615,1026.258350402282,988.8870184623751,960.4622366067949,1236.9668113542664,1230.8844695860291,1242.7620866855023,1252.4040664688248,1158.1948334090303,1093.6913385832027,1043.5168372477328,991.5448867789847,938.4788487498437,1004.6478776338431,881.3539591395613,862.7722944582142,849.9019481540372,786.6887885119831,734.0711762284805,796.6949237419681,652.7053532956529,706.214982585623,748.6796492380289,688.3247690830264,614.6338683612238,576.0808836487,566.5593631118858,578.9327791914346,540.258335585474,511.3953926717987,454.3202381124078,451.4793736971602,493.05223772919123,430.5246412437668,388.61949916484156,374.33485500307,390.90049085496554,320.9692682105095,331.4301814995153,298.81953606578656,344.46903387812614,294.1621068723997,317.95768056817013,381.79686184103184,1029.1291715949492,2077.029525251725,441.6590952320279,371.934980662734,382.4478154421353,340.56273033569477,328.04349322069186,280.8613895011901,279.6330686619342,233.64894057941763,228.32240647123635,174.66025492636638,241.08696774421819,251.85625249070972,244.49795009932268,256.7015959639855,270.8476209135559,207.6905597211871,144.19562165199724,190.0893763748665,247.50085372463664,87.50403910676656,88.25875234648335,184.77061091003605,90.66911049006578,44.64406140963546,0.0,34.5583153222406,77.05571159626591,408.8865315052494,436.2843656023084,322.3282116833321,240.2894836024726,236.65621127953577,300.17374112278736,207.91359204552788,143.99473170913245,99.41484913225375,57.82601497732334,77.08809499230841,107.1927525573986,46.818425668492765,57.65934442941132,147.63857917113333,134.64331153508448,85.29545292808331,122.64989858853227,29.773057083561362,107.49608251003845,150.09586394911295,197.3902085296264,203.68870788971202,267.2572665089529,339.3001353908142,334.1849596126986,300.5727409625689,290.324573381918,371.9199717847593,278.1741048760729,190.94927705807117,265.73766448485515,163.30701494725807,213.25942375038514,197.57412605259387,225.54946492330373,325.5026622843401,372.35055289318007,273.09316666227363,246.96969982274393,378.466480929754,367.80051002182967,435.33267795568577,434.9670287462692,487.2820318579667,515.93091851635,546.4166075639206,506.260792214313,450.16246988998637,630.8913992500297,626.7627197567854,617.7853444637992,622.3209602258042,588.2990755307569,714.2979104992224,563.0166263712769,546.8992532557633,512.7422096940494,573.9933361701736,634.6506525880885,480.5651334832448,539.7419906321514,578.8327447866081,565.1343218622377,629.7160420719051,631.1197077151915,669.0687997226835,659.2578448386872,948.3270076735588,707.4599560766231,1078.9304877493532,1197.5105705461829,1248.517239249883,1636.4098994282701,1523.7700481890606,1293.7874130307623,1656.411800556675,1706.3519333052814,1099.2987873427735
47651,1265.5862538804192,1246.6293484779044,1122.1033844044146,1158.6810360993998,1114.1068123048622,1014.687596409018,1046.3678833838255,1016.3352616377748,979.168638240978,951.9650385188702,1225.0672933204255,1217.9260955416719,1227.69819661665,1234.1537310031606,1141.1469742259762,1078.5894250256326,1026.9996034868698,979.4383832492714,927.2256485233708,988.9295397624776,869.774066854119,853.0733283655222,835.9813196477912,772.9462193462903,722.5521783657557,780.1341686438841,638.2312639709679,688.3161030571952,728.5700757958151,667.002728033394,592.1370623041853,554.0220792239971,550.4563123813588,560.5718775089969,519.8501038722808,488.4968093491216,431.99486887798747,426.4285792107007,465.54376250242365,401.32145054590626,358.47797808528185,349.4383087254236,363.7947653562735,295.61372144178154,303.32737008759386,270.55108293112147,313.1059984924859,259.80090302450145,283.67318810619986,350.08859868205775,1006.8834668505542,2045.5522315635003,409.51583655986786,339.8509213113315,348.83190076949074,306.63546715033823,295.6672334778077,262.30382537468427,256.2415761243736,213.36657289760112,205.04700462640142,147.5289235839422,212.03169225713538,220.98886804317817,212.7604562835476,223.44306240998608,237.24816091238176,174.0853771996858,109.70884039410458,155.5320834258819,212.96264985706668,63.07933432729644,53.85831373564641,171.53013911403687,77.36720540291635,23.659443560555527,34.5583153222406,0.0,79.5581672147733,397.46325539003027,419.7283720964039,306.3618930781668,233.94110050371748,228.10753446244095,297.5250003600818,206.52802334317073,149.40238189701998,110.3950970063997,65.23094546277288,76.7654974967744,135.289837693524,78.3004075688014,91.58993604503439,178.18364560986745,169.19680040686583,119.5002453139489,154.16689170485284,63.376901568792185,136.30152995148592,159.00374698804285,231.82416599467624,237.982464900103,301.16486084468494,373.29062031118605,367.7986674048647,331.5048105689643,324.2947195289247,406.46520363986644,311.8287896107772,223.6657328041573,299.6267084454583,193.2305961960347,243.02634335349308,230.51869107708774,258.5834274273957,357.68489554622664,402.25290133715725,302.51125876937886,271.55480635729606,406.62858857936715,394.03998190426836,469.5028321260807,468.7489071981474,520.8340989790416,549.0015661851617,579.488362479561,538.4396721696497,481.46167384173464,665.0559399116206,659.7761481276976,650.350437743373,653.899939409583,619.5524849209737,746.4856108235269,595.4760568601979,577.9224991152499,543.5567126570195,603.2229585424216,664.7714121562607,509.53261857973985,566.88355975512,605.9614210759561,591.043043968224,659.1748819094737,658.7029200303327,696.2863118488586,683.4362545722886,970.0965001379305,731.4371164711073,1100.4681627966113,1218.9792756957827,1269.8636018841457,1660.1590065243886,1546.7138817056752,1316.7223222200093,1680.7105881039215,1731.4827803704445,1112.461805195727
47663,1345.0089900796863,1326.1843603809136,1201.575552663011,1238.2231883946517,1193.6625926972652,1094.2414226659637,1125.8787220967317,1095.8821526939025,1058.7050547219408,1031.3838217416958,1304.5468137299326,1297.252321073195,1306.4610631282512,1311.346174667811,1219.0643152038624,1157.3646585142128,1105.2116019684083,1058.9083142376319,1006.7666734573177,1067.4961468434599,949.2982174696698,932.6041568291674,915.1523263384829,852.1717568898817,802.0882051156754,858.4199377499796,717.3203547832055,765.983852072364,804.7139980601571,742.1843726649607,666.287417258601,628.7005065884127,629.0738068415487,638.1011383989425,596.0535779343458,562.4765069559414,506.74530414422725,498.0076278632093,532.864243140268,465.37680977241496,420.47776418900753,421.6651075753054,432.53809912949134,367.6519209952958,370.7919355123702,338.1179831912279,371.84861367922974,300.26980872597267,306.5158549491397,348.36440443338927,964.7451944008133,2036.2224558542541,463.89142090503003,395.37235068526144,395.53163363229623,351.4313122878568,350.64458898047326,340.39203878686124,330.9154608032018,290.80927457086267,280.3619066902891,219.5894906983585,279.04941989355257,283.22542578140997,272.36539909523486,275.6382284745862,286.6889255631434,226.08796555724422,156.90404866369983,194.57223393624636,250.28266120051828,140.91210370620203,103.34847524281606,251.08602733483855,156.74206082040843,103.02367651908804,77.05571159626591,79.5581672147733,0.0,477.02099757099427,498.3070221373877,385.31655679997465,312.5383968733972,307.2730837843796,374.73961516748193,282.85530116718905,220.73698963984668,176.4679467986906,134.06787445160748,151.26919216130761,173.08792940896421,113.26761933412493,91.99672589941525,205.4732886682272,163.72705900100013,113.88822861107009,122.17681121171563,77.0472290462161,96.40405717631283,79.88947648852574,228.5259165724034,219.0179347683235,274.0181446156268,344.9687054756877,335.7602143277144,351.97028421416553,324.6867262605062,388.917106676539,315.8739679340452,238.09828041435875,301.6691557823042,149.2179894529991,194.8593854227791,198.72324979564493,225.77440573756533,316.11654219399105,349.86650154427036,250.66842280689414,207.63878676487064,348.66541092676096,331.35735600952216,441.7390811954823,436.438862876029,485.7423630121998,509.90836205549033,540.119984844136,494.0804660090954,433.47994123681576,635.263006944769,619.397969099111,607.2316870559432,605.6965368666438,570.1318173743628,700.7419719753455,552.1499928449792,527.8369268079865,492.90853290734543,546.5640699773053,610.6907527971595,452.77074966891547,504.7607803226281,543.585791985493,526.0325105482547,602.9146357524745,597.1748430965155,633.7119157875705,614.8160169605729,897.4389363600488,662.3465342490724,1027.405288701911,1145.748720889857,1196.4593828892741,1589.7192996208869,1475.1739873797196,1245.2974266581264,1611.108882142185,1663.2440869254788,1033.4439101079681
47602,869.2932159482496,849.1752108268536,725.2475394834327,761.3959205221912,716.6849448018883,617.2415228403166,649.2354238706498,619.0162276182746,581.9646494749708,555.9446977851841,828.1278050142353,822.1228521152967,836.1371168563157,854.4366937872035,756.5097063182475,687.3964707251282,640.7677054071044,582.6611806012031,529.8752916572141,599.9325370427885,472.57601949156367,455.9661421240699,442.25233895096983,378.9527437274921,325.28823680625186,396.125904314493,247.2222722337738,314.0059846629268,369.3768120058923,323.2176881028118,270.77973813956964,233.75949216590035,170.46338099414177,197.87458379595014,185.80224624673414,197.96731537164686,158.6123532540273,200.5708024676034,263.9668117035525,269.2111418949528,275.76721434034715,181.5694323373526,218.70137052894088,194.56103301093458,232.04570288286655,238.4216417371181,293.06332516028016,378.2775332619313,449.2193131652979,563.0290924012411,1270.8263034274682,2133.5221100888252,344.9330497698254,316.7207215931965,369.63012293897157,368.0642814918714,314.2598619411859,152.0264444569966,189.5057713999259,199.73646294137595,220.84596653398748,281.0231388906617,264.0807196066877,284.9266329162713,299.85967527997116,329.8518777998843,340.3409983269418,339.82871879708415,372.1081024891547,380.85107775706103,384.63598927369964,337.9365763473257,391.7586943530439,225.93780580706675,320.5780673019303,374.08421719464974,408.8865315052494,397.46325539003027,477.02099757099427,0.0,71.89118983173175,102.48634167080976,172.8070874408639,173.09629331196263,137.877193066472,214.0726796719787,283.2452856912517,327.57283361693766,354.1776164307531,332.74472494560735,387.3187697970741,403.0846805915927,444.7906662982972,411.6978511550144,477.2230934392201,459.036959787193,507.7916948905046,429.16412299894506,504.792131781981,556.1789117589369,501.4888725957039,538.5905295892626,599.129483819138,656.7714159484069,661.9946963791739,479.97854263359517,542.4477448088559,652.2334350255873,524.29439415237,454.8503196627144,523.4011282179188,550.090135270595,595.3763147274,558.0434388713453,580.0001817737024,676.8680275225469,740.894536210496,651.8501286334181,645.5415278981743,757.8188847450375,756.6914522551123,733.0437770930143,745.8851929132301,798.936248540508,835.9369638959597,864.0737436222719,842.1800620194383,800.9704611603805,909.1689542770603,940.2328114034877,940.4919029393926,959.9744341065044,931.7525622605182,1038.6103851059763,890.8439788855915,895.1037345549756,864.9842516853575,937.9920346218734,988.4903374037017,850.2278272862178,918.871302141127,956.9878812909226,949.9957702622274,989.8498402215852,1005.1927524690507,1044.554249358314,1050.006191726901,1345.152282107555,1098.4006041108473,1475.8899087817822,1594.2483226184906,1645.4780036641312,2022.5339829649474,1913.9377456865916,1684.8353894330141,2039.6812388126054,2084.761064117889,1508.1852661339271
47604,862.3615729155109,835.1167742603559,707.4154189354492,750.8997543230694,705.0471412370342,604.0472472813185,633.0063532933135,609.1273542126373,573.2260374691402,552.0630187031459,810.3143167378691,800.9165954984587,808.1729454563119,816.4895571495833,721.9225306763286,659.0892212440383,607.4108722460554,565.1501667507813,515.9674287186269,569.2192058688538,457.9687603287618,449.25555144894787,418.19099200672287,355.79812579123256,313.3280393473562,360.53146654533555,220.41677157021655,270.46864752556013,318.1107565360632,265.0664012115509,204.99559827723016,166.51880993851285,130.7668085740022,144.9193195836076,119.87447695923083,126.1527020718581,89.35903758423508,134.67901527172032,195.93150790391311,211.7652344781482,227.41491585862954,136.4871800304249,168.14445845105843,167.53785553617928,198.11009159179287,213.69271962855953,255.0691599342435,352.875902130108,423.4021599171845,536.7184670820967,1238.4806004455675,2072.247871776502,290.4254796377504,273.5607331233434,327.21320255863543,333.3747999183939,280.2626087149178,158.24046631767789,180.11503896173437,208.48592597923604,223.67062052521004,287.1323248636254,253.46741520153017,269.37954403082466,285.1648221072663,311.3502954649468,318.7841670892717,331.57142888200616,375.54116240363214,375.40587345747434,368.3284810011764,357.39797170590424,404.88662039037376,251.96968476411644,345.72805321766054,397.31727258054826,436.2843656023084,419.7283720964039,498.3070221373877,71.89118983173175,0.0,113.98035541632245,215.63508699062953,211.01109385744346,198.04966396673532,259.3697246191138,324.9110584665651,365.6472479439636,385.43435575890726,363.326458939137,430.70337288533744,437.6871340738216,478.4361760329333,459.956015408386,519.8073438730182,495.78513230219465,544.1628064441878,459.6328798730487,537.9982485845958,578.1955720417111,550.4871205408867,584.7721111654499,647.4163163882582,708.3291566566088,712.1502934324287,541.2836227727165,599.0180620825541,708.4044538825544,580.8902463906953,506.32796872078995,578.7410150715114,587.0186984715641,634.2420003710513,600.6420731935268,624.1976688864631,723.4092623883431,784.779940277107,692.3346821326797,679.8155334578618,799.2121943242797,795.2565271375595,788.4276526723906,799.7136148085727,853.290250822431,889.4800939334657,918.2149216755973,893.3010707677706,849.08229610604,968.673735676629,995.5740241245065,994.4866433471392,1011.6915280274185,982.262276002595,1092.9704895105524,943.6795492637714,944.4826917703668,913.3669005735368,984.3932306091269,1037.3558257208115,894.7592540166436,961.3324928155353,999.9046388298199,990.8478799317621,1037.3953293717425,1049.445825108652,1088.580537408725,1089.07960929478,1381.9668870504333,1137.5128131296278,1512.7457679211523,1631.3058192224753,1682.4469073004577,2064.6628922768737,1954.3452278304774,1724.695002626871,2082.889100293542,2129.668404019629,1531.6607045825513
47612,967.0981573551579,943.6312283607238,817.4474184084762,857.5427069797837,812.2339934158563,711.8668543542308,742.2708893582821,715.2497281236617,678.647573542189,654.5153817104618,920.4416671995879,912.2857073096762,921.3482721986843,930.4147012297482,835.8666544905764,772.2384146132921,721.2451515376613,674.8471315439933,623.9587306933844,682.7163312057979,566.1420260268512,553.2057130181543,529.9154962003657,467.03609208840476,419.5884606994666,474.39156283882295,332.02632489162676,384.2922079110123,429.8444450170905,373.3052056882175,305.75021965672096,266.207314124985,244.33333879227519,257.78822228670344,224.4968669081781,209.25218329405874,153.12699840018507,174.54097693780244,236.50269556452764,213.6682146888161,204.34708866269884,118.7029291761771,157.11970859610258,106.47748881080814,146.77676138597226,144.46537881839242,207.74354295902484,280.78926687261907,351.1717717251895,464.47569982983623,1173.5989170770158,2066.952217365726,278.7026197680014,235.8942626631036,285.8730165969972,277.0067405864512,224.22119770442504,49.72294105626819,89.1671175753608,98.93874546038285,118.69642676065938,180.12888940748704,162.45649146765612,184.47936097881114,198.93387843819613,229.87033840874713,241.49460213693933,237.44858139057376,270.8928158006881,278.3758308040223,283.47392313464536,244.49562439811305,294.515714977404,138.03709392378718,231.82096996769636,283.72891129514545,322.3282116833321,306.3618930781668,385.31655679997465,102.48634167080976,113.98035541632245,0.0,111.53713751724034,102.92967565796117,123.76392080940656,154.6927433245773,215.3263032276693,253.71462195301672,271.6519872027272,249.51308501497186,320.77889803729767,324.3229171641556,364.8063623619502,353.09069933558357,408.86240669174254,382.76215974707515,430.9342506716158,345.6946193484152,424.2297735342291,465.1546033869095,443.41569540990116,475.50564970259154,539.2637572490662,602.5021691035108,605.1308390847603,449.60066345975866,499.2984507834519,607.3826371595317,481.3742096539906,401.8070188463089,477.67105610721194,473.84099462631934,521.493901347071,489.3766783794968,513.6310379427232,613.8338981154636,673.6429770162679,579.9972630277844,566.0636941960275,687.0241380852628,682.2090118314236,686.0731956337116,695.6491813056939,749.5675909357648,784.8274958849955,814.0701911863381,786.4806160786168,740.1655431495731,870.9592597238407,892.4755786748306,889.9964903662097,905.097562760845,874.7625876461345,988.6301299464882,838.2124557571709,836.2257052808613,804.4917040262874,874.2049229013527,928.586242402225,783.7415462188965,849.3469759931079,888.0577690551459,878.2775594763348,927.790805430504,938.1122841277851,977.1106138928227,975.9569494381693,1268.3231439466804,1024.3773846664806,1399.0874498047363,1517.660808474811,1568.7831610721712,1952.1021531589768,1841.3166730844137,1611.571028146822,1970.685209251624,2018.1153405370958,1418.7430658919825
47606,1033.6975132497523,1017.8016502592164,895.7697611117425,928.4344488587205,884.5147331763145,786.236971261619,819.3704138350819,786.3811995739189,748.9296881477903,720.1882276621322,998.427496507461,993.559715897619,1008.8264444523497,1026.3383358384551,929.0275808987476,860.1544249590726,813.3840004449307,753.4614390883736,699.5834519334849,772.7215893034369,642.8497814095138,622.8608811415908,614.8290243380192,551.5417059257223,495.78243395110627,568.0827544016208,419.9417545438679,482.89554703748917,533.4964707667509,480.2565061541596,415.5936956099085,376.1059306422902,339.5717744195611,360.0568820547701,332.6226427699713,320.6902598379816,264.64620409071955,283.2828649411812,342.745555151339,308.0154448638622,286.5649069148797,217.87034427464138,252.36124974207456,184.07624021961087,219.79329624388598,201.45089495374322,271.7514430725486,308.088964023522,371.3792692966288,477.5719945937398,1181.8917581763055,2129.5364756989816,360.3700346745421,303.8406141293284,345.24133337117695,323.0236172668187,277.5639777888988,102.32802136990412,142.30271800513592,101.88612576885377,125.60298915979904,156.93044695673225,183.59948900837568,209.9133766439945,218.88356862368562,251.30588184831984,267.11633054018813,235.70750238192468,239.26320207113022,264.7952023085809,291.94546456263663,180.8731144238181,240.57658121028626,72.98146578129573,156.97434592360804,210.29696527037964,240.2894836024726,233.94110050371748,312.5383968733972,172.8070874408639,215.63508699062953,111.53713751724034,0.0,16.019300758113825,68.20957849007584,43.87244546795292,110.76527921849853,154.7929260824329,183.75908256390474,163.22479015135917,215.94482458384843,230.7202552799353,272.5397699897399,244.36932049738584,305.6311151928542,286.24153579196724,334.9957854720302,258.3139707476914,332.48441870060526,389.87554390294264,334.91431588845364,369.33849471848725,431.78168493830407,493.17374021969925,496.64390765986633,339.01845940885585,387.8543803586888,496.1908132320001,369.9027402475983,291.58429793158047,366.40691577178376,377.285757767888,422.7789653296516,386.5754417401881,409.40725391684083,507.9891485928041,570.2588072023942,479.6796713954996,472.84764001630055,586.0337733948503,584.1315428181755,575.2486366312974,585.4457081234858,639.2460115526568,674.9309513310762,703.950485332224,677.888857369825,633.4797934219351,759.4500174155719,781.9708420487755,780.0572959817389,796.3684737596463,766.7152390786546,878.6486215523211,728.7601773291071,728.8511655958099,697.7533786619058,769.1071294093955,821.7275142633356,680.0349171451829,747.618443471588,785.965645536124,778.1197545735995,821.8928632723201,834.9015768253266,874.1476361057595,877.6570986543201,1172.469023067953,926.073946302911,1303.2245245274098,1421.619706868502,1472.8417762122997,1851.3777979063454,1742.1172991881872,1512.8173468796517,1869.028359832179,1915.0545948601653,1338.1550105444799
47607,1037.9023815590995,1020.6782693433464,897.7981476764863,931.8415109400948,887.646478826623,788.9138732853074,821.5736956952251,789.6327415106975,752.2907597557622,724.2905075834173,1000.581923767209,995.068590404018,1009.0384090842923,1024.5150659772676,927.8755675079511,860.1914595887908,812.419794711516,755.320358692051,701.9431422699324,772.2298823629305,644.9397821743197,626.1673766557351,615.2858115649462,551.9880251938582,497.7025411007338,566.5294708524692,419.4025033255522,479.9739289820141,529.1159405104772,474.6031522818075,408.4484837297735,368.91053756217354,337.1637637729376,355.8771214992225,326.32476809010683,311.9929468094878,255.36673035278,271.9698451810782,330.5108717387219,293.9359376864676,271.53118460058084,204.8642222288684,238.62014167187647,169.37439597311518,204.53185395831593,185.67697247524995,255.9562461436899,292.4107708309537,356.090804957154,462.8243528196332,1167.9213427201503,2113.5183969567597,345.12257554638603,288.0983594702135,329.27029352901945,307.0176851803869,261.57183641137544,88.43105025803041,126.90972268990886,85.87006053786097,109.67654078271286,143.05107012302213,167.71871783180498,194.03727857052132,203.17392086705055,235.66647558690173,251.3954513589841,221.0836642036205,227.22872070270654,251.2195018451277,277.0110143970524,172.74439529731438,231.49234067798776,61.7012364856981,150.7608182436763,204.4603681007136,236.65621127953577,228.10753446244095,307.2730837843796,173.09629331196263,211.01109385744346,102.92967565796117,16.019300758113825,0.0,80.7099673379733,52.42916872922642,113.9036624808681,155.65888839504356,181.20297670131222,159.9876992045969,219.70589305758335,230.21300824355222,271.820509310312,250.42670980527672,308.8489091840169,286.9059897711805,335.6065360393239,256.1512086974643,331.8218411899633,385.41756587480535,340.8778386864972,373.99357678160567,437.175819940476,499.75305192796816,502.6571413409259,350.4689877616069,396.894935527903,504.6404801030481,379.04783068714346,298.8787872967246,375.0173143549251,378.18548533395733,424.46637045303055,389.73106006442356,413.186583441645,512.5750921804306,573.8002432543749,481.9918409032882,472.89408865975037,588.6720073081618,585.7743287196024,583.1745051992019,592.7345129870937,646.6441736903963,681.9622819412068,711.1694913471802,684.002814097258,638.5248572226534,768.6752223019879,789.5459971967778,787.1280060812219,802.5827440005229,772.516523491797,885.7571668210737,735.4555030994052,734.2746016260535,702.8414323155376,773.44467353163,826.9006801584072,683.7575475086184,750.6053048540535,789.1003473438386,780.5629994823144,826.6030117839543,838.4768237980534,877.6372696112178,879.5253283707785,1173.677745840345,927.9596054412913,1304.4627859510097,1422.929910678253,1474.1308213758518,1854.1960898578122,1744.4263805208975,1514.9609247914627,1872.1687325375142,1918.7066101103562,1335.6595854728973
47600,976.8274724550971,964.4610817616898,845.0469119308981,873.7641969733734,830.660611913022,733.849076447444,768.2851297939934,732.3772965102781,694.7050892884504,664.0410819098724,947.1667070461729,944.2246363594177,963.5437897965364,988.0089135298316,888.5224845753461,815.7590240607827,772.5318898165125,703.5651029015938,648.343562856298,730.361032038814,592.6063882496102,569.1362183534382,569.8977815849001,506.99433184379603,446.7991107049872,530.4721062723913,379.9850621981789,451.2319719373995,507.2535559213084,460.019639152702,403.03974930462863,364.49993507094706,308.0449222561717,335.3523091022258,317.8439664041315,317.6650743755673,266.3929325578363,295.21556151623724,358.56514851128424,336.957218574866,323.86736158007244,242.27478388187842,280.2839588730661,221.57590855369244,260.8578778928393,249.01813303204815,318.2718592736631,368.12773974178367,433.8314859763374,542.1201393433417,1248.281546090447,2180.6567354167037,398.6759672446367,349.0543044523214,394.8542455705576,377.5228223800197,328.6407489063952,140.84867595935398,187.66576394682463,159.41523491762362,184.70785009350104,223.66580462174733,242.36778198644572,268.4503722069798,279.13933509762074,311.93396971791526,326.9638416543695,300.8803464923617,307.4128371443185,331.8929594421082,356.06483770887473,247.4882421717862,307.78581940446554,141.1659430960672,221.7844540660934,274.0749441461795,300.17374112278736,297.5250003600818,374.73961516748193,137.877193066472,198.04966396673532,123.76392080940656,68.20957849007584,80.7099673379733,0.0,92.30016590473272,160.28723092426065,207.13881840953755,242.49138606548058,223.61765959608044,257.9783200854332,284.1331059699168,325.76051497215246,277.47219729148,347.1838089221362,335.7026065467703,383.93597404752774,315.03402846434096,384.8283486228735,450.2557263121566,366.1201235775568,404.91905359462964,463.7860334246601,519.7518081740635,525.5307657231733,343.52750260761144,404.5722397797177,514.3564500181578,386.4183663530372,318.32627243093594,385.5864329055452,424.9479416831413,467.6731842634557,427.1494271426401,447.59451964330685,542.3336143860903,607.9608601777646,522.1439417862944,522.1804513853756,626.7552502965666,628.102924526123,595.1804894080018,608.1926967705182,661.1509387274577,698.2623440434456,726.3010539124895,705.125860671276,665.2470688568154,771.9726584935655,802.3596286222886,802.7234779832208,822.6674768743253,794.8439647008156,900.7887124781296,753.2890102567853,758.6660306578078,729.0328142877294,802.9789517950763,852.1876770946561,716.5282547495593,786.4566590714908,824.1594145070229,818.722402955689,854.1632316164578,871.3736604828949,910.8193890193825,919.9106167985885,1216.3592261330452,968.1626953817467,1346.869462311219,1464.9177201011553,1516.1647550436435,1889.21881809905,1781.8166299208506,1553.2566998050543,1905.6999391667891,1949.814878616186,1392.555811773628
47605,1068.3315383055556,1054.5745386026672,933.8061692685978,964.4391990856077,920.97222631445,823.4339156472577,857.211291774355,822.7228202349903,785.1330587312075,755.2262140933789,1036.2452321810756,1032.235344501615,1049.0218049619234,1068.406031336975,970.5674021885741,900.583096967871,854.7919396622257,791.8058325192774,737.295189310716,813.7104625370998,680.9777069400991,659.2769943347855,654.9437846051309,591.7206939068465,534.3060387172833,610.0794857240629,461.2206200412895,525.8339746021231,577.0569482919391,524.0980143853394,459.3846164408555,419.8837652618781,382.31680306926233,403.59895967657474,376.4928504083645,363.9421054545642,307.55006632664197,324.3071227449282,382.3987152223642,343.4707999191024,318.3336777430617,256.2286320583408,288.92504933715793,217.86632549662744,250.69826733921855,228.57968439523566,297.99444096323134,320.2943651386036,379.0877698978212,480.49487199219163,1178.6398028391566,2147.1164160664766,390.7023092066025,330.49493950631364,367.9780517819884,341.56633210549353,300.06733259548395,139.3034398444703,173.28155594062414,125.54985801920893,145.30691867219724,159.48200488306756,200.5898884540451,226.27438249162424,232.67051629117924,263.72840494354716,280.3101162372185,240.1473041349885,230.88888131109974,262.82762322489606,297.615823620357,160.88133721855857,221.87307746736468,73.5056877432502,132.64003229353753,183.34945178672723,207.91359204552788,206.52802334317073,282.85530116718905,214.0726796719787,259.3697246191138,154.6927433245773,43.87244546795292,52.42916872922642,92.30016590473272,0.0,69.83669014709898,115.9551104558083,150.1978108038679,131.5945178751859,173.32862600956665,192.91850844339913,234.73441692612343,200.58645883793673,263.20904748323335,246.46402798723284,295.10556130677537,222.96427726621107,294.2895108202975,357.97640709577064,291.1214329594288,325.962134829739,388.10452501902984,449.30248332442994,452.8214834583902,298.436808207251,344.6709160355539,452.70244232043075,326.784344787259,247.7398812782905,322.9784627124291,336.9447712630575,381.5193787642967,344.08913196787285,366.47720697223735,464.58777881844185,527.3926068838413,437.77978091033395,433.34531266606774,543.7955322998316,542.7571396570468,531.5683961070366,541.6206907535759,595.4408930310851,631.0772622372666,660.1190262450633,634.0447938885666,589.8771985947697,716.4112223998701,738.2059800767922,736.2093404588378,752.5121496707435,722.9122122645164,834.806328796534,684.8885012821586,685.1295581283965,654.1295853457362,725.7658683505873,778.0677726073293,637.0270287801329,705.0631250778431,743.2997766423706,735.9607805960292,778.3896189354498,791.9489612756876,831.2397196389063,835.9493736665818,1131.3047331537894,884.3385798322718,1262.010953910098,1380.3225361009825,1431.5587449006962,1808.822252484726,1699.9379314869846,1470.7839856310748,1826.26032060068,1871.9850476104039,1301.6212001962515
47616,1137.1121647447917,1124.104148660643,1003.5875264998615,1033.755060385836,990.4308837489293,893.0846937266201,926.970867355476,892.1635385969857,854.5408847716579,824.2509214410604,1105.9927962931085,1102.0665554615134,1118.7212512215224,1137.1023800636165,1039.6871428937218,970.2158148986251,923.9923925428694,861.6221677454654,807.0445009664596,883.1309114626708,750.7805234873174,728.7711921565589,724.6450092096771,661.4020251170459,604.1394501989263,678.836748480562,530.4669471986016,593.4207880906329,643.0187789982695,588.225272229791,520.9391911984569,481.4074735712383,450.2427695504212,469.75520998143634,439.67090284053984,422.4962866213086,365.1015391997428,376.0397089145786,429.99990087831304,382.4974812432898,350.8661087085406,303.0841434521757,331.34006745384977,257.533213383143,283.9334703401729,256.55132616030403,321.3716325398851,319.5164346458374,369.13235121503726,460.7871185394215,1145.2426488900408,2144.9006001878265,418.9455643258934,353.53468570551956,383.1896382732818,350.4465107820795,317.03084411743225,188.86279662584394,211.0420430714101,158.3909355384057,169.61518154171614,155.9542482601636,214.5080645628728,237.14925827443406,239.0081574064154,265.9310847940274,282.8778987807131,231.10067730133431,202.0667691763031,242.15839601658698,287.2921419193548,119.46714690939866,177.24616201831435,93.34772155162989,87.63901147952592,128.15555316895743,143.99473170913245,149.40238189701998,220.73698963984668,283.2452856912517,324.9110584665651,215.3263032276693,110.76527921849853,113.9036624808681,160.28723092426065,69.83669014709898,0.0,46.93338384385247,86.75412560714663,72.87707622708733,105.80635192609805,123.8506032841798,165.48786643763927,138.8759082549111,195.08220419719586,176.62775810900894,225.27289451793902,155.58782348271916,224.75461272102828,292.7601879877601,228.56312875509587,260.28399601138415,323.9518099145762,387.9988798536393,390.0496004259515,259.9182687999303,292.4974421690711,397.3551997133328,275.28960249091597,189.76207334101588,269.23228112235387,267.1780569160237,312.1335816612768,276.01436879272507,299.2902414878398,398.7806556908987,459.96118410017635,368.9145875563605,363.5089860160552,475.3121589133198,473.4627255474403,474.10469316482084,482.1466163333575,536.1924374454857,570.7296256250971,600.2599950100836,571.3537663898977,524.9191564106367,663.0745476692987,679.2819322393328,675.8606131324391,689.9917699317764,659.4717063491458,774.4828770087474,623.5912959584927,620.9032698254108,589.2454402079235,659.561335211022,713.3321458056668,569.8833778749927,637.0178983343175,675.4344853701659,667.3715764905675,712.8102071211403,724.6419766595029,763.8290910576115,766.9142839106204,1061.9086915997734,815.3273931430818,1192.6446458776588,1311.0065284362395,1362.2350076905145,1740.7368890241514,1631.3627675027442,1402.052396251438,1758.5229698571038,1804.8677013632225,1232.3803986019839
47631,1183.927564996894,1170.5296490309252,1049.602013468416,1080.3486305844206,1036.920959579483,939.3669858407958,973.0489058639339,938.6677867822973,901.0701877799518,870.9838242288622,1152.096408913224,1147.8235921547089,1163.6152464728345,1180.1739090688784,1083.4160891282797,1014.9460396996661,967.880155175928,907.5013384623383,853.1511257356946,927.4186713389628,796.7290890428468,775.2294365937607,769.6018719183495,706.319416707342,649.904566365961,722.1575425977652,574.5918975934493,635.4103867525124,683.2941748444752,626.907805696765,557.6401794085087,518.2248864610106,492.79706261791875,510.5230678108379,477.9751586635287,457.33202147946974,399.622693077287,406.43029688330716,457.0331558632699,404.2998030557884,368.91064572501807,331.2607878417272,356.1596835392248,282.26871850369207,303.92734579459267,274.0934200079174,334.0816696632923,316.25847949624256,358.4876072982584,442.1573297042845,1115.085571650735,2133.425694429158,433.0690652540033,365.3117445888039,389.21613769216157,352.9158005749661,325.661309827125,221.66554294616176,236.2846868809307,183.944706639495,189.53395375050243,159.80244440741438,225.10809237003173,244.62174027220496,243.4176684339182,266.4237172772399,282.99566998565234,225.45353423387692,183.6012084740857,227.72361875786532,278.4619190598435,98.13435419805636,147.61272562955585,120.95983414912922,69.32748280734079,92.2186452693178,99.41484913225375,110.3950970063997,176.4679467986906,327.57283361693766,365.6472479439636,253.71462195301672,154.7929260824329,155.65888839504356,207.13881840953755,115.9551104558083,46.93338384385247,0.0,45.17157978555253,41.174809444296436,71.08914167889493,77.03348305061515,118.79665683451525,112.88856326999579,155.50991774664362,131.46932493726786,180.22287973748846,108.86302470721508,178.35757250903575,246.58616710748205,197.42035601508286,224.1040065189886,289.23381146657425,356.24088414224536,356.53836256562636,253.14788513380606,271.95878548787,371.96675776101466,255.85548225470436,165.9497811301349,247.60128833908203,222.63184635817345,268.85061112287485,235.71565915470273,260.37020611941455,361.3315149864264,419.96524803984784,326.68942340066496,318.0859560702532,433.5804537510491,430.12769134036256,445.90567624098577,451.7865712153145,505.79436096093923,539.0253495232936,568.9640164549261,537.0781437352057,488.10143397228035,637.9596976808032,648.6977666442738,643.8219021126451,655.5963588983922,624.1142612118974,742.2426808181466,590.693743335126,584.7221385545795,552.3483377240668,620.8741236400346,676.3722572618647,530.074806080174,595.7836455745315,634.434099413462,625.2268943218515,674.8323942062226,684.3976651653539,723.4028516601954,723.9054882354447,1018.0674679414741,772.3417152573852,1148.8471282259713,1267.299759244888,1318.5055488599808,1699.0192337543451,1588.9290170073134,1359.4009745666422,1717.286937509062,1764.43809339385,1185.7248996623239
47761,1217.222292663303,1201.4879895300485,1078.9738895339274,1112.193040231786,1068.2555593522275,969.8415504687649,1002.7060695098489,970.1343139909674,932.6883298584664,903.7999288458826,1181.7329460601575,1176.2554700391877,1189.5377931579862,1201.8891596595267,1106.6179244129953,1040.565638178927,991.5518743680747,936.5159750350992,883.0169764307705,952.0521431731895,826.0935735329841,806.6153556667449,796.0919796802959,732.8129297858723,678.8806356964966,744.9924339418179,599.5133727510736,655.8894698787099,700.6548257867709,641.9179489560332,570.032097758105,530.9962119354475,514.8554405477229,529.3621600043936,493.1459035967702,467.8025756753072,410.2037312893789,411.78826996483303,457.9586089272501,400.0462985950598,361.24547157479464,335.0675476803776,355.81305950714096,283.2694546099475,299.42472562735776,267.8235677924536,321.7254126157223,289.95614222123777,325.8918625002665,403.7175441259038,1070.8857781909799,2097.604712767648,420.715247057483,351.5546829909109,369.83676971760707,330.8910965489069,309.60835215925397,233.48180202490272,239.17540718614137,189.4863128320547,188.99417590786442,145.69742995311938,213.66956799072724,229.50243634073723,225.5068556670844,244.3346818550609,260.18441633082165,199.2516291617141,148.40331742698615,194.3387414608473,248.33342030660447,66.65292780174319,105.6959969633134,133.75055329411052,49.02851669308607,48.22318779260731,57.82601497732334,65.23094546277288,134.06787445160748,354.1776164307531,385.43435575890726,271.6519872027272,183.75908256390474,181.20297670131222,242.49138606548058,150.1978108038679,86.75412560714663,45.17157978555253,0.0,22.175495339474544,86.2536282341734,54.773858136381556,93.35882176665383,132.05139315978406,151.21387980357486,113.8798724244448,160.55266643828787,74.99463932362978,152.57869393390249,207.78827276172575,204.50876248916546,222.75901020861187,288.49851301169025,358.615757827191,356.46253322811936,282.18402466880843,288.8944668394894,382.02512186793473,274.2552855552875,183.2866190515438,264.0311925735743,203.40650018581948,252.23387705318942,226.5856864148881,253.27809726020192,355.1025774457434,408.61234646406456,311.7332210429079,294.4118855037746,418.6603442511075,411.5978750593155,451.851479783628,454.9616989980777,508.4966782233101,539.7886407100507,570.0971420218399,534.2654755807381,481.72965651308624,646.3043761117432,650.3746453789786,643.5970949254711,652.0281308972183,619.2588714027986,741.3784156385695,589.5419280798866,578.792169709807,545.4573159594631,610.696055264865,668.836142608387,518.3267919562599,581.0067975981832,619.9742140105109,608.4693170690726,665.6492829977504,671.2117336679004,709.7623616171123,704.9677129202777,996.68832025871,753.3482982806715,1127.4459899747403,1246.0230045161993,1297.1390388448522,1681.782698080469,1570.2924903287496,1340.440182797761,1700.9769305486518,1749.6076059031334,1154.5762164398366
47751,1196.9194014584655,1180.5881224417594,1057.761507937227,1091.5133231568661,1047.458503116737,948.8658043994989,981.5580210400327,949.3838955366198,911.9814277748316,883.4121996707877,1160.5598251909269,1154.8668587681263,1167.7936729433027,1179.7989236192132,1084.6215447887769,1018.7975612284309,969.5983117973493,915.2566747328823,861.9295731663449,930.187616666362,804.9189106158917,785.8797658493654,774.4599504524585,711.1928060468749,657.6693539257458,722.9960657946395,577.731265940724,633.7708809032721,678.4798319448231,619.7823049379408,548.0084820051547,508.9441121698455,492.8406937630538,507.2036602880148,470.9939317799216,445.88782614618583,388.2596787592508,390.3843679013337,437.283899974422,380.399503154697,342.41719485293544,313.8102759763977,335.27832531393426,262.38076822410596,279.6853361964432,248.444036544715,304.24239447806656,278.4160441469344,318.3207719131942,400.9871191098882,1075.9162185511939,2092.6469339462255,403.379419953119,334.59930775454865,355.07661406830465,317.25141762877183,293.40841310439777,211.36904288362604,217.8983598311892,167.75515359356794,168.11452626599433,128.0685622348027,195.57703688128976,212.73000914795028,209.7997446963863,230.53237471673418,246.77309073347817,187.4187487301309,142.61696769481608,187.17609951224432,238.9949021920084,57.35812378997788,107.47349053507006,111.58206392198751,31.634409107872983,55.30312484143898,77.08809499230841,76.7654974967744,151.26919216130761,332.74472494560735,363.326458939137,249.51308501497186,163.22479015135917,159.9876992045969,223.61765959608044,131.5945178751859,72.87707622708733,41.174809444296436,22.175495339474544,0.0,99.41947624625315,76.4595742789038,115.53011761362815,144.70932011523806,171.15511579630413,135.6549641699197,182.6235894446495,96.69792319615884,174.7200681019303,227.0011019208525,221.94640789953942,242.42871637049464,308.2128385201324,377.7370072726814,376.14772602159775,291.1130115963091,303.36068242795096,399.05561883836276,288.1117910808449,197.15182565307546,278.6165016924596,225.5017236420912,274.22051292212143,247.7068385313184,274.1375804154185,375.9721743618442,430.23373217739965,333.64078035218586,316.5542918869029,440.61558253163247,433.73836433788813,470.16723348938325,473.9992023561074,527.6932857874799,559.456049020243,589.6991607275883,554.6676215330625,502.72105766537857,664.0790236344707,669.891890237977,663.5314026187548,672.6218283212746,640.0655290792911,761.4805780031712,609.6451288083697,599.7596205032751,566.5600831760531,632.2607221722187,690.0749571918712,540.0366871117559,602.9905388118982,641.9422834414311,630.5675429698459,687.1074327973884,693.0898390957097,731.6825018926997,727.1353144994058,1018.8443180641916,775.5176561912072,1149.5992004937534,1268.1775971503976,1319.2907501084198,1703.9291477823863,1592.4642632673058,1362.6138987348877,1723.0931884690049,1771.654834677824,1175.6734123882113
47750,1230.9579298527285,1221.3489262104954,1102.8732987822477,1129.9499493770852,1087.3912275081634,991.3071293553945,1026.0694133232198,989.1373480075013,951.395085424606,919.4704776487102,1204.8464615903724,1202.1901540341396,1220.9810820298019,1241.7206494627487,1143.697225975363,1072.8460843898422,1027.8613988250029,961.5212684036968,906.1504575192637,986.5028647933924,850.5583033639051,826.2596398943666,827.0256609941508,763.9187234170347,704.7324652636597,783.3936796001052,634.3161933670041,698.8402267467379,748.8139139474088,693.9153393186609,626.033870253809,586.532783212339,555.468915374692,575.520836327749,545.250056601822,526.6533912684494,469.0392176096626,477.0999227258421,528.1030469657112,475.1093868997149,439.0642704004672,402.2045605247547,427.2400212898307,353.3574151157629,374.6002557155777,344.39125395382797,402.7345358225411,376.1438158227005,411.32498482031644,484.73844813097304,1135.2491000027512,2180.018224236053,501.8803820860985,433.4613901728689,454.47470316296614,416.34013118946984,392.6713246752503,291.43850541868676,307.3597717109891,254.954543227482,260.4674602381232,226.94446614345742,293.7639714350927,311.8402424691472,309.2032672180609,329.64503410541903,345.72785459841117,285.33643432034023,233.57933373436038,279.8995990087174,334.47107861036704,152.8514455138114,185.76660599932768,191.43611957987525,131.04820752591291,128.03829479520084,107.1927525573986,135.289837693524,173.08792940896421,387.3187697970741,430.70337288533744,320.77889803729767,215.94482458384843,219.70589305758335,257.9783200854332,173.32862600956665,105.80635192609805,71.08914167889493,86.2536282341734,99.41947624625315,0.0,61.32180719889769,87.38398657152693,45.800106078768515,89.9057822756163,84.31006315923823,129.18742588835798,96.08950945987759,136.56195284898723,226.01897869842264,126.33518600181408,154.7743121003521,219.1762974799627,285.3359067368466,286.0747732889135,197.45211959743776,203.948569247631,301.42708195282694,188.73377673469875,97.73973438797042,179.22619480373623,168.1403571003743,209.6957374287329,170.7606273798012,193.53740071760672,293.07491367760775,354.32557193639184,264.77035820154896,265.8982545507315,370.5001731033451,370.32348342872336,374.85011226132156,380.74393986389936,434.76623508811446,468.189765805939,498.064324278603,467.00929708178705,419.4145895289184,567.249373489007,577.7138913721063,573.0837504692857,585.6175978632111,554.5816735249687,671.5721319448646,520.1612206205575,515.6464821524166,483.7370973268257,553.7592107005281,607.8327127679217,464.16676028042366,531.7610804403714,570.0503049253992,562.6783709674942,607.080957696865,618.9881247844115,658.2160585064026,662.9526342931189,958.8301492580598,711.3079076786536,1089.4488303356502,1207.646800419125,1258.892058345719,1635.5311448454165,1526.6278108029262,1297.5238814036827,1653.091067139113,1699.18525053183,1138.8592752048087
47759,1260.9468883086765,1247.4537135554847,1126.243706984014,1157.3528997596945,1113.881342534475,1016.2091917533243,1049.7444561459981,1015.6365142311782,978.0508182644484,948.017291999307,1228.8025911505504,1224.2424759775743,1239.196511729966,1253.723889416072,1157.7521187952648,1090.3849622147825,1042.4313021723783,984.0442536147389,929.8758046354463,1002.4162919738694,873.3388148585798,852.1795497015802,845.3322310022966,782.0333356454913,726.3902241922196,796.2180306994344,649.605612292861,708.0948859033897,753.9373653179124,695.7785495442484,624.3540643027848,585.241204086089,566.3181121342725,582.0919957769074,546.8929299380762,522.3337172435854,464.6922578000265,466.5605478696402,512.4268159520271,453.65874812791645,414.01698781512414,389.8204330014015,410.2115411764993,337.89793754428433,353.2121523932964,321.31563513163377,372.93583357308825,332.4242567662254,360.8805578868142,428.0303560641526,1073.9392151541758,2123.4243188471946,471.50557370692127,401.9814613551073,416.98417151243655,376.4694174859141,359.1366591751987,287.5554914753186,293.93756958452957,244.18152398515073,243.65222351212265,197.97602225862218,265.9864599321483,280.1928472569342,274.8536883166414,290.8313631980309,305.93893685070435,243.39847791991494,184.4381910373277,230.99180268255816,287.58865506047965,113.47341901014725,131.52254675854323,187.086846914962,102.90617185836865,77.74051615076942,46.818425668492765,78.3004075688014,113.26761933412493,403.0846805915927,437.6871340738216,324.3229171641556,230.7202552799353,230.21300824355222,284.1331059699168,192.91850844339913,123.8506032841798,77.03348305061515,54.773858136381556,76.4595742789038,61.32180719889769,0.0,41.86638843201884,100.83293842473918,98.76195460803108,59.196489625299414,106.65627216034267,36.80314160546267,101.76449923592783,174.0352341193586,156.98565871483473,170.2835332363912,235.71118561777254,306.66143011263506,303.5873010344898,253.8940486902187,247.11324033761377,333.94538502927924,234.11458278440634,145.3898277396256,222.31372965753022,149.58377504244822,197.9069066924259,172.01375534733995,198.93721281646506,300.69147217811997,353.8503867622197,257.21829517477966,242.74379095794038,364.23088518395963,357.97898088003177,401.1230089520634,402.9856970901111,456.2045845076552,486.7617935667669,517.1466336027446,480.28312842815774,427.1853159728698,596.2743976266709,597.5059161722431,590.156284838677,597.8130308514599,564.8476855774026,687.6986241473109,535.9022047294669,524.2544398824185,490.8288095854353,555.9251579203988,614.128250138944,463.60135583852116,526.6340994378095,565.563698566231,554.5057776337344,610.8783141691963,616.641804956221,655.2566731636255,651.6526289353369,944.3595571943983,700.0676775754027,1075.1487615134236,1193.689677264368,1244.8494790584732,1628.1120931276994,1517.0231552551284,1287.2552197992704,1647.0743700059459,1695.3950755118965,1108.710760738134
47772,1302.5864461083718,1289.2944386038153,1168.1080018777702,1199.1450238692435,1155.706511898639,1058.0679640066066,1091.6106647036654,1057.4569356410325,1019.8635908511088,989.7332206614919,1270.668892647844,1266.0838111838789,1280.8555620399095,1294.7373836667998,1199.039831352463,1132.010359402982,1083.796603396676,1025.9016107839834,971.7421518049404,1043.9206483486507,915.2018290757981,894.0092847770547,887.042596182273,823.7429200022932,768.2436147072265,837.4561709534995,691.1481045181691,748.9017465041121,794.0043358616196,735.2201403116582,663.0427730887772,624.0901887045922,607.4455580111858,622.5782077798424,586.483282468857,560.5222194511792,503.0241642018482,503.0361383316009,546.870984385277,485.88999380982193,444.74286369033035,426.01055700547437,444.57386217078204,373.3235250050951,386.11753262635756,353.73975534882067,401.41024807022825,351.3438866233808,372.47176990914306,429.67526544361544,1056.5297224896826,2122.7473357195445,498.95003685352657,429.2239370301197,440.0991743216123,398.13415925067216,385.4714463513482,326.7574784361977,330.429423870407,281.97495417537704,279.51832650626943,229.47953061473805,296.78536715814676,308.6401978880233,301.72168956399827,314.3556388173987,328.49696565437085,265.33457367376576,201.1501425419786,246.53732305121002,304.13519445877876,142.49017785045305,144.18253135965898,227.0546645746142,138.53566105371732,101.09192046455523,57.65934442941132,91.58993604503439,91.99672589941525,444.7906662982972,478.4361760329333,364.8063623619502,272.5397699897399,271.820509310312,325.76051497215246,234.73441692612343,165.48786643763927,118.79665683451525,93.35882176665383,115.53011761362815,87.38398657152693,41.86638843201884,0.0,114.10190513791909,79.43044084727903,28.088153563699958,67.93889595034364,28.22137118007803,60.003700617976854,138.70333178298222,144.14056200951035,146.49141745029365,209.64227804888316,281.73009689035536,276.5264308221053,260.38803222509785,239.3183446984675,315.7908090911136,228.7188705690072,146.8903592334206,215.30472954674417,110.44540878310852,159.84340066002989,140.25107273486338,168.12925827785295,268.6355685811015,317.8579100833929,219.66257525811656,201.47142910003538,326.20889554442806,318.31741689895085,377.91532535251906,377.32183150377966,429.6253526778821,458.39955718514864,488.88177347081984,449.276709332102,393.98806897418626,573.466772982499,569.2455363262328,560.5051690846284,565.7818824829192,532.0688534202556,657.251788012644,505.8147275902105,490.91543184760326,456.9958887750342,519.9328311197062,579.5305962067936,426.9674872451913,488.3493907784876,527.3741923805393,515.3315997928187,575.3303184516218,578.9887578282941,617.3458405163542,611.6104870514905,903.540510156051,659.98973896858,1034.3147713421608,1152.8800473460394,1204.0149068039816,1588.4679001633579,1476.9341763605903,1247.0853122756685,1607.7510534250098,1656.6179877574061,1066.9336258049275
47747,1241.157227680441,1234.7354083852929,1118.5748244306085,1142.4405404106653,1100.689701710131,1006.0476564276163,1041.6830831818347,1002.6254245659072,964.8444194801981,931.4667534513834,1219.9354283514658,1218.7270270696908,1240.2858427717288,1265.219392882423,1165.9786567445299,1092.8603079949253,1049.9931345310201,978.1459189213474,921.9989815057959,1007.8062697187654,867.2740942328735,840.6321811842589,847.0634164418688,784.2918495109062,722.7867001272251,807.2644637606127,657.1407073746602,725.2410778120484,777.4980856489284,724.597569169522,658.8171868803332,619.2744913095675,581.5514754017127,604.0472141018063,576.6598501632984,561.1540466010879,503.85877887088185,514.60997163266,567.4401927581958,516.623185318437,481.75475207175356,440.86084574844506,467.46786614612057,393.45806332851606,416.48894998876256,386.9119992227337,446.7035978419469,421.9341934093748,456.7482234255959,528.2650063333789,1170.1974873359368,2223.7269749748507,545.7725671578248,477.7187055513609,499.7286140555422,461.89402165206377,437.39911120509385,327.65082130906217,347.1193740049539,294.3810941325334,301.808501909494,271.47052430227274,337.6835980765502,356.439508796862,354.2445139800744,375.1803546668683,391.3306252693643,331.1053245817144,279.01316553591073,325.4254647785131,380.20529466449585,198.6493835445489,229.97539870689886,229.75716492362528,176.3277406556543,172.8517897826192,147.63857917113333,178.18364560986745,205.4732886682272,411.6978511550144,459.956015408386,353.09069933558357,244.36932049738584,250.42670980527672,277.47219729148,200.58645883793673,138.8759082549111,112.88856326999579,132.05139315978406,144.70932011523806,45.800106078768515,100.83293842473918,114.10190513791909,0.0,78.68237868222968,99.73940748313235,133.27989666431444,130.8236195742464,148.59931339045676,247.16630930039423,90.54637179827684,127.45569375579443,187.69257642948494,249.42974289868584,252.31092727672151,153.3212913070367,159.26763089036288,259.8452847977447,143.56518872716524,53.07217203001496,134.77960943032784,164.8379630756411,198.3908841073333,152.50888067398336,170.73178048057582,265.20855174196413,330.5479237682013,247.99036170129898,260.6993455339472,350.37216183360016,354.4783935264117,335.48110036815694,343.27395355260256,397.3173356824175,431.9790402992297,461.43609588558496,433.621411086689,389.5905242972689,525.9289247752515,540.4060798302319,537.1357372023995,552.1742412472031,522.3478274060728,635.7708957743823,485.13354519638557,484.574943693998,453.768013094125,526.2941926405338,577.6082982822066,439.092298082101,509.10694427095825,546.7127509756754,541.8502336530789,578.3357661628766,593.9858573944505,633.4150062619135,643.6907324287428,940.7718122225712,691.7816923803246,1070.9963305697165,1188.7577379330917,1239.9895988451888,1611.7831673633725,1504.4015669684834,1275.9824197129933,1628.4307075731401,1673.095503538976,1132.499650153542
47769,1317.1367229572336,1309.1066593366324,1191.5068837869856,1217.2874166712186,1175.0868331910397,1079.5726453172201,1114.6588805704712,1076.8938609155127,1039.125488338323,1006.5218782227213,1293.280791365973,1291.107025696721,1310.567106115607,1331.6136325380585,1233.5937615868636,1162.5342478826265,1117.7495622992858,1050.424883595736,994.7933107339844,1076.3351522903833,939.4637184947715,914.3370826359345,916.6876749857591,853.6199718397447,793.9637497586249,873.2865699260203,724.2131513277618,788.4768665828353,837.8467231654946,782.1646021017733,713.1498319745101,673.73392521299,645.2024163129508,664.7083140772158,633.2938546961633,612.6655781622278,554.9347762404956,560.1714536686623,608.3172861420356,551.2484536436397,512.2900691072426,484.10188470709375,506.4003601097981,433.30129405109693,450.5996301555705,419.03693080962205,471.6672611322888,428.4973678424744,451.70462371568595,508.1465726089735,1119.9443656193516,2199.5216483731338,570.2673195849345,500.7394788262603,515.0084056596078,473.92848343679543,457.8242804682479,376.9262143374975,388.31757679445616,337.03894916439964,339.1248684303862,296.3741062375878,364.4223396883295,378.9476902394558,373.55787300180924,388.8574190249945,403.6581600202203,340.75924625220017,278.7902641145863,324.72722082798595,382.13689302474774,212.19401759067014,222.66970857162565,275.8978268011286,200.2269019244266,174.57244527330113,134.64331153508448,169.19680040686583,163.72705900100013,477.2230934392201,519.8073438730182,408.86240669174254,305.6311151928542,308.8489091840169,347.1838089221362,263.20904748323335,195.08220419719586,155.50991774664362,151.21387980357486,171.15511579630413,89.9057822756163,98.76195460803108,79.43044084727903,78.68237868222968,0.0,51.92482424345995,59.61415121965821,106.87872991255999,81.50383065344846,183.93295425336194,65.28818324499602,71.62686647718017,137.29770146920546,207.9142707542089,205.25870470439773,194.08635881202312,161.31155113910583,237.28727353152934,152.14887009268227,82.07879690607918,137.98718023371805,86.26197106035092,121.51786037334998,80.9457140592988,104.86163485556283,206.04909003193498,264.9772667394383,175.02645004613726,182.18950412739284,280.59621127824823,280.9395956414381,302.5120371883219,304.2551010524483,357.5653255756845,388.5782399473094,418.8973691726136,383.61498880016285,332.9228241045159,497.834876208504,499.19569859466105,492.4350097851445,501.74972743147396,469.5902069934519,590.3296608325542,438.49242164044114,429.75107955332925,397.08475310376764,465.41175820211413,521.030388883176,375.0016833332908,441.9873754054321,480.3613311438039,472.7730287495389,519.323972496316,529.6386926190485,568.7884975427083,573.1308729696142,869.2300734998017,621.469112180412,999.7962070729753,1117.9365336510873,1169.1836018108413,1545.7495141186014,1436.7312022582112,1207.6181189774168,1563.4472168437567,1609.8648343635264,1054.7408728190762
47770,1311.6665114061932,1300.1563474726975,1180.1267400430186,1209.4025703745504,1166.3629767462924,1069.3909822833425,1103.4731136905718,1068.0795087462047,1030.4037832570673,999.4119338522332,1282.4673209490159,1278.6893987712192,1295.027961273752,1311.267410975005,1214.7776635813302,1146.3912448030435,1099.2876709238733,1038.2232867937344,983.5335533205147,1058.8843062858614,927.3614795376416,904.8209452423903,900.9877315874204,837.7147179476343,780.7654871888794,853.4175474878331,706.0527346938197,766.0226520417982,812.5527222488803,754.7245841726409,683.5004360190572,644.3630565076734,623.8081041297039,640.4070396708541,605.7989905110313,581.5278754324198,523.8818777895082,525.5587625133383,570.7682964575366,510.9074173978127,470.364701599199,448.73149928388165,468.48742458002096,396.554586593527,410.7709395548793,378.5964692378823,427.7634737660824,379.29910286755705,400.4618029713419,456.3070394806743,1075.6284945634643,2148.3288462508604,525.6413613209095,455.9341874840064,467.6425786907303,425.8533773591688,412.37611198158373,346.6503566787975,352.89559795675814,303.35277504774274,302.4018899619844,254.57592645179957,322.2627220595807,334.92124072201267,328.4236607837794,341.75705753564006,356.0584597509396,292.923365081311,229.1458943183316,274.6063286461494,332.1927396414108,168.1606511696332,172.26172082636833,245.99253194464686,161.32050089085996,127.80720787493885,85.29545292808331,119.5002453139489,113.88822861107009,459.036959787193,495.78513230219465,382.76215974707515,286.24153579196724,286.9059897711805,335.7026065467703,246.46402798723284,176.62775810900894,131.46932493726786,113.8798724244448,135.6549641699197,84.31006315923823,59.196489625299414,28.088153563699958,99.73940748313235,51.92482424345995,0.0,48.75474488409183,56.226752787138544,52.264474118237615,147.43087955059357,117.09318005063517,118.48696704526171,182.0467899607089,254.02947019997143,249.22348588726678,238.76988110982725,212.8360703324339,287.718422081124,202.93372358036746,124.73399352845965,189.14951624348296,91.31697479567724,138.88666426828013,114.24010458679871,141.78998827417118,243.03217803575237,294.7707648454626,198.05056721219503,186.88128477448817,305.0925085825928,299.48570567496716,350.04732172032914,349.8091903613961,402.32209644077057,431.55572282623666,462.0227655112066,423.338078788249,369.06082045362325,545.6062707771639,542.4117970548605,534.1010545851143,540.3297545052501,506.9714888278889,631.1578576210412,479.5457651998053,466.1033120595664,432.4547474635241,496.88560937080285,555.4923982558367,404.44711931438366,467.5126795842929,506.422524737987,495.64489783168733,551.9497874823854,557.4487860270359,596.0777977660306,593.2969384309706,886.8031220304404,641.7290197876619,1017.5928741566655,1136.0820294121677,1187.273101086228,1569.3909971415426,1458.605366397497,1228.9176484890813,1588.1949265005012,1636.331064884231,1057.4938493795003
47776,1359.3014366385203,1348.3767237805243,1228.6235864182179,1257.4551347099132,1214.5372105535316,1117.7463674394542,1151.9437886647545,1116.2540070502923,1078.5592709445834,1047.3038682471515,1330.9144710770747,1327.2836039366298,1343.7736241978102,1359.871822233463,1263.4818420689553,1195.1437178781073,1148.0104995216045,1086.7827637142748,1031.9987725154047,1107.6336673621424,975.9007099426107,953.0668587801064,949.7282841018371,886.4576437286521,829.3747325928715,902.0889491036736,754.7997278007905,814.4888826131714,860.5924700143246,802.3421220874552,730.57692790001,691.5488724435614,672.4092951039736,688.6735945805709,653.4903901544213,628.2275776875091,570.6772671855866,570.9748826682492,614.5759074015492,552.9718116770897,511.262924886207,493.9480070025976,512.2943726230246,441.22327242019486,453.5086696256175,421.02037831885474,466.9259128509273,410.6935577910123,425.0622912711557,470.47904052638563,1064.3300167257885,2155.3982746229317,563.6661773232638,493.9844165839963,502.1123286752649,459.28138507092467,449.8336411350016,393.98558304300343,398.36262808793595,349.7258656981379,347.4556870946044,296.73026752947953,363.6144083453844,374.43115061345725,366.7454204944645,377.32773037206624,390.72558112977714,327.69718189769816,260.99166466559353,304.53923967986947,362.05456596972004,209.5253076290277,203.14722320198732,293.7186336814595,206.45789106783528,167.20272311245557,122.64989858853227,154.16689170485284,122.17681121171563,507.7916948905046,544.1628064441878,430.9342506716158,334.9957854720302,335.6065360393239,383.93597404752774,295.10556130677537,225.27289451793902,180.22287973748846,160.55266643828787,182.6235894446495,129.18742588835798,106.65627216034267,67.93889595034364,133.27989666431444,59.61415121965821,48.75474488409183,0.0,93.21447563054427,26.70097879987034,126.2381702998895,114.96935065867159,97.3766682496496,152.6374553136039,224.350591629268,216.62457503904525,251.71158218775457,208.85376206339305,266.7433413887002,202.78663886589305,141.41913393169457,187.7323772176167,42.92853829660183,91.91511490146749,78.24359217444878,106.16765750651982,203.56729004575024,250.15709322444405,151.72434100516145,138.3100316477143,258.3273344582651,251.32272296844786,321.30149059132583,317.85839595306106,368.8087167030274,395.6784207683608,426.1410603521977,384.2900983422755,327.55879602292293,516.0034139712554,506.27995360724424,496.3594205416791,499.84538835600296,465.69356878718713,592.3284105305047,441.4280070150503,424.25348464189966,390.0969639429984,452.1427852321279,512.1780621453152,359.07520658871994,420.5568284024971,459.55914948816104,447.9544633829116,507.64307691236365,511.0769890058772,549.4749957216301,545.0227859723195,838.1675435162126,593.443379624443,968.9596991405404,1087.4647364241193,1138.6478773385695,1521.4704985034728,1410.3868182460092,1180.638400037306,1540.5041874947892,1589.0568332287244,1010.0536956721293
47780,1291.135331818135,1276.1110120321507,1153.8519215906454,1186.588377538175,1142.7813257993616,1044.5442469767079,1077.543498077456,1044.6172630810165,1007.127257325107,977.8609440381824,1256.583619519988,1251.2192892320577,1264.4776043295285,1276.1087286900724,1181.193540464763,1115.4887703597567,1066.2309643255103,1011.4240286283732,957.8144997104412,1026.8791477054133,900.9541974633524,881.0970378830403,871.0774152791664,807.8006460407203,753.7692576886699,819.5759760948347,674.4246303202382,729.9721947646105,773.6756622723389,714.0228210339677,640.9951640718406,602.2493938083626,589.3999916756756,603.0866344969897,565.5957054517116,538.0437656698,480.75176219118134,479.17880105132446,521.7091104976979,459.7617996419532,418.10996689179103,402.0531039121186,419.4737601418197,348.95428805275037,360.3913400452323,327.86074154901297,374.182518330347,323.1233371448479,344.8294770581979,404.34732979027154,1040.159337319629,2098.5424562295157,471.42878676495917,401.70398095008454,412.01363108755663,369.96634557161843,357.8157744898461,305.81501839185944,306.89078960811054,259.6863659366286,255.703201367973,203.58864484528078,270.40178021180583,281.52478240815793,274.2574190576292,286.3673844141175,300.4105993365685,237.2411881957596,172.93660424161922,218.39283395484725,275.96915894868397,116.35721849573449,116.07569165811545,207.66447787696453,115.84033093885763,74.03872794876506,29.773057083561362,63.376901568792185,77.0472290462161,429.16412299894506,459.6328798730487,345.6946193484152,258.3139707476914,256.1512086974643,315.03402846434096,222.96427726621107,155.58782348271916,108.86302470721508,74.99463932362978,96.69792319615884,96.08950945987759,36.80314160546267,28.22137118007803,130.8236195742464,106.87872991255999,56.226752787138544,93.21447563054427,0.0,79.8244206520497,138.4026043797864,170.89315168432825,174.694774540157,237.8091781073138,309.92018423449065,304.57467890142533,281.41138297487817,265.25151716605615,343.75701159679613,253.95309655347478,169.3077487188043,240.95121750823898,134.4784476753265,184.37009768447615,167.80436873064437,195.78806196670868,295.7641761943319,343.2346389732155,244.2667720850033,221.01019157949028,350.11708769419727,340.4841522826746,406.13477329068735,405.4445662250515,457.6539425633436,486.1855648607518,516.672011061384,476.51248462762896,420.57456762137156,601.684783519601,597.0119388518945,588.012616734953,592.6567419943044,558.7063975877427,684.5442104344127,533.2469908920099,517.36801982874,483.27330171526023,545.0653270725859,605.3797115417319,451.77879649005786,511.7808393946756,550.8574441559559,537.8023246801359,600.6846585619871,602.9003610675304,641.0120578131035,632.8349433820264,923.1935974500695,681.1252771607159,1053.8935006964036,1172.4829422616338,1223.551735151209,1609.9851188683215,1497.812529645493,1267.870359570117,1629.6836548169215,1679.177392911863,1079.84354027668
47777,1361.5015612063185,1348.8360231864365,1227.9163971530809,1258.4972268568017,1215.182130938091,1117.7204307478976,1151.3856930094,1116.9166167114106,1079.2954951708864,1048.8665728286096,1330.437719334733,1325.9893792073765,1340.8584265123995,1354.4164274812451,1258.8993671699511,1192.0093745168606,1143.7001596187995,1085.7575338474273,1031.4966250743737,1103.8866982882776,975.024684184986,953.5129799466476,947.0443903253708,883.7447460123462,828.1174374991111,897.2957499861232,751.1299728471407,808.4605789624153,852.9605104710907,793.6339624017519,720.7857926064931,682.006839794036,667.2326682754677,681.9146048657295,645.0895261626052,617.8659146287043,560.5593162204998,558.7960398927866,600.4766657950705,537.3316076723983,494.7530691432614,481.65500213501065,498.3642692311165,428.39836991677623,438.67441268627374,405.9944749709366,449.26356120679293,389.0731306461343,401.07774167398225,444.38038651768534,1039.2872199811402,2128.701769929559,545.0832812406568,475.54317133204466,481.6784000556864,438.4366038806455,431.13233949113913,385.2693469225099,386.64328632549245,339.4709889139469,335.4122112957811,282.01626809787837,347.8868037584848,357.28558965828336,348.8392806782849,357.77754730463784,370.6617366999732,307.9327706721102,240.2222057075784,282.7071971511413,339.96440740916313,194.9708704333804,182.51347770894054,286.2819881394007,195.60844140984483,151.9239841862876,107.49608251003845,136.30152995148592,96.40405717631283,504.792131781981,537.9982485845958,424.2297735342291,332.48441870060526,331.8218411899633,384.8283486228735,294.2895108202975,224.75461272102828,178.35757250903575,152.57869393390249,174.7200681019303,136.56195284898723,101.76449923592783,60.003700617976854,148.59931339045676,81.50383065344846,52.264474118237615,26.70097879987034,79.8244206520497,0.0,102.43641247783178,140.65396237592478,123.98592035566348,177.64627342343942,248.84162894609926,240.24032137093187,275.4243476481426,235.20387271009554,292.8282100968194,228.72030452351896,163.40255030558606,213.76841737676185,57.19286012044927,106.76205296297114,102.46700681992326,129.85004186153674,224.04358941053653,265.9577891805449,166.22371522598053,141.83436315454674,271.01646426011666,260.67238332422744,345.7245847940658,341.28749627825556,391.5140743220667,417.2762929498858,447.67151141502575,404.17225853551435,345.90684934564075,539.857177667739,527.5496834215081,516.7873994934939,518.520513387368,483.8400745474779,611.9784124700633,461.7385710489388,442.0343534855799,407.53862762431413,467.03685047650515,528.4813327193623,373.4362813182551,432.26778225067255,471.35655251696335,458.0029629373467,522.9282061446977,523.6260579778748,561.580003180633,553.1154454961556,844.1355535438663,601.4311406349549,974.8848227642362,1093.4653566584461,1144.5741923984049,1530.2321239673158,1418.2242038060408,1188.3085371583925,1549.8734655057858,1599.3654737782053,1007.732301080148
47778,1423.3033292578712,1405.3291314847897,1281.0574457743237,1317.046164913699,1272.6329504918695,1173.4099419060556,1205.2663866939008,1174.7531741711455,1137.5001404918355,1109.7009880940639,1384.012075145184,1376.9287133214248,1386.3450632273345,1390.9449478681934,1298.868955702466,1237.247112698026,1185.071220399883,1138.3964236124925,1086.037333634153,1147.3853204282907,1028.646054197911,1011.3767480734399,994.9309289128066,931.9201831686768,881.3932512818673,938.2926467064497,797.1311227529959,845.7530317050038,883.9883086756323,821.0808269943437,744.7620154497774,707.4389569173791,708.9622765773514,717.8512160979543,675.4157286081879,640.9616691962046,585.6122091112192,575.465034598423,607.989228188017,538.9319639243369,493.14375887138385,499.59259371452305,508.77518626060254,445.64607099307295,446.68567466526576,414.2615882856624,443.10298459573363,361.94213920616295,355.8856996635966,375.578880809051,938.4416174777292,2041.756558544783,531.5614174780683,464.47361690909673,459.06661652387714,414.5496152772881,420.00805136151524,420.2692597737037,409.99368811261184,370.6262109545831,359.73013133200743,298.2629842368139,355.4128617284155,357.39080172070476,345.43865830825246,344.8568147649435,354.1150890086108,296.601069673792,228.5041945766792,260.0497582762127,311.86703897653763,220.79862639528613,179.81998417679412,330.3561106722414,235.60630714135806,182.1629740549864,150.09586394911295,159.00374698804285,79.88947648852574,556.1789117589369,578.1955720417111,465.1546033869095,389.87554390294264,385.41756587480535,450.2557263121566,357.97640709577064,292.7601879877601,246.58616710748205,207.78827276172575,227.0011019208525,226.01897869842264,174.0352341193586,138.70333178298222,247.16630930039423,183.93295425336194,147.43087955059357,126.2381702998895,138.4026043797864,102.43641247783178,0.0,240.82376041520266,216.40921606136467,256.67043947985275,321.7681718397707,308.88114104010634,377.67004318476086,332.68378829772087,375.3380457704693,327.97417924240517,265.8121654151353,312.7349613979962,129.107201146081,160.06067605822906,184.41444077633818,206.60535620050018,279.28317468871575,298.75558893219284,205.1521349537827,148.40192119352633,290.9372569190735,268.3926103406029,415.3965162236276,405.33806468918465,450.3552651528236,469.7043568840775,499.0762716386436,448.4780180927276,385.13595068240346,602.8476562539927,576.1383011501983,561.2449945275825,554.3831103685982,517.9420215761453,651.0694447922353,506.6896861608894,475.48701333105333,440.4733928317032,486.96019716341516,553.1773083999692,394.2541433273855,439.7759754638938,478.00027415261604,457.8493325772387,543.2016119415728,532.0734913115607,567.3300720409876,542.5917433118449,821.1484702875596,589.5272635324524,950.7056278536244,1068.8610487617727,1119.4217225471077,1514.7863353233022,1399.430280858139,1169.744453516088,1536.830150225805,1590.043067558405,953.5890938489509
47756,1320.9360499267675,1317.3014195838393,1203.0397706658498,1224.3614316174528,1183.3269962369784,1089.9255318499643,1126.1626043460453,1085.5406088573743,1047.7832131539506,1013.2770020194781,1303.854841422405,1303.7043394940638,1327.0524004147721,1354.1186672518697,1254.3723208426295,1180.125014393244,1138.3705524426075,1063.4044980034262,1006.7897614016207,1095.8073235582767,952.7307760529097,924.481361096456,934.537068932322,872.0068007288282,809.3015540761049,896.5044447802909,746.1029384745292,815.2872965176099,867.9350660553347,815.1425225331562,749.1658227324308,709.6227973572338,671.5956216588946,694.4971981963532,667.1631876419899,651.0573538501213,593.6327399988903,603.0562633637571,654.4346004138148,600.9937724079952,564.1131274563894,528.4430965016953,553.5380956032312,479.6801172453682,500.3565905940168,469.73713041231673,526.0266468298322,489.3672308087743,515.303569375751,573.3957630418589,1179.20333782364,2264.6305604246745,625.102612229458,556.0403196507988,573.3783112072231,533.2861950293749,514.0681160293512,416.7213465190493,433.6941586945022,381.2591373126936,386.5962117376895,349.82584093921776,417.51301335405304,433.9939840637869,429.88342110994705,447.3424547975704,462.6659102894461,400.3153033878785,340.672229550059,387.005592061689,444.05183527977744,269.1659739683056,285.6397842029962,317.4555997547707,252.85446647065376,234.63145451262244,197.3902085296264,231.82416599467624,228.5259165724034,501.4888725957039,550.4871205408867,443.41569540990116,334.91431588845364,340.8778386864972,366.1201235775568,291.1214329594288,228.56312875509587,197.42035601508286,204.50876248916546,221.94640789953942,126.33518600181408,156.98565871483473,144.14056200951035,90.54637179827684,65.28818324499602,117.09318005063517,114.96935065867159,170.89315168432825,140.65396237592478,240.82376041520266,0.0,45.621791290600434,97.69164236861725,159.5120726032166,161.78676268568634,140.67592065577452,96.17023819455447,177.564153431601,88.16748808130724,51.49515258981278,73.44603967110791,122.30455844627295,134.78936645905952,83.12742140309858,90.74684986690833,176.5084324550251,244.2852378770625,171.69964200663838,202.04260327386334,267.31358659545475,276.20065562196265,248.72282008752424,254.4735565203631,308.5191951187454,342.37248580669547,372.0843887039202,343.12527515226424,299.4835932910989,442.13468782073056,451.5383179679593,447.43533693135385,461.71013343155687,431.80160797699574,546.0277121912778,395.0285198059565,394.11891421615377,363.5475645573847,436.86212609312,487.2575940441272,351.17157687300545,422.61698629488404,459.59852293487677,456.6821792208158,488.36502881916545,505.69650331804377,545.1739458106941,559.4805501703036,856.9236459516328,607.2002451958042,986.6414038154509,1103.9318626303373,1155.1103980947858,1523.5136335809682,1417.0393545463987,1189.1597877718177,1539.6935117692988,1583.719428001684,1060.792745939296
47768,1364.7433734282192,1360.1657867883894,1245.026388497329,1267.4630793101264,1226.1473037980677,1132.1905053621724,1168.133456797302,1128.2334465686783,1090.460360340338,1056.3868576689772,1346.1236545761174,1345.4230221354067,1367.5980108224612,1392.5143501697862,1293.4022664690565,1220.262842271673,1177.4216569604594,1104.9401117634652,1048.5809475055632,1135.2616525336975,994.136157240453,966.7336552744674,974.4861902560237,911.7362780684809,849.998130561434,934.4424651207986,784.4598343427297,851.6529423864461,902.8024895258051,848.5050710177289,780.803510838326,741.3051351413866,708.0258632069756,729.3837030008227,699.9358550640143,681.2048926860061,623.539131772601,630.2112555157472,679.2210902647828,622.7261277790429,583.9064683713575,554.4934565093556,577.4616295891087,504.151487847697,522.0456275972489,490.5682025071786,543.2191373294195,497.78333026937287,517.6821202895235,567.3393060945216,1153.0355324264078,2252.509864656229,641.7411539361175,572.1697135967039,585.6042170574972,544.1068565560669,529.1059897819352,445.6945194822849,458.88030603187684,407.2078329135858,410.11098374649134,368.0009396039454,436.0491098169008,450.4628436273548,444.8809180244184,459.5403071870363,474.098004677659,411.0395977579189,347.6290564911847,392.98609474404077,450.6055466024596,283.5924076528856,290.6104044377978,345.04945106292536,271.7853998407859,245.15995464759604,203.68870788971202,237.982464900103,219.0179347683235,538.5905295892626,584.7721111654499,475.50564970259154,369.33849471848725,373.99357678160567,404.91905359462964,325.962134829739,260.28399601138415,224.1040065189886,222.75901020861187,242.42871637049464,154.7743121003521,170.2835332363912,146.49141745029365,127.45569375579443,71.62686647718017,118.48696704526171,97.3766682496496,174.694774540157,123.98592035566348,216.40921606136467,45.621791290600434,0.0,65.78423695349242,136.4249710612178,133.73254949848828,179.56369360039247,117.71279336681941,170.69714401316085,116.15926051456769,96.46948305288815,100.82698851812161,89.36282842027578,91.20994179843653,40.17921880535218,45.403766453400465,138.65149268649782,203.11196431690144,126.21324683696818,158.42476358790168,224.00315896910672,231.27751791138724,231.7360975021561,232.71168904087872,285.9484173874618,317.0610796012985,347.346899072207,313.10954856355454,264.6599023438253,427.27070024982663,427.6156417684645,421.1315945146749,431.5441225733154,400.03903338076356,519.198263169236,367.40194011248406,360.8961438697737,328.9860987561049,399.80373528394796,453.08065480908135,311.745643285358,381.69498121631204,419.25754474488775,414.76365994155594,452.6297211041913,466.6876561524338,506.0914615170572,517.0179299643391,814.3451604718997,564.9672264597554,944.3534149546748,1061.926896542189,1113.1417743298089,1484.3971653506642,1376.9501287752578,1148.5797729348944,1501.1877594956388,1546.2428365740311,1015.3306421256689
47767,1413.8813863366152,1412.0123511818178,1298.8812660633987,1318.72438932989,1278.1415420546634,1185.4918676926802,1222.0388974561533,1180.5685251388538,1142.846215974876,1107.7070542210658,1399.3620935751846,1399.7899124013898,1424.0011750607064,1451.7628112958419,1351.9101860187893,1277.2967915293546,1235.9097859985068,1159.703478368918,1102.8751080228749,1193.2436185826211,1049.165444385507,1020.119473316317,1031.8199474928256,969.3795310705643,906.254098906178,994.1925460584645,843.7710653472529,912.855391759675,965.134769711325,911.7506821337562,844.8754308361547,805.3484565698183,769.1612928330495,791.6768663811445,763.459783410709,745.8188301209343,688.2141951171155,695.5854914556925,744.9203544337166,688.4977497272289,649.564584935792,620.0270456238617,643.2067183582818,569.8468743553475,587.8230315894051,556.3197421219116,608.5526862356193,560.6312848253359,577.5383224631373,621.2368510859948,1181.7436669839892,2298.3848307666162,706.9161425557016,637.2849726164105,649.6826235122085,607.7732694883134,594.0191778216376,510.5643313431582,524.4925857400649,472.69574727274204,475.84910259393126,433.59668672079624,501.6372844053121,515.7430710416834,509.8789180636167,523.7967546972059,538.0912549391766,474.94342362166987,410.3945598944493,455.13684830657,512.7945926310315,348.77305482594574,352.90169038793914,410.18098239781773,337.51876493239683,309.6338416349118,267.2572665089529,301.16486084468494,274.0181446156268,599.129483819138,647.4163163882582,539.2637572490662,431.78168493830407,437.175819940476,463.7860334246601,388.10452501902984,323.9518099145762,289.23381146657425,288.49851301169025,308.2128385201324,219.1762974799627,235.71118561777254,209.64227804888316,187.69257642948494,137.29770146920546,182.0467899607089,152.6374553136039,237.8091781073138,177.64627342343942,256.67043947985275,97.69164236861725,65.78423695349242,0.0,72.20326414811501,67.96409756072916,195.49057033034669,113.52070417882078,118.66956903366062,121.94839990918408,146.75879135123347,110.03002803499764,129.04042284667347,102.32664864913815,75.42454604644952,50.13096185830159,79.82169119305395,150.07727846168115,101.72565857272019,158.21469619853036,177.26468986501024,193.05983818469022,168.95966906648417,167.77866012916814,220.59035284451545,251.2935257457883,281.6006646181771,247.8744740978856,201.9075505786048,364.2431223073417,361.90083059215044,355.36534349363353,366.4550100326984,335.531278246706,453.487496257959,301.7280383750687,297.11278340815585,266.07701737977595,339.19583979674246,389.9643189100334,254.42044372126105,326.9317055897842,363.2870144769628,362.1405090992034,390.72685942645165,408.49848195765975,447.980950620438,465.5265247347079,762.7595342813105,512.7857511510612,891.9415513071269,1008.7923193491024,1059.9055947308186,1426.1449376034602,1320.1229337520745,1092.5969628343737,1442.1508832369448,1486.0365439296118,977.7304334005097
47765,1453.336944285659,1455.1563906675717,1345.001563216936,1361.2078141026257,1321.6991135599926,1231.0263350616751,1268.3549927668723,1224.7745680823148,1187.1985708475192,1150.6857221923174,1444.466555087734,1446.4979096735872,1473.6570814511697,1505.7929550195756,1404.8590451522857,1328.0741346436753,1288.961155600098,1207.3452536393102,1149.9617308919328,1245.570892142192,1097.4036685084336,1066.1269293673063,1083.4350859291108,1021.5806763265837,956.5818436803038,1049.578588930944,898.7743627341864,970.7454097922482,1024.9103079300219,973.3038311766247,908.1959961034902,868.6555709113222,827.2263291993504,851.6542472757957,825.7649716085249,810.4822274204419,753.09831010302,762.4006232017255,813.1183389618675,758.0967477065946,719.8576310053787,687.4985236279102,711.8061654379097,638.1410797292974,657.3715182567788,626.168661405911,679.5814457402076,632.8223937509229,649.407931680726,690.9504278565882,1233.4851274525154,2362.4037176584266,778.1536237413296,708.5918249341939,721.6507262875051,679.8559857077236,665.5190624644124,576.2243525608345,592.4016956687669,540.1808812499755,544.5270891576127,504.1408483954958,572.1814269271446,586.8542707987539,581.3026468001844,595.6858708733486,610.0789678554785,546.951509421749,482.5823621390701,527.3382135604844,584.9952955189947,420.01482234048336,425.103996283529,476.73944611754865,407.61972544586,381.387374062461,339.3001353908142,373.29062031118605,344.9687054756877,656.7714159484069,708.3291566566088,602.5021691035108,493.17374021969925,499.75305192796816,519.7518081740635,449.30248332442994,387.9988798536393,356.24088414224536,358.615757827191,377.7370072726814,285.3359067368466,306.66143011263506,281.73009689035536,249.42974289868584,207.9142707542089,254.02947019997143,224.350591629268,309.92018423449065,248.84162894609926,321.7681718397707,159.5120726032166,136.4249710612178,72.20326414811501,0.0,19.384921423026842,215.72951667900494,129.90020143581236,65.98592611852037,145.51545588150043,202.1579204452712,140.1209839304841,197.59710080991545,162.2387373774544,146.38746077266205,119.2354332375119,68.18590087185572,130.5484329273365,136.34696312534373,203.3521161127066,165.79547474712004,193.23494120742996,96.9509258883486,96.36171934941405,149.95978603102543,182.89181826992296,212.7303540907551,185.40954964008586,151.00529506407804,292.0483529353639,292.52411708435886,287.9239600969626,303.4358630994096,275.098612263874,386.51719167386983,235.71040096510868,239.73686279188706,212.1789172542329,289.82129523153867,333.36636317174134,215.35407506392735,290.4162403484158,323.4264758587662,328.6390284535352,337.3434860931941,363.27871648198817,402.3571703213579,431.87346855299273,726.1049853756324,477.27692979289753,853.3392841259863,968.6178309551852,1019.4212356267051,1376.5436860463428,1273.1484282933227,1047.4754305046595,1391.1174267697952,1432.7794294322441,960.2885017879928
47766,1464.656332713527,1465.4921420823337,1354.4603489947142,1371.709096245082,1331.894907022671,1240.635130555597,1277.740001759428,1234.7661385814731,1197.1394287265637,1161.0031466985743,1454.242399605665,1455.797588463571,1482.0330205436728,1512.6507725253093,1412.0975311458449,1336.0545638839874,1296.1441544495692,1216.3132536945102,1159.086509500668,1253.0031292554515,1106.158473133649,1075.5531684506168,1091.0784351878285,1029.004401431579,964.6208069616353,1055.844545063489,905.1425921523389,975.9877192043438,1029.346109125517,976.8954455830747,910.8740635052027,871.3326565511535,832.3519970400379,855.9557603724932,828.949883433493,812.3970761039886,754.8726247924691,762.9685520820931,812.6887297596959,756.4573154439237,717.504567078179,687.5981069185216,711.0471608728609,637.6184790608764,655.7781714854005,624.2838017674052,676.3215759624721,626.6869598055623,641.3097678301601,680.1389150293134,1216.1933425473735,2348.162820736893,774.5763026959986,704.9139306351664,716.5868141130725,674.3959490152363,661.5224695244467,577.4858322791521,592.1656041081508,540.2403962585713,543.6856323519823,501.5160439718311,569.5504045021098,583.4902395430479,577.4550916148761,590.8790467952209,604.984482700976,541.8143248773789,476.56498109636425,520.8142262804608,578.4186728786893,416.4993911043039,418.8682771819935,477.39986612884854,405.48227349101154,376.9972589892251,334.1849596126986,367.7986674048647,335.7602143277144,661.9946963791739,712.1502934324287,605.1308390847603,496.64390765986633,502.6571413409259,525.5307657231733,452.8214834583902,390.0496004259515,356.53836256562636,356.46253322811936,376.14772602159775,286.0747732889135,303.5873010344898,276.5264308221053,252.31092727672151,205.25870470439773,249.22348588726678,216.62457503904525,304.57467890142533,240.24032137093187,308.88114104010634,161.78676268568634,133.73254949848828,67.96409756072916,19.384921423026842,0.0,229.61364646414782,143.21667629128928,85.2245104823765,157.81576290076399,207.22342488887747,150.94196117944665,187.1749231922156,148.84385394029766,138.3902540598434,110.50635372116652,48.801977505897646,112.67763106146326,118.71983904308301,186.26917389557138,147.39060634593517,174.13709352775646,106.83107554645055,101.24835373357388,153.1063985250071,183.33080366856697,213.63877413323178,181.35316761770022,141.1013411309571,299.62045795105644,293.95217046718176,287.5337980039208,299.9680870998158,270.12866823942846,385.7873170139046,234.15621384448292,233.14752688690302,203.93228588005462,280.15397586573334,326.65970845797307,202.18074298522362,276.9692371453881,310.94742483676026,314.6134496365765,329.29817740750923,352.44388765704326,391.7279462701967,418.12119141224474,713.3730509305108,464.0278225000527,841.1619945412549,956.8957988092033,1007.7988224595765,1367.7289529860877,1263.463785333796,1037.1698969296906,1382.7960106958337,1425.2684594000586,943.9388253337404
47740,1240.4146074377034,1245.001236299599,1138.1174063223805,1150.6119008981148,1112.1416358067977,1023.7445571418241,1061.8942330046182,1016.0635316712534,978.733562422182,940.9433337259032,1236.2464841179485,1240.0952404672707,1271.1787940882525,1310.8951534655612,1208.179568617461,1127.7976619634464,1092.93948017281,1002.7687937679593,944.8451688665019,1048.3582176270568,894.0952949290629,859.9499207155785,885.7478544496945,825.4141703626425,757.4359496410384,860.0725037836795,709.8662826376752,788.5972978419154,847.8838422094381,803.1229560157963,746.1985488313347,707.3708521992432,647.6776172123626,677.8176171442175,661.1576730713147,656.8899137799958,602.2643026917101,622.2554158725521,680.8355211226177,639.4792771671603,610.0533290312756,554.5147523797679,586.2076528029148,513.582764056212,542.6729621550942,516.1982614033517,581.2246101437033,569.2361354786548,608.0756344806668,681.5844401087218,1313.7022379908708,2377.043832095645,678.8378860865613,613.3023601426448,640.9618171408076,605.7465175911585,575.8841733619294,437.5685282875944,467.55457719139935,415.90526481878766,429.19265259246134,411.4288224363456,473.68405683100264,495.235407921757,495.39993558534906,519.4394178623007,536.0754349382303,478.29780293540875,430.5021249192371,476.52151169604224,529.8981848544282,347.63725562772623,383.06301075682507,351.85186498297355,321.80562047084743,325.4897075755553,300.5727409625689,331.5048105689643,351.97028421416553,479.97854263359517,541.2836227727165,449.60066345975866,339.01845940885585,350.4689877616069,343.52750260761144,298.436808207251,259.9182687999303,253.14788513380606,282.18402466880843,291.1130115963091,197.45211959743776,253.8940486902187,260.38803222509785,153.3212913070367,194.08635881202312,238.76988110982725,251.71158218775457,281.41138297487817,275.4243476481426,377.67004318476086,140.67592065577452,179.56369360039247,195.49057033034669,215.72951667900494,229.61364646414782,0.0,86.47783054145575,184.85603307139638,73.92153657607436,114.03599289099876,85.62128036140892,262.97947313660194,270.3906347057506,219.73504506822977,217.75995217918367,267.2691973150724,338.6091926279239,293.8388195349164,337.13298140851623,369.7366024930751,388.27604100791825,265.2844382648917,284.2676651752386,332.9964230300362,372.02603487945817,397.17146578441145,388.47374197259575,365.37278903514033,429.64682592772124,468.2654879263925,472.5786994371315,499.7906489390561,477.3017661536506,568.2784253175192,428.11686412747696,447.1853131324911,423.52829801833184,502.66160500779176,539.3242308908048,431.07423979503307,506.1119430357322,539.0248819993521,544.1186311485069,546.6272628865238,577.4411059569426,616.1303767462023,647.5040057702109,941.6951994268215,693.006445431215,1068.5239731892,1183.2745574904573,1233.930355629299,1584.4858176405617,1483.6624551429318,1259.6550311364804,1597.4537871767109,1636.180212127928,1170.8864669872373
47741,1323.9644659862481,1326.8023515765547,1217.9834277741274,1232.6654423880948,1193.5591419193659,1103.8014072358587,1141.4939043977563,1096.9531507376105,1059.4662045543455,1022.4299659798636,1316.904739039608,1319.7180397435452,1348.6529519717847,1384.4073286493926,1282.5546728838524,1204.0249938657323,1166.8960035675368,1081.2807445935157,1023.6321099979648,1122.9077604639026,971.8375241739182,939.2977896630838,960.4119795163356,899.1975387451242,832.7539824977518,930.3931697077145,779.6064888538374,854.9994353481192,911.8243753167512,863.5368119165207,802.3809068467165,763.0464775430089,712.3577940728239,739.6693241352334,718.2845988599111,708.5313459538335,652.2173146313187,667.1175850325053,722.3322611006583,674.2172438220593,640.4011472066318,595.3396314624833,623.7756986769159,549.87933527582,574.5897956676577,545.5343021371812,605.9524945509556,578.1021934150173,607.8386980867438,668.9785527409088,1270.4287200035055,2360.791967902302,704.997570114362,636.9856117697175,658.3457265240156,619.7815639643301,596.5437337495405,479.8528016962822,503.38788636527477,450.6327647839393,459.7433044425269,430.6753408022586,496.9364847401518,515.6327631981519,513.1518360346283,533.1847897193901,549.0786356218784,487.8460359848942,431.4774070699453,478.0635449954173,534.3839856088593,355.3178666178317,378.09006998968397,385.56745888053433,334.9806677562772,324.4946520530198,290.324573381918,324.2947195289247,324.6867262605062,542.4477448088559,599.0180620825541,499.2984507834519,387.8543803586888,396.894935527903,404.5722397797177,344.6709160355539,292.4974421690711,271.95878548787,288.8944668394894,303.36068242795096,203.948569247631,247.11324033761377,239.3183446984675,159.26763089036288,161.31155113910583,212.8360703324339,208.85376206339305,265.25151716605615,235.20387271009554,332.68378829772087,96.17023819455447,117.71279336681941,113.52070417882078,129.90020143581236,143.21667629128928,86.47783054145575,0.0,109.79767656837974,18.15767766789159,106.3057810938245,24.89612779905265,207.05441433024,201.71220342907313,155.54577262863816,145.56484387448054,181.3226411902129,252.40260813401775,214.77280431236437,265.5682657636664,284.1093529878815,304.16027773336674,190.8990128331213,206.00212720201256,257.6695448056637,295.7115057866784,322.78448106067094,307.8752789649219,280.467632359867,371.7940477408417,397.8669246150474,399.1148845343567,422.3615323761946,397.5844790175832,496.69562115582033,351.49860373045004,365.3539655401592,340.07413495065714,418.67138773910966,458.3845984125511,345.01817914244015,419.9803760565899,453.31138628235686,457.81083888722674,464.3152030914864,492.7998934716608,531.7288166420792,561.2718640340523,855.9778644413786,606.9741272349712,983.2244318955743,1098.3911518240698,1149.154222871641,1503.4146606492636,1401.2505608292688,1176.3058541376124,1517.1809943541366,1557.3306778878832,1084.9013691284806
47755,1424.1419079190393,1429.6809341461167,1322.942667618342,1335.224038327836,1296.9186046043765,1208.5824103845916,1246.6843094754863,1200.908305585181,1163.5866704625582,1125.7215152437552,1421.0987077063446,1424.8968815617866,1455.4234616882713,1493.0239712207663,1390.8495020099413,1311.4828532185159,1275.3264643273787,1187.3236365142436,1129.465370367675,1231.1074355439705,1078.3860838886399,1044.6824944362195,1068.5287427767112,1007.62500418564,940.5565256454493,1039.7303305247754,889.002053436967,964.7583564264578,1021.6099995722432,973.0928419943115,911.3441244756756,871.948026816058,822.1538060260881,849.384230802089,827.4789322703979,816.6068047350423,759.9608503027946,773.2714288116836,827.074755820968,776.2424545755256,740.4814798026424,700.3111304747366,727.3097195114742,653.2992326992342,675.8883512723505,645.8162106329437,703.2930790526751,665.6603112294158,688.0065422065367,737.1918405772369,1296.1725782500084,2417.0216093593535,802.4177484860367,733.4760330978754,750.7963609991059,710.4080157926539,691.6179724189124,585.9348196023252,606.941679789762,554.1840082809658,561.426616843357,527.0925402387195,594.5791759607472,611.4514011257062,607.4455600689199,624.6944775757419,639.880788692695,577.2963104311472,516.0766968537936,561.9794173052383,619.420207949824,446.65560495761883,459.79748459814823,489.42218287010303,430.18038485352855,411.19882297779844,371.9199717847593,406.46520363986644,388.917106676539,652.2334350255873,708.4044538825544,607.3826371595317,496.1908132320001,504.6404801030481,514.3564500181578,452.70244232043075,397.3551997133328,371.96675776101466,382.02512186793473,399.05561883836276,301.42708195282694,333.94538502927924,315.7908090911136,259.8452847977447,237.28727353152934,287.718422081124,266.7433413887002,343.75701159679613,292.8282100968194,375.3380457704693,177.564153431601,170.69714401316085,118.66956903366062,65.98592611852037,85.2245104823765,184.85603307139638,109.79767656837974,0.0,127.94430407307132,207.66903530458092,129.8199026310464,247.3081641728707,219.20605371093046,192.62937833881688,168.75112246926298,133.88316901653153,190.92196848119357,200.84732469250264,266.64474581787465,227.2353234927307,256.9655601160771,81.41451664643705,99.50370142291497,148.82515336313966,187.52237809654494,213.67010562127695,204.24818228511242,189.39427329439172,266.08726068290287,288.07758088176547,289.80385411764007,315.09785261748374,292.55326370952906,387.05918792982413,243.58967323745034,263.64594428636343,242.37676362349598,321.94233261601846,354.9335793537458,260.2372052057093,334.54711325621594,363.9292154098644,374.10043321185043,363.20823593980174,397.8332126042216,435.72049247367016,475.42088780051773,764.610384704491,518.7757598780448,889.50281157579,1002.890125148499,1053.2353666979864,1399.8141694274993,1299.6404371271485,1076.551783147274,1412.6277134268491,1451.3857546871723,1011.5800285706275
47742,1307.8497181495923,1310.1585535495642,1200.9326444478534,1216.0946170460295,1176.8330873820591,1086.7971940885743,1124.4023229225566,1080.1179176237183,1042.601826399245,1005.7392619589222,1300.000375242771,1302.615391540297,1331.222911055358,1366.5808680094422,1264.8019546935188,1186.456376038247,1149.116152351767,1064.017900365758,1006.4181116681863,1105.1808240140701,954.4771937733944,922.1868942934967,942.7103061604424,881.4280862423124,815.1309403669551,912.4026877580702,761.6034011032114,836.8819918790053,893.6711745044739,845.3890827597605,784.3048970014441,744.9798735616753,694.2178025344695,721.5117906572682,700.1791437493425,690.5907681369016,634.3338737086524,649.4984189939744,704.9458959886176,657.3195089275428,623.865976214809,577.9410479241251,606.625132420075,532.7758454268685,557.8642375090471,529.0132056911286,589.9367244695751,563.9270982789071,594.9918969307028,658.2144585270124,1266.3562329582128,2351.2506670201224,688.9113927796849,621.1055523553001,643.1884045443763,604.9918841332706,580.9530553490237,462.287064282005,486.28038382187617,433.5543400940466,443.0166567317237,415.00649724934107,480.9515132911715,499.9762810526639,497.7878845735264,518.324722276334,534.3324046462279,473.44348576518786,418.1333678257472,464.7426305007958,520.7445107195983,340.830324397531,365.48533530874425,368.47536780377345,319.7461625933229,311.08091885416525,278.1741048760729,311.8287896107772,315.8739679340452,524.29439415237,580.8902463906953,481.3742096539906,369.9027402475983,379.04783068714346,386.4183663530372,326.784344787259,275.28960249091597,255.85548225470436,274.2552855552875,288.1117910808449,188.73377673469875,234.11458278440634,228.7188705690072,143.56518872716524,152.14887009268227,202.93372358036746,202.78663886589305,253.95309655347478,228.72030452351896,327.97417924240517,88.16748808130724,116.15926051456769,121.94839990918408,145.51545588150043,157.81576290076399,73.92153657607436,18.15767766789159,127.94430407307132,0.0,91.02824544754084,15.399237027496975,204.66979145195185,203.75932493796088,155.46584426249004,148.69264246359137,193.61931500127014,265.1213179174861,221.6599899773175,269.0658752219438,295.8937907081827,314.4373935416645,208.99404243457855,223.80383217340108,275.6666037455743,313.6113309978546,340.8006005710928,325.21701756642096,296.44711812620534,389.63037507846263,416.0044761011637,417.15198242827984,440.0872823202308,415.0158881995055,514.7892794200767,369.3390283033483,382.3844200527318,356.6472949739607,434.9815150450927,475.56056879451137,359.9724834865263,434.78327578380157,468.57436213452615,472.2868368140185,481.1632976727146,508.76995596890606,547.8020412858488,575.859892735431,871.1327746578063,621.8434424591151,998.6924039462411,1114.1070136960539,1164.9249604531312,1520.401552467152,1417.911523617696,1192.6895572187668,1534.3292077054193,1574.7172626411464,1097.1135337367944
47746,1269.525433561366,1266.2158358349604,1152.3907486228397,1173.1816943201804,1132.2670837916253,1039.1395483575218,1075.5295814388207,1034.5446145628002,996.7973939185135,962.1043160843959,1253.050087811213,1253.194325240374,1277.253050562859,1305.8255644342016,1205.6322527946434,1130.6193827653492,1089.6430859978886,1013.0268063514774,956.2717531838642,1046.798331608366,902.4495125281244,873.7207421223229,885.2226917719387,822.8717748507601,759.5131333650456,848.7217234170516,698.0833608710619,768.8562730018211,822.753814150679,771.3676781471148,707.0947651432364,667.5810081049846,625.2611634444181,649.5005397881607,624.1686025480511,610.634268828894,553.6141350189084,565.7870542507236,619.4155563014577,569.3873078190217,534.76906364809,492.64266161783775,519.8468242280684,445.84330548664434,469.3719789287029,439.91542876073095,499.74702135186095,473.10893459519457,505.55957221937905,572.6696356844307,1199.956202938798,2267.594501479093,598.8279001846184,530.7155663676829,552.2143951118361,513.964842258695,490.24147205991454,378.52450552381634,399.43155512859767,346.65107171639414,354.62118291498587,324.37067960426293,390.7257686177643,409.32703283720326,406.9048059494349,427.2964985684314,443.3096976063056,382.5219818208735,328.19446502844204,374.7812543304436,430.3771644430922,249.90197444647706,276.8249113209606,281.8009297550329,228.78387046963206,221.2419439209357,190.94927705807117,223.6657328041573,238.09828041435875,454.8503196627144,506.32796872078995,401.8070188463089,291.58429793158047,298.8787872967246,318.32627243093594,247.7398812782905,189.76207334101588,165.9497811301349,183.2866190515438,197.15182565307546,97.73973438797042,145.3898277396256,146.8903592334206,53.07217203001496,82.07879690607918,124.73399352845965,141.41913393169457,169.3077487188043,163.40255030558606,265.8121654151353,51.49515258981278,96.46948305288815,146.75879135123347,202.1579204452712,207.22342488887747,114.03599289099876,106.3057810938245,207.66903530458092,91.02824544754084,0.0,81.72867045688402,160.83357448419213,182.07980720867369,131.18732519353566,141.85565005496082,226.40071865560316,295.15419256895274,222.65317785516964,248.58508345977592,318.73052358625915,327.58552804045104,284.6238083383989,293.9016605865482,347.77448990845875,383.352246128298,412.38593321606874,387.47453047594365,347.13549791262386,473.6148732773549,490.67251919791005,488.47305272571333,505.590783988213,476.92794270040264,587.0665459943045,437.35543770967223,440.37077559681603,410.7664067420915,485.39262854333873,533.8673168612931,401.1294693804329,473.17805203918437,509.86465998807813,507.62892154186244,535.9881719313634,555.238418369527,594.7196160279193,610.5917159456635,908.0322597260189,658.2177048738143,1037.6264066404049,1154.7877811117435,1205.946143855967,1572.7591531638016,1466.8817250106306,1239.3045041951998,1588.5488370066162,1631.8836303074265,1111.7389682303917
47744,1313.7406061031081,1315.069355756011,1204.962243392622,1221.1603858420801,1181.5890696090835,1090.950849499363,1128.3422177655277,1084.653673687188,1047.079083642341,1010.5914655335562,1304.3586654513092,1306.5090157508816,1334.2315226799913,1368.1668032751631,1266.7089244926992,1189.0428019389594,1150.9234613624485,1067.5279057796133,1010.06557424415,1107.2069816863493,957.7345988601619,926.1099340404757,944.8568599450318,883.317154132557,817.589011298616,913.1820145153226,762.3312965926864,836.5980979316474,892.6877347212276,843.5556854105747,781.5293729412906,742.1296110505149,693.6154270807332,720.1534182439274,697.7121962569717,686.9171977500058,630.3803872946794,644.4911644070125,699.2203800632911,650.4260152478313,616.2671362914297,572.2703839885712,600.306658378757,526.3588334614736,550.6335004535783,521.4005567397218,581.4747398717278,553.2061109656252,583.1019840227063,644.9639353599918,1251.077514252088,2337.429219223126,680.5511498197852,612.4370693788755,633.549383792047,594.9218046559953,571.876867235258,457.14985166628463,479.8830742369703,427.1031697954367,435.8096112917736,406.053838972138,472.45357138951954,490.99694289572585,488.4159249519314,508.33720805451736,524.2151203723113,462.95514566549076,406.6415631348519,453.23326939162024,509.51590568677955,330.4353244180216,353.3944129135204,362.0795042823285,310.2268202859786,299.64263926403527,265.73766448485515,299.6267084454583,301.6691557823042,523.4011282179188,578.7410150715114,477.67105610721194,366.40691577178376,375.0173143549251,385.5864329055452,322.9784627124291,269.23228112235387,247.60128833908203,264.0311925735743,278.6165016924596,179.22619480373623,222.31372965753022,215.30472954674417,134.77960943032784,137.98718023371805,189.14951624348296,187.7323772176167,240.95121750823898,213.76841737676185,312.7349613979962,73.44603967110791,100.82698851812161,110.03002803499764,140.1209839304841,150.94196117944665,85.62128036140892,24.89612779905265,129.8199026310464,15.399237027496975,81.72867045688402,0.0,189.2709643310723,188.88649720060366,140.2555772219857,134.20877161625134,184.11463024637297,255.77907640140833,208.45386531500287,254.50431795398984,285.66515754288287,303.0354764573874,209.79788443083734,222.86608025822724,275.57625859538194,312.92790509942034,340.7369458624807,322.5462834476839,291.0103197831492,394.14731955912663,417.0394437484678,417.16016681555635,438.5228610589647,412.4953582871676,515.2094424992758,368.309475598747,378.85290909233623,352.1735245285305,429.9310323901377,472.2993579786773,352.934209903254,427.4686431091771,461.84584821656125,464.5363788235096,477.1345030311356,503.0802877546655,542.2604009341846,568.1829671041644,864.0914685664134,614.4993350305566,992.0676259975484,1107.836052596812,1158.7325687396233,1516.453059836977,1413.2669531500528,1187.5314087759457,1530.7671133066501,1571.7899840007303,1086.8791173998338
47895,1399.097867106003,1389.1280560375155,1269.9342028156266,1297.9221820844332,1255.2176173218559,1158.7708614686155,1193.2019323785337,1156.9453017826181,1119.2219442574553,1087.5373118208204,1372.1099665546233,1368.8249616236665,1385.8874817909768,1402.5837291561054,1306.0350223294063,1237.3364345897146,1190.5117612640722,1128.2495220922624,1073.2552650492505,1150.002808544112,1017.3279622121655,993.9059398266471,991.8152246081011,928.564388745,870.9903975599826,944.7111863093728,797.1964233029165,857.3068534858751,903.5177584332729,845.2515598201007,773.3909863325268,734.3888980389738,715.1249920382331,731.5653947651796,696.4090324564127,670.9518870557122,613.4330376947578,613.277715353443,656.1798317763709,593.7700862985661,551.504876251656,536.2002287387265,553.9513295308315,483.28798286971295,494.72390267106863,462.1256092130494,506.30962013922715,445.7277866482968,455.64919902379296,493.3587580772884,1063.7862153479061,2169.895647423961,602.2606291546157,532.7056154958202,538.719631371885,495.37596652031385,488.31216183329656,436.87060050068663,440.74904429371634,392.41308676495987,389.73006900797435,337.9305974604432,404.3059402524643,414.1918668646153,405.9124181117334,414.96089890160334,427.7927743566396,365.1069003349747,297.266492139419,339.3379569251694,396.4020373828675,250.71008119478716,239.62487359902678,336.6456957363181,248.9260992335238,207.94201578937538,163.30701494725807,193.2305961960347,149.2179894529991,550.090135270595,587.0186984715641,473.84099462631934,377.285757767888,378.18548533395733,424.9479416831413,336.9447712630575,267.1780569160237,222.63184635817345,203.40650018581948,225.5017236420912,168.1403571003743,149.58377504244822,110.44540878310852,164.8379630756411,86.26197106035092,91.31697479567724,42.92853829660183,134.4784476753265,57.19286012044927,129.107201146081,122.30455844627295,89.36282842027578,129.04042284667347,197.59710080991545,187.1749231922156,262.97947313660194,207.05441433024,247.3081641728707,204.66979145195185,160.83357448419213,189.2709643310723,0.0,49.95367944709955,55.319437198400415,79.06214920983365,167.56108665701163,209.14711334922814,109.80712413903525,97.77756703879525,215.85310418164156,208.39620823025456,293.7288474391024,287.4083844719759,336.53049405687045,361.2055618145372,391.5240788330119,347.22220692810066,288.71685090910614,486.29368534758424,471.1774168462646,459.9905339552068,461.33616074777683,426.64995901022536,554.9188940375378,404.9149510490363,384.8626430381886,350.39887845289616,410.6881010615353,471.60818260232327,317.31514141672915,377.9090328338684,416.94050451581325,405.0660730847961,466.4206881362704,468.66813869801194,506.9497909799339,502.11894508985625,795.4990047622279,550.542876208717,926.2871142364377,1044.7704179459222,1095.9638246940938,1478.5437187547102,1367.475956352457,1137.739703513729,1497.6001107729908,1546.2409907938415,970.9654771440134
47894,1438.6314013847925,1430.5002919181688,1312.5084864531166,1338.7618782373,1296.4925921956406,1200.7790663313262,1235.6881621986279,1198.2811888954914,1160.5181905933046,1128.0232007287461,1414.4073014481257,1411.883694472003,1430.3378248605445,1448.933069959499,1351.800907788032,1282.0284632938335,1236.1239187715826,1171.2123643766363,1115.784120098129,1195.2141201062964,1060.2485571703146,1035.6153293919485,1036.2952612436115,973.1190364933822,914.3997238949534,990.7895144136596,842.5985868534364,904.2339652783223,951.3300891394547,893.6103986806686,822.2259262038804,783.137548117724,761.6291840234315,778.9935185356129,744.6854309578475,720.0212057259531,662.4360577320398,662.8719916725817,706.0782300085425,643.7184130566709,601.3961810085123,585.8296958145471,603.8351543981087,533.0252385329311,544.6697343052937,512.0766188598371,556.0251973311869,493.6960103880086,501.01189531584777,533.0731305169736,1079.4535415912405,2200.2025659495725,651.7116976121008,582.2182099181231,587.3749594549112,543.8198702488392,537.7579546107517,485.4623932045478,490.27278921952427,441.57210851769656,439.33951548104176,387.87237172765873,454.25303346097786,464.0138689492479,455.5977400500639,464.13812431984724,476.7328658179716,414.2406216174966,346.04582884584363,387.36909580921383,444.0913754949272,300.6463363660327,288.61227762848944,384.87774188959054,298.3721585995419,257.8954799920563,213.25942375038514,243.02634335349308,194.8593854227791,595.3763147274,634.2420003710513,521.493901347071,422.7789653296516,424.46637045303055,467.6731842634557,381.5193787642967,312.1335816612768,268.85061112287485,252.23387705318942,274.22051292212143,209.6957374287329,197.9069066924259,159.84340066002989,198.3908841073333,121.51786037334998,138.88666426828013,91.91511490146749,184.37009768447615,106.76205296297114,160.06067605822906,134.78936645905952,91.20994179843653,102.32664864913815,162.2387373774544,148.84385394029766,270.3906347057506,201.71220342907313,219.20605371093046,203.75932493796088,182.07980720867369,188.88649720060366,49.95367944709955,0.0,51.674638056070215,56.642269207756705,121.90497132434449,159.2442828299313,59.90460680774231,67.31175696629286,166.4494975311321,161.35698250562973,255.35174234153294,246.02314866268745,292.8991053758332,315.4301313222916,345.52142954337154,299.3643869148077,239.74583277410412,444.4180032093091,424.5860404343333,412.44509488490553,412.36979437274846,377.41307555633085,506.5565797636282,357.35347558067605,335.4758719066208,300.88775745527823,360.7397331240176,421.7480272861297,267.41046948153377,328.7739302097561,367.74236188727735,356.7988625163937,416.4679272412715,419.1644403942171,457.59201013612557,455.0599959600308,749.7960664543782,503.4951426510815,880.5194470199447,998.8729785132086,1050.1018497024038,1430.6082518366495,1320.1313120644509,1090.5611449473338,1449.3215909732332,1497.4883105754395,934.1539276255442
47891,1393.5905421249593,1387.1436982342757,1270.4987345662296,1294.9234178927773,1253.0983013386349,1158.1991921083586,1193.6193880893882,1155.000426810323,1117.2201842881027,1083.9646321641799,1372.0358564428423,1370.3990557233967,1390.6920663284368,1412.4676072607078,1314.3015270050398,1242.818967947748,1198.4269253187426,1129.743561740119,1073.841535366139,1156.8733629748824,1018.810258786653,992.8305796440089,996.9530134526643,933.9493101855476,873.7107459309922,954.1423109644031,804.9348754946122,869.4204838399518,918.6290808240907,862.6196515720835,793.0658146050109,753.7108815834928,726.1459065640645,745.5550782742314,713.6908177701055,692.0685971488921,634.3319200177381,638.0483260759337,684.4404626930015,625.1100693241787,584.5841117815884,561.5164917508587,582.2186599861168,509.8537003215324,524.8897646503428,492.78021861299146,541.6445763595746,488.56365198232027,503.1862522225177,545.8270671119827,1117.4395877634677,2224.977259849032,639.1747653122204,569.4475638797164,579.2502320994997,536.7172145803848,525.6152618238852,456.4024063611618,465.60428921170774,415.12250689008846,415.57981511136956,368.81260760936436,436.493132206235,448.850370184484,441.9578276564736,453.95343525986107,467.71166198849437,404.5711272140792,338.5978501856271,382.54938600079123,440.12064244046104,282.32114217927864,280.8087688736219,355.28288464415004,274.89855227592733,241.3415209833096,197.57412605259387,230.51869107708774,198.72324979564493,558.0434388713453,600.6420731935268,489.3766783794968,386.5754417401881,389.73106006442356,427.1494271426401,344.08913196787285,276.01436879272507,235.71565915470273,226.5856864148881,247.7068385313184,170.7606273798012,172.01375534733995,140.25107273486338,152.50888067398336,80.9457140592988,114.24010458679871,78.24359217444878,167.80436873064437,102.46700681992326,184.41444077633818,83.12742140309858,40.17921880535218,75.42454604644952,146.38746077266205,138.3902540598434,219.73504506822977,155.54577262863816,192.62937833881688,155.46584426249004,131.18732519353566,140.2555772219857,55.319437198400415,51.674638056070215,0.0,28.09647599867707,128.8194055704161,184.2668675034269,95.52504300939209,118.96984100550614,199.8417238009449,202.01111730896656,243.30134490377242,239.63322742077497,290.8201069231972,318.48361322706586,348.9706985307272,309.14582915904464,255.17182447645362,437.7857055611817,429.2718530131421,420.25985881473014,426.10940822599156,392.8935016841552,517.0514696599229,365.56577787401693,352.24081425392916,318.8778983714484,385.3993047206061,442.3824565614775,294.3667837775624,361.0433637029795,399.4208250855806,392.01430962384,439.7869415041585,448.83750578098284,487.9412199412638,492.7731911861644,789.3113860511287,541.0513431719793,919.7566621202088,1037.7705183585526,1089.0172702838981,1464.8092344125532,1355.8951773312697,1126.861184782075,1482.5088746269714,1529.0338591304553,982.1306678687135
47890,1409.8214149252262,1404.8012851384901,1289.1919455374161,1312.2232401435149,1270.768181719875,1176.5232212425908,1212.297937903238,1172.7957038643042,1135.0177601231392,1101.1644247497275,1390.4398422234208,1389.423926834472,1410.876370287937,1434.3509452545218,1335.6941063286058,1263.3018594619425,1219.7528817091052,1148.861017554209,1092.6580240947526,1177.8716269307754,1037.9984618915512,1011.0792591917678,1017.4586686903201,954.5876384197038,893.4716499255558,976.0974163793019,826.4726534726376,892.2605416601715,942.2990608692638,886.9344303567084,818.0083984563961,778.594969515151,748.7909390900439,769.0430443822981,738.0953935170836,717.425228159619,659.6888681911804,664.2283002515596,711.2366947053754,652.412343547319,612.1280131652752,587.8652739479029,609.0758694040132,536.4797334389716,552.0809390261899,520.0630883025435,569.441253401696,516.6393188320426,530.8524734931943,571.993088599377,1134.49947385628,2248.2752072560756,667.0792513307533,597.3531952927268,607.3366205014264,564.8134979420454,553.5699979508263,481.685374119382,491.97129934825693,441.15622269073987,442.1958202611799,396.23963458975606,464.013601359795,476.6228937093535,469.8495395221416,482.00796659703286,495.7921281240366,432.64736151544406,366.6905243563052,410.59835464402977,468.15592662057145,309.9496627055174,308.8969670375552,380.6072444705387,301.8327921974286,269.1930581740564,225.54946492330373,258.5834274273957,225.77440573756533,580.0001817737024,624.1976688864631,513.6310379427232,409.40725391684083,413.186583441645,447.59451964330685,366.47720697223735,299.2902414878398,260.37020611941455,253.27809726020192,274.1375804154185,193.53740071760672,198.93721281646506,168.12925827785295,170.73178048057582,104.86163485556283,141.78998827417118,106.16765750651982,195.78806196670868,129.85004186153674,206.60535620050018,90.74684986690833,45.403766453400465,50.13096185830159,119.2354332375119,110.50635372116652,217.75995217918367,145.56484387448054,168.75112246926298,148.69264246359137,141.85565005496082,134.20877161625134,79.06214920983365,56.642269207756705,28.09647599867707,0.0,101.83785932549372,160.92327444135543,80.96673357384093,120.38040645771238,179.66122845491952,185.90856253669702,215.96824703789116,211.70928620430516,262.746357239359,290.4315004516569,320.91907692039644,281.58494716075955,228.6209791014775,410.0588020802105,401.23729818136394,392.40259995454835,398.8837048640971,365.98124293479367,489.3678892382783,337.7802308544276,325.6333890768194,292.60165308291533,360.5828621008972,416.4010372939775,270.63549087978066,339.01169289058186,377.00007761574295,371.20627530224857,414.47110574262837,425.49904756975053,464.7681409063485,472.96343156037085,770.1059430428613,521.0506030565803,900.2816169267473,1018.0259832072592,1069.2578475332903,1442.5353496362884,1334.3689164911673,1105.6759107251369,1459.7970345584413,1505.6593928833124,970.046613660087
47887,1493.4080682059166,1491.8100834154548,1378.6767469271545,1398.491211041966,1357.9481397244222,1265.3065808383476,1301.829817209837,1260.3861921548823,1222.6651787776775,1187.4864561365587,1479.1803863430425,1479.5549172539043,1503.4829630140134,1530.3075158527417,1430.7690464074515,1356.6238950627064,1314.7684269600234,1239.4237327195121,1182.635694476691,1272.2829519743327,1128.8492245296177,1099.9284586819856,1111.0455011038837,1048.5063439681946,985.7258897276888,1072.4512653478653,922.2320942510024,990.1761684965131,1041.451722041458,986.9841476095044,918.8067304607414,879.3435884353712,846.5203147586926,868.0350620933018,838.318876911602,818.642954896519,760.9213726698113,765.9771810250066,813.0577225597241,753.9269382559077,713.2862501283781,689.6707209070602,710.8804940505624,638.3173527547549,653.7032161308016,621.5993028480117,669.9381849217222,613.1085289416179,622.5734981768853,654.1603578192536,1172.674216306126,2312.225470025249,767.0750267643946,697.3656563750274,705.4534017329693,662.3832536171543,653.3123164523462,582.9222015454744,593.7851796219837,542.8709224803852,544.033275830617,497.6053870245202,565.2279135838461,577.2294666552001,569.987034215335,580.8837588162374,594.1848727889378,531.214136225857,464.08356333076745,506.7315555033348,563.9025361919909,410.9872850330403,406.27336555555746,481.93380284303197,403.597619507101,369.6448786463688,325.5026622843401,357.68489554622664,316.11654219399105,676.8680275225469,723.4092623883431,613.8338981154636,507.9891485928041,512.5750921804306,542.3336143860903,464.58777881844185,398.7806556908987,361.3315149864264,355.1025774457434,375.9721743618442,293.07491367760775,300.69147217811997,268.6355685811015,265.20855174196413,206.04909003193498,243.03217803575237,203.56729004575024,295.7641761943319,224.04358941053653,279.28317468871575,176.5084324550251,138.65149268649782,79.82169119305395,68.18590087185572,48.801977505897646,267.2691973150724,181.3226411902129,133.88316901653153,193.61931500127014,226.40071865560316,184.11463024637297,167.56108665701163,121.90497132434449,128.8194055704161,101.83785932549372,0.0,71.67126634577846,77.72879019130744,145.4674857075644,102.94960426541499,126.59541366335213,141.10574306662446,126.96784500660273,171.30049051257984,193.79261512766638,224.03559171579136,180.77664629150928,126.88856523117838,323.5657411044276,303.6175808902109,292.86925979819415,297.29765418141506,264.1630288325113,388.82900257517394,237.88826557725324,223.83047447787632,191.04158237689836,261.20928002123026,315.04074255713914,174.74810367155823,247.12561638058452,283.49609466330674,282.588409411999,314.0316344199496,329.1926631974327,368.66824769044763,386.1021493159909,683.1688322225749,433.1897479076625,812.2172094729709,928.9993127570874,980.1050334524355,1347.0355653295169,1240.5964693185022,1012.9066392566995,1363.3663986311099,1407.8966577854753,903.6403418947211
47892,1563.8430270189958,1561.3490888604672,1447.321399091675,1468.2377771103434,1427.4119358935898,1334.2017870459188,1370.4423972035786,1329.6987299560262,1291.9509298397436,1257.1758942311621,1548.12762075227,1547.946762351721,1570.6639787759818,1595.1866943064883,1496.345759638975,1423.372709097611,1380.3808461086294,1307.5880620552812,1251.0415684321208,1338.3216862545369,1196.8603695993977,1168.7613974127266,1177.5980238572272,1114.8397401773086,1053.0114266316575,1136.9673620460892,987.2323152037023,1053.1423697215155,1102.823119508984,1046.8728223228677,977.064129432691,937.7543467646689,909.6997057318877,929.6736388581047,897.9332436056158,875.7138859008314,817.9988751755644,820.3230519477866,864.7099239683814,802.872121116035,760.6395290987781,743.4564122408617,762.4188075362724,691.0614465825341,703.6238333572427,671.0907754032021,715.1628789732259,650.1160124410494,652.5007397828488,672.5634102472218,1149.7381052240598,2307.3062350117034,810.4961741977932,741.1061782169194,744.8737469488917,700.9955986392066,696.5659855402972,640.2303738370111,647.6526314775185,597.9874090345644,597.0443952077406,546.8231480404194,613.4191831205186,623.2412151757522,614.7162700199003,622.5965488320711,634.8189671113768,572.6770911864205,504.07309737789797,544.1663553020146,600.1490166208214,459.59118285594093,447.0214939120404,539.146120311709,455.8983564505186,416.99430129695605,372.35055289318007,402.25290133715725,349.86650154427036,740.894536210496,784.779940277107,673.6429770162679,570.2588072023942,573.8002432543749,607.9608601777646,527.3926068838413,459.96118410017635,419.96524803984784,408.61234646406456,430.23373217739965,354.32557193639184,353.8503867622197,317.8579100833929,330.5479237682013,264.9772667394383,294.7707648454626,250.15709322444405,343.2346389732155,265.9577891805449,298.75558893219284,244.2852378770625,203.11196431690144,150.07727846168115,130.5484329273365,112.67763106146326,338.6091926279239,252.40260813401775,190.92196848119357,265.1213179174861,295.15419256895274,255.77907640140833,209.14711334922814,159.2442828299313,184.2668675034269,160.92327444135543,71.67126634577846,0.0,99.95028427900392,151.1527834441256,36.62191699050229,70.57727806759787,168.91933201794336,145.2425579601318,170.71064038648586,178.7883901338411,205.86763324538907,151.28097301975245,86.81507991692325,320.22882102729784,279.3727473781447,262.9734398917736,256.3777605774708,220.43451283480638,352.53856658064,208.9686855847356,178.04933534674453,143.06913983279182,202.139037377235,262.5253523770903,110.11368220322498,178.59622019659415,216.2188115881027,212.47880851368208,257.4878540107273,264.68082613639154,303.8905424722632,315.6150880227079,612.9915250566952,363.0958558932234,742.4764447819771,859.6635514114365,910.8351309610617,1281.6647744928948,1173.8611672367706,945.4755816529322,1298.8741723808096,1344.90904916808,832.5589072293418
47893,1488.9072310663028,1482.6679465757265,1365.9386832899124,1390.4285379884927,1348.6224458011018,1253.6958773765184,1289.0644511737291,1250.5254561537752,1212.7452220963032,1179.4567666607797,1467.5191355697518,1465.7611388854618,1485.5890493417187,1506.0108243886548,1408.3437514488878,1337.5570158305386,1292.5481535817296,1225.0920510546725,1169.2647142184194,1251.2687159211878,1114.1462623103332,1088.3377558170716,1091.7130336219302,1028.639162563854,968.8657050249292,1047.7236538164907,898.9795750747005,961.96174538173,1009.8135543273517,952.5559493053537,881.5498871208302,842.4020751858538,819.0420760052746,837.1955735689039,803.5928239862958,779.5240879737032,721.9001940310429,722.696033060959,765.9758284313458,703.4674320398825,660.9763781610937,645.6723153801659,663.7366818940086,592.909665197717,604.521145647291,571.9101827179471,615.2851847745522,550.7146883938601,555.0328209049572,580.729877754911,1097.4808840478584,2234.518613802242,710.5459065578527,641.1598890540582,645.158883441303,601.3673149589764,596.6160878173926,544.6808381426343,550.0708956437604,501.17497426050835,499.18000069264565,447.733547546013,514.0023330121338,523.4711429149302,514.8325712692365,522.6658923389714,534.9494036208367,472.7465052733427,404.19818777943743,444.6095086276356,500.85118537807455,360.5164318214268,347.08499160788597,443.900840006823,358.1581698635774,317.7164628752012,273.09316666227363,302.51125876937886,250.66842280689414,651.8501286334181,692.3346821326797,579.9972630277844,479.6796713954996,481.9918409032882,522.1439417862944,437.77978091033395,368.9145875563605,326.68942340066496,311.7332210429079,333.64078035218586,264.77035820154896,257.21829517477966,219.66257525811656,247.99036170129898,175.02645004613726,198.05056721219503,151.72434100516145,244.2667720850033,166.22371522598053,205.1521349537827,171.69964200663838,126.21324683696818,101.72565857272019,136.34696312534373,118.71983904308301,293.8388195349164,214.77280431236437,200.84732469250264,221.6599899773175,222.65317785516964,208.45386531500287,109.80712413903525,59.90460680774231,95.52504300939209,80.96673357384093,77.72879019130744,99.95028427900392,0.0,68.03190373599234,107.08881191323817,106.49126891865616,218.72400457913537,204.37388184367333,246.1974334831509,264.5527808354267,293.98464346958025,244.60805074084735,182.9151132603216,399.10893068097994,371.58583357342036,357.79261014334736,355.0333002101354,319.57147009208836,450.22425415646865,302.8767437600645,277.3689822302269,242.54551953404746,300.9102115074996,362.3964752629708,207.51242078480837,269.51727828064514,308.38872449965294,298.57352184447126,356.7235778576036,359.4876184604798,398.04190377871265,398.1984752826301,694.221521587562,446.5714811423061,824.7719049525068,942.9129901747701,994.1598179457687,1372.329811409636,1262.483734270012,1033.1378460631202,1390.6951280621902,1438.3996007351773,889.1187705444834
47899,1496.8509705545134,1486.5616825722975,1366.9336179359507,1395.4955849100256,1352.6888812126826,1256.0197780285687,1290.2523918855347,1254.409061507225,1216.7002075950609,1185.1914600327366,1469.2189215417468,1465.565388652182,1481.6619962320178,1496.192446213508,1400.4705469791218,1332.934868652781,1285.173183769926,1225.0817772461203,1170.3069290964477,1245.1239219761453,1114.2055961144774,1091.2802612533915,1087.6763506816717,1024.389296615968,967.6448814465554,1038.9063516890863,892.2935906069949,950.2820146663637,994.6511098077499,934.9802807425074,861.5883070082778,822.9829629528725,808.9159739106674,823.7422355880858,786.6040444871107,758.3617482936363,701.2788006500098,697.7423606410865,736.7761782052371,671.1308193632836,626.9638683415982,620.6546404105218,635.2516967457213,566.9741417634023,574.4238862948338,541.6180100367903,579.0662403770536,506.04318188430113,503.8766500959568,521.4184430362737,1030.134770162272,2167.287231946593,671.5238716630486,602.98165321569,602.2686482908283,557.9412846056842,558.2516307310216,526.8228266113197,526.4611292984688,480.43678687394316,475.1260638518851,419.0829818335436,482.74734313143625,489.2349260279406,479.1083204089944,483.2760484005346,494.2226582086176,433.68332147558704,364.49390023814624,401.43624482649534,455.8388909843516,333.2696622622278,309.53878938876335,428.11022029843804,336.7427902591993,290.1849758034764,246.96969982274393,271.55480635729606,207.63878676487064,645.5415278981743,679.8155334578618,566.0636941960275,472.84764001630055,472.89408865975037,522.1804513853756,433.34531266606774,363.5089860160552,318.0859560702532,294.4118855037746,316.5542918869029,265.8982545507315,242.74379095794038,201.47142910003538,260.6993455339472,182.18950412739284,186.88128477448817,138.3100316477143,221.01019157949028,141.83436315454674,148.40192119352633,202.04260327386334,158.42476358790168,158.21469619853036,203.3521161127066,186.26917389557138,337.13298140851623,265.5682657636664,266.64474581787465,269.0658752219438,248.58508345977592,254.50431795398984,97.77756703879525,67.31175696629286,118.96984100550614,120.38040645771238,145.4674857075644,151.1527834441256,68.03190373599234,0.0,142.87967552395594,123.74783927758348,286.5714405624617,271.3968992449051,310.94574535320476,326.1983096148986,354.7264780645575,302.0263316944415,237.920828962008,463.7861378402305,430.09559320366895,414.12065367076576,406.0472926038129,369.56092252872224,502.86355079565425,359.97740497499956,327.1138581644302,292.1145826001996,340.08961980335977,405.51918996974,246.7343591037547,297.20662752272244,336.1045730377526,319.7118609265445,396.45422894189466,389.5802762017318,426.3328295748622,412.3209442633648,702.318789194579,460.4968515065209,833.0598527358618,951.6428551313793,1002.7459294651246,1389.4466565035561,1276.897730561977,1046.9337807391826,1409.564177202846,1459.9707406588043,873.2484981804901
47897,1588.247855140049,1584.1648681485622,1468.8411289498865,1491.4192358262692,1450.148633908577,1356.119326127528,1391.9468903017766,1352.2358201879076,1314.4623147584916,1280.3369140416667,1570.0447996845432,1569.084498279021,1590.2502020839474,1612.2004480056146,1514.1388068583155,1442.5068750751373,1398.2679786745985,1328.5160657136198,1272.3173102407081,1356.6949166390132,1217.6461298810154,1190.667666940691,1196.6409924737131,1133.6807114824928,1072.995057300373,1153.8746667777389,1004.7670965332716,1068.627525622345,1116.8108867493663,1059.643463666277,988.5842328691399,949.4555337242584,925.5524072314272,944.1013782522124,910.6789653681757,886.4600301918829,828.8623569801128,829.1283900720805,871.4929197403956,807.945858856685,764.774989481226,752.043764250714,769.3661619610867,699.0621708071919,709.6388348870773,676.9290688618821,718.0696368498244,648.2950376957356,646.6892322314485,660.6615715058813,1119.8288813900451,2283.26063592784,811.9827659227417,742.9939415780619,744.1148081258649,699.90967479565,698.3017911247935,651.7408702887251,656.5972793158718,608.0215425746911,605.5810188524655,553.0305797186223,618.6276349907051,627.000905602044,617.704198434858,623.6889585874356,635.2051237909775,573.8677794020382,504.8111604120182,543.1430777913887,598.1243273035246,465.9669321341767,448.66501465044917,550.9865344333076,464.74014598412674,422.94044528998336,378.466480929754,406.62858857936715,348.66541092676096,757.8188847450375,799.2121943242797,687.0241380852628,586.0337733948503,588.6720073081618,626.7552502965666,543.7955322998316,475.3121589133198,433.5804537510491,418.6603442511075,440.61558253163247,370.5001731033451,364.23088518395963,326.20889554442806,350.37216183360016,280.59621127824823,305.0925085825928,258.3273344582651,350.11708769419727,271.01646426011666,290.9372569190735,267.31358659545475,224.00315896910672,177.26468986501024,165.79547474712004,147.39060634593517,369.7366024930751,284.1093529878815,227.2353234927307,295.8937907081827,318.73052358625915,285.66515754288287,215.85310418164156,166.4494975311321,199.8417238009449,179.66122845491952,102.94960426541499,36.62191699050229,107.08881191323817,142.87967552395594,0.0,36.780263631581256,204.2077427844259,179.59166299497437,200.12320098054792,203.06480275864388,227.93045311648336,170.47802563138703,106.25559904607384,345.8094002267477,296.8703111708267,277.9483283563713,265.0815134389203,228.27008827547618,362.3902415248658,225.92291086890265,186.07914313312236,151.46500391885866,197.90016306036037,262.6825012119991,104.13569833308776,162.43129220580596,201.3328785003738,192.1820586310811,254.24972581927275,252.81722152679222,291.1480547020068,293.3280893969875,590.4539339581105,341.4756610183571,720.6249917566423,838.4138330550426,889.6509487372693,1265.5260439550443,1156.1445225066736,927.0335725563332,1283.7129984799421,1331.3107918138476,801.2587980012132
47898,1595.2762038846604,1589.1538192983073,1472.27986673972,1496.918385593594,1455.1085944823355,1360.1169703757694,1395.4134309867557,1357.0058526939972,1319.225931455554,1285.9423199897678,1573.9186239030216,1572.0027796575523,1591.298578214537,1610.2709044633416,1513.1457353085987,1443.1061215062373,1397.453072312953,1331.3236320396343,1275.5880212569446,1356.4664533755767,1220.3672138315662,1194.776659228573,1197.3149824887946,1134.178649685559,1074.8961107392179,1152.144519466345,1003.9108813923714,1065.4077463254298,1111.9138124624396,1053.5156331325782,981.239211482454,942.3521971195707,922.9247385909784,939.8910136689645,904.7257476392357,878.46944887688,821.0935178749849,819.2769508081485,859.5779692738205,794.5034554554975,750.5327781487453,742.1332681752914,757.8024574804203,688.6982609399689,697.3092489772047,664.5144256729586,702.7857159917455,628.9424771542438,623.9723452109495,633.1994806211893,1083.135785182986,2248.188335538095,795.2113791424902,726.7196791963876,725.4717330366534,681.0738272035279,681.990083943784,645.0652858623921,647.2918686593481,599.9736211025592,596.0326320061707,541.3889810142948,605.7822437023995,612.7558244128301,602.767095162218,606.9926682280661,617.8381269323322,557.4233908565348,488.23365560708237,524.8212256487138,578.735300600289,454.9188163674348,433.2138618575365,545.0200803836154,456.1452382094162,411.7516862633563,367.80051002182967,394.03998190426836,331.35735600952216,756.6914522551123,795.2565271375595,682.2090118314236,584.1315428181755,585.7743287196024,628.102924526123,542.7571396570468,473.4627255474403,430.12769134036256,411.5978750593155,433.73836433788813,370.32348342872336,357.97898088003177,318.31741689895085,354.4783935264117,280.9395956414381,299.48570567496716,251.32272296844786,340.4841522826746,260.67238332422744,268.3926103406029,276.20065562196265,231.27751791138724,193.05983818469022,193.23494120742996,174.13709352775646,388.27604100791825,304.16027773336674,256.9655601160771,314.4373935416645,327.58552804045104,303.0354764573874,208.39620823025456,161.35698250562973,202.01111730896656,185.90856253669702,126.59541366335213,70.57727806759787,106.49126891865616,123.74783927758348,36.780263631581256,0.0,239.48729748576147,215.49699170977917,236.89384161696765,239.09495541817085,263.2754366806404,205.2223231501629,141.8063806946106,381.91149738077576,330.2163444441922,310.2078273057312,294.02855318995313,257.08042987333954,391.39611474647404,259.40090392336344,215.60050307552066,181.8637683557279,218.86886432281497,285.9182473840011,127.65411165314883,173.46881895740756,212.40438463506632,197.34456351822166,274.96456128810775,265.8327745433202,302.6827382251561,293.83108973254,588.5770107679914,342.26747426793867,719.2596925165245,837.5685648433097,888.8031654916209,1270.195141278259,1159.1216102754242,929.4384795794253,1289.447167568358,1338.6938564270126,785.7329949535018
47754,1502.3308689309542,1509.1041782333928,1403.2509255968107,1414.5327643943413,1376.5831379472097,1288.844180750151,1327.0944138060124,1280.8453709649784,1243.6004058132157,1205.4106276147552,1501.0832758657662,1505.2738008991603,1536.364789451296,1574.4130541883935,1472.19173061446,1392.6370932923921,1356.6930578886531,1268.0505874370083,1210.129244594463,1312.436141672052,1159.2947467428176,1125.2056716164886,1149.8474037812,1088.9969035606966,1021.8183739132737,1121.1129303370944,970.3693502040777,1045.8637535539353,1102.389889822155,1053.3149286521177,990.76118510847,951.30618355899,903.1150494977582,929.941138821575,907.2082064479315,895.1135656852927,838.1885212820209,850.0683609074215,902.6189463784796,849.7146539674142,812.5700097697446,776.2404140112258,802.0534765253485,728.1236222836988,749.0666278162206,718.3502549141105,773.5003206841569,729.2248392617713,746.3571985556731,786.9136051064809,1311.7120929098623,2452.7940309175256,872.3541359849077,802.9588517524141,817.3156673191598,775.8323830113001,760.2579780169401,662.9664849278911,681.9904142740343,629.3929007007151,635.277154319655,597.5450017027794,665.4692721288391,680.998731718772,675.9712740940905,691.220027314211,705.8286444752754,642.7756931506266,578.9897734136123,623.9557892252651,681.6162415024545,514.5932695638671,521.6470285625172,565.0827100318348,500.6597045609942,476.8320131260251,435.33267795568577,469.5028321260807,441.7390811954823,733.0437770930143,788.4276526723906,686.0731956337116,575.2486366312974,583.1745051992019,595.1804894080018,531.5683961070366,474.10469316482084,445.90567624098577,451.851479783628,470.16723348938325,374.85011226132156,401.1230089520634,377.91532535251906,335.48110036815694,302.5120371883219,350.04732172032914,321.30149059132583,406.13477329068735,345.7245847940658,415.3965162236276,248.72282008752424,231.7360975021561,168.95966906648417,96.9509258883486,106.83107554645055,265.2844382648917,190.8990128331213,81.41451664643705,208.99404243457855,284.6238083383989,209.79788443083734,293.7288474391024,255.35174234153294,243.30134490377242,215.96824703789116,141.10574306662446,168.91933201794336,218.72400457913537,286.5714405624617,204.2077427844259,239.48729748576147,0.0,28.151168249846986,67.71210622678652,106.82247093651165,132.28605483664063,128.7709205303634,132.13180901751747,195.559038771591,207.24377017866755,208.3908667970419,234.66460873660282,214.0995909748553,305.79692729510344,162.88318522892152,188.95042070493085,172.87592924789624,251.25341161581593,277.44187513193464,204.63613240517483,274.8378876760417,299.53660645823044,314.8670056342319,287.7387948832312,327.57637820728075,364.08476127292397,412.2212363329303,694.7136984070964,453.0115740557993,817.4771149823385,929.3712908736915,979.3498613742428,1320.758402667777,1221.8031700565411,1000.0442942052352,1333.0370473940611,1371.0646969272593,954.3913606059842
47784,1523.529630538466,1529.1773047328938,1422.2175624907193,1434.7262776864518,1396.3904553545456,1307.8840827831568,1345.907304363033,1300.3262247166767,1262.983857789454,1225.192366716599,1520.4980225918155,1524.1317091385704,1554.1467331552974,1590.3841667289637,1488.555841786941,1409.835046450106,1372.8966918152041,1286.312766853825,1228.5154184955404,1328.9017296328775,1177.1824697832408,1143.8458835768286,1166.3933063487104,1105.1994080042662,1038.6616215154731,1135.9533199902376,985.1152772384585,1059.3513538974655,1114.9556096095284,1064.7702495668836,1000.9937091037715,961.4818185704046,916.2300370263816,942.09437400385,917.9456561162215,904.2526396209029,847.0576620066922,857.4506506715107,908.8120779423705,854.2982843238213,816.1957565736925,782.9144666796267,807.6925044091313,733.935147819353,753.5736157786856,722.4427312575812,775.9179709759536,727.8609601739528,742.352423083447,779.0383269726049,1292.1297976713909,2438.679117980019,874.4493031517768,804.8648621812454,817.414055437839,775.3837232174104,761.7119991898717,670.8213358865372,688.0626455548206,635.6984435053404,640.5005230131418,600.5020118633593,668.5418247568861,683.173322999762,677.527346443131,691.5660074052711,705.8146483616013,642.6555147457079,577.698844120408,622.0402829529364,679.6526071043736,516.2917637067233,520.0410637969047,571.911703116865,503.95816065731594,477.4042736304373,434.9670287462692,468.7489071981474,436.438862876029,745.8851929132301,799.7136148085727,695.6491813056939,585.4457081234858,592.7345129870937,608.1926967705182,541.6206907535759,482.1466163333575,451.7865712153145,454.9616989980777,473.9992023561074,380.74393986389936,402.9856970901111,377.32183150377966,343.27395355260256,304.2551010524483,349.8091903613961,317.85839595306106,405.4445662250515,341.28749627825556,405.33806468918465,254.4735565203631,232.71168904087872,167.77866012916814,96.36171934941405,101.24835373357388,284.2676651752386,206.00212720201256,99.50370142291497,223.80383217340108,293.9016605865482,222.86608025822724,287.4083844719759,246.02314866268745,239.63322742077497,211.70928620430516,126.96784500660273,145.2425579601318,204.37388184367333,271.3968992449051,179.59166299497437,215.49699170977917,28.151168249846986,0.0,54.065008211858306,90.07892607002803,118.51900862074683,105.10045487229752,103.98175577759204,198.89149249261484,197.15577819512623,194.78736642243393,216.41290809594372,193.05678520645483,293.26729878994627,145.55159383522331,164.97601171330558,146.62368117647802,225.6466212933874,255.51041058877732,176.51532230026697,247.06618402576638,272.4394322826092,287.10130647716875,264.38569607062703,301.96248836538894,338.99946811630014,385.06130431967307,669.2456837925664,426.3582261824074,792.7689435374493,905.2918780686076,955.4420962690403,1300.3123163135538,1200.2612194350568,977.5489383386374,1313.1866327151317,1352.2295046214738,926.6952855792427
47762,1569.3417085389272,1576.565334055154,1470.9287956090386,1481.9610872141884,1444.1190255546112,1356.5158690660162,1394.786854151235,1348.45286320907,1311.2257614459288,1272.9585411309733,1568.697577111784,1572.9608340245811,1604.0601724292394,1641.7782391420844,1539.6601946391265,1460.2681698399826,1424.1174771573058,1335.762583076034,1277.8409385435914,1379.9251146286679,1226.993875807501,1192.910593707292,1217.3500520146804,1156.4116189197835,1089.3794921874012,1188.061672269047,1037.2687967736138,1112.1574270755036,1168.1470051733131,1118.321231494554,1054.825464404818,1015.3218617709284,969.1881011050739,995.4203743088148,971.6685405389486,958.238668219177,901.0675308041007,911.5138053291155,962.8059021663956,908.0562282881557,869.7394250931455,836.9521269513551,861.6299089546723,787.9002168369586,807.3308821277961,776.1179195086627,829.1135247584953,779.3835937970085,792.1524944860338,825.4513113983538,1319.795979596533,2476.246202889266,927.5064953344016,857.8728543774754,869.6523115469244,827.3705029357661,814.5632808599125,724.8819464522081,742.0590805609019,689.7191023079881,694.4001369305571,653.9238930619013,721.9721162073915,736.318282257388,730.452461128296,743.9806220902817,758.0536226724187,694.8828493683254,629.3830565902086,673.3293946123007,730.8626706032175,569.3595491179552,571.6172125382363,625.9660824250822,557.514032747996,530.0764405593982,487.2820318579667,520.8340989790416,485.7423630121998,798.936248540508,853.290250822431,749.5675909357648,639.2460115526568,646.6441736903963,661.1509387274577,595.4408930310851,536.1924374454857,505.79436096093923,508.4966782233101,527.6932857874799,434.76623508811446,456.2045845076552,429.6253526778821,397.3173356824175,357.5653255756845,402.32209644077057,368.8087167030274,457.6539425633436,391.5140743220667,450.3552651528236,308.5191951187454,285.9484173874618,220.59035284451545,149.95978603102543,153.1063985250071,332.9964230300362,257.6695448056637,148.82515336313966,275.6666037455743,347.77448990845875,275.57625859538194,336.53049405687045,292.8991053758332,290.8201069231972,262.746357239359,171.30049051257984,170.71064038648586,246.1974334831509,310.94574535320476,200.12320098054792,236.89384161696765,67.71210622678652,54.065008211858306,0.0,39.32459184185436,65.1700908808803,69.68283733462425,102.05699808714462,152.9512265711622,143.0952751941214,141.5877887191644,167.0838167944222,148.15193360666575,239.75319042567273,95.23737132255957,127.82394199006495,119.58834102401308,193.20275244267776,211.99828639098948,166.49588436248717,228.098931413211,247.09198992325997,267.3516509459524,224.1215203014234,268.65110330324194,303.45314121050785,359.0137438845174,634.1008180519493,397.01828022847394,755.0068936400883,865.6989543591736,915.3831694701304,1253.5652286272577,1155.2389103492592,934.3214494571575,1265.617093354142,1303.4125538276712,903.369492116787
47809,1608.664489840149,1615.847584425908,1510.0612139423117,1521.2522738135945,1483.3728829432741,1395.6586026053137,1433.8895452409208,1387.6640023100992,1350.4221797326738,1312.2063109725605,1607.9034880808817,1612.0754984845423,1642.935943675391,1680.0865148202206,1578.10721547709,1498.9800825733025,1462.5081286818972,1374.749500420915,1316.8539141506903,1418.4052350630031,1265.8886531285011,1231.9742942643725,1255.8549539957066,1194.7999307589264,1127.9771278473224,1225.9309006952951,1075.1030405514534,1149.4291498081718,1204.9590721820584,1154.5463963498694,1090.3592256864938,1050.8322362004842,1006.2952539930708,1032.0413591144618,1007.5192791697256,993.1330830207686,935.8161836321559,945.278671795206,995.7008840884508,939.787176983226,900.7567395323009,870.2791351426833,894.1960281173629,820.6599428360887,839.1044700959889,807.6116539560205,859.197773270535,806.2081423072174,816.3442488463145,845.2796086433569,1320.906001122077,2485.6675492713493,957.197083056362,887.4886852933942,897.6630364501151,854.9519306434074,843.8559912427415,759.0934665278553,775.0516845168727,722.9333765753594,726.8457270535256,684.7328675130677,752.7480451011274,766.3450151025067,759.9757358713199,772.4363949136152,786.1613490139174,723.0362068256454,656.6699416009179,699.9043554417839,757.2336682358241,599.3808313890917,598.8248995021722,659.6132303765675,588.8050872534069,559.3180367870208,515.93091851635,549.0015661851617,509.90836205549033,835.9369638959597,889.4800939334657,784.8274958849955,674.9309513310762,681.9622819412068,698.2623440434456,631.0772622372666,570.7296256250971,539.0253495232936,539.7886407100507,559.456049020243,468.189765805939,486.7617935667669,458.39955718514864,431.9790402992297,388.5782399473094,431.55572282623666,395.6784207683608,486.1855648607518,417.2762929498858,469.7043568840775,342.37248580669547,317.0610796012985,251.2935257457883,182.89181826992296,183.33080366856697,372.02603487945817,295.7115057866784,187.52237809654494,313.6113309978546,383.352246128298,312.92790509942034,361.2055618145372,315.4301313222916,318.48361322706586,290.4315004516569,193.79261512766638,178.7883901338411,264.5527808354267,326.1983096148986,203.06480275864388,239.09495541817085,106.82247093651165,90.07892607002803,39.32459184185436,0.0,30.487585384974658,42.67816136595228,97.53208115760137,142.8200646759364,110.85653417853646,105.17003469195497,127.84398936648083,109.38459535853586,203.80727777836177,56.09274831380972,93.22666177429366,92.79407642537855,159.66845864661778,173.34041438148506,149.01191181099213,202.04966538705514,216.72108206271116,240.02761489473244,186.47645561915533,233.7280623945711,267.29072570070593,327.11325958380263,597.3686232352344,363.25173958070997,717.3149429716668,827.4478360712881,877.0015167185627,1214.2409828662223,1115.9836100197651,895.2931104053146,1226.318669801658,1264.2451857824099,871.4329605349151
47807,1631.1186238973053,1639.399954283987,1534.5843484916074,1544.7125216445327,1507.1898266099072,1420.1409406541013,1458.5473057434474,1411.7828035381733,1374.6307019420642,1336.0840214496795,1632.0395500031811,1636.6724667988065,1668.3498023802795,1706.6924786978773,1604.4754396086846,1524.8119323469257,1488.9789792438576,1399.8390604033207,1341.8591151821217,1444.7165114429704,1291.2656415769775,1256.8016031974798,1282.124863632529,1221.2821786818213,1154.0706294922043,1253.1731997067973,1102.3909200513247,1177.324875271265,1233.256238814658,1183.2657469267297,1119.4794157538147,1079.9632690216615,1034.3417385800317,1060.4831373206434,1036.46353458453,1022.5515486994994,965.2929527606037,975.1037758809475,1025.7589639266876,970.0618154643604,931.1219781601792,900.2243164500461,924.3207520145573,850.7392732882465,869.3680270057978,837.9142064959979,889.6412360314522,836.6382691569344,846.5040236392898,874.5994232490254,1342.5747795628713,2511.1907435570847,987.6632915478364,917.9568769237458,928.1428524676228,885.4189779076002,874.3344832964009,788.7618074839595,805.0746101438665,752.8974928197628,756.9841416322821,715.1098449378849,783.1320568057645,796.7892911670117,790.4450800349077,802.9236910633458,816.6445593991772,753.5208949600237,687.1311873689272,730.3238955877114,787.6349476292504,629.8181256169689,629.2855216943012,689.4527557627633,619.1189657047642,589.791654739449,546.4166075639206,579.488362479561,540.119984844136,864.0737436222719,918.2149216755973,814.0701911863381,703.950485332224,711.1694913471802,726.3010539124895,660.1190262450633,600.2599950100836,568.9640164549261,570.0971420218399,589.6991607275883,498.064324278603,517.1466336027446,488.88177347081984,461.43609588558496,418.8973691726136,462.0227655112066,426.1410603521977,516.672011061384,447.67151141502575,499.0762716386436,372.0843887039202,347.346899072207,281.6006646181771,212.7303540907551,213.63877413323178,397.17146578441145,322.78448106067094,213.67010562127695,340.8006005710928,412.38593321606874,340.7369458624807,391.5240788330119,345.52142954337154,348.9706985307272,320.91907692039644,224.03559171579136,205.86763324538907,293.98464346958025,354.7264780645575,227.93045311648336,263.2754366806404,132.28605483664063,118.51900862074683,65.1700908808803,30.487585384974658,0.0,58.91671361818326,121.67502633453677,121.1427416084912,80.39434006510766,76.42347309986947,105.533544307465,94.55011029400453,174.7557555352299,35.80598896044938,90.83740463852493,101.51909614035947,155.871824552329,157.40166183119814,163.1643171614421,206.92015982470596,216.21370738943367,242.82516452667107,173.67986001254488,226.113226417956,256.9745872149574,323.2854736387254,584.6260648688155,356.45563989305685,702.2785917275341,810.8405437359281,859.9764698540158,1191.8063685932677,1094.9607174152015,875.8266549938526,1203.2114686510417,1240.0887666538536,866.0346743763712
47814,1628.3797917586712,1633.4494731675538,1525.6722706037497,1539.0826001051744,1500.4996130190282,1411.4218355576359,1449.243336090756,1404.2141614267089,1366.8045518873616,1329.3078597209833,1624.3036234595809,1627.4749514921439,1656.4342012084926,1690.479988918729,1589.1996083066172,1511.5145604439845,1473.3799221795346,1389.1548494903025,1331.4917821834108,1429.7349685460272,1279.6870748299757,1247.079018186158,1267.4020532789782,1205.8193834349645,1140.0948082583852,1234.7201440036545,1083.8842402743799,1156.154617421926,1210.1911187817652,1158.1425881055438,1092.2200175956707,1052.6792834300882,1012.6332893917723,1036.87721169018,1010.2797242204485,993.578737820315,936.0089135064918,943.3202089601206,991.9213778436372,933.9190707487943,893.701394836173,867.5516518725146,889.9437026956148,816.9162080463518,833.4929713340241,801.5674639269861,850.6583946886248,792.8691348222222,799.4930399645752,823.288520718724,1283.658244989971,2453.4085125254605,947.8516659313985,878.1418632398974,885.8428879029791,842.5861162050485,834.0831798759813,758.4296374099187,771.8577266641512,720.3031739723237,722.7254526119818,677.8217331451824,745.5923958004448,757.9144033896742,750.7540212802879,761.5386387272814,774.7122017106207,711.8152281999237,644.3924122862968,686.4902094538679,743.3822552005475,591.4650850832014,586.6487211679413,658.0352617828571,583.0600737286237,550.3379348974106,506.260792214313,538.4396721696497,494.0804660090954,842.1800620194383,893.3010707677706,786.4806160786168,677.888857369825,684.002814097258,705.125860671276,634.0447938885666,571.3537663898977,537.0781437352057,534.2654755807381,554.6676215330625,467.00929708178705,480.28312842815774,449.276709332102,433.621411086689,383.61498880016285,423.338078788249,384.2900983422755,476.51248462762896,404.17225853551435,448.4780180927276,343.12527515226424,313.10954856355454,247.8744740978856,185.40954964008586,181.35316761770022,388.47374197259575,307.8752789649219,204.24818228511242,325.21701756642096,387.47453047594365,322.5462834476839,347.22220692810066,299.3643869148077,309.14582915904464,281.58494716075955,180.77664629150928,151.28097301975245,244.60805074084735,302.0263316944415,170.47802563138703,205.2223231501629,128.7709205303634,105.10045487229752,69.68283733462425,42.67816136595228,58.91671361818326,0.0,64.8625861080268,179.88121313992156,128.10889850093406,113.22215368061242,118.64092762760983,89.96619322848414,208.05282365584503,58.277044394606136,60.179997354321465,50.934530997063256,123.93452553284408,150.85412523402618,106.71879588658992,160.38403397045562,177.55546294215608,198.9772056897773,159.31761533387103,199.86478120303485,235.63209709159847,289.335810806711,566.4265028780437,327.53621031631104,688.7316967362365,800.6545484056834,850.6907663621902,1196.0934970254095,1095.4112696436118,872.4580036529051,1209.4501653648363,1249.500834851823,833.7185971232809
47815,1604.2963715193498,1606.0751291105837,1495.4706243071112,1512.1678978097407,1472.5690440432847,1381.5953908042814,1418.7687968612984,1375.5569484305165,1337.9557039159545,1301.5936485030547,1595.1412933235874,1596.8486673684044,1623.0921743939505,1652.9607411627467,1552.687689625854,1477.0126380887582,1436.7097541466912,1357.4085450557686,1300.164539421759,1393.7218962991112,1247.2596050880773,1216.5669068639024,1231.9173831559435,1169.7420627354131,1105.6162165322885,1195.718965450742,1045.158022538949,1114.7515915716353,1166.934135483614,1113.106056877297,1045.3912207067374,1005.9063009238508,971.0577188095251,993.4760484021364,964.5864860454719,945.4332856850947,887.7207745428303,892.8390086906563,939.6113109847527,879.8223437060196,838.6525291533712,816.4826876745993,837.3822270833874,764.9951816493605,779.8150435992869,747.5766483512976,794.4599926120377,733.2386909023882,737.7543434779528,759.3382568449294,1223.4625189818744,2389.5157341453646,890.8703574709303,821.2589481043069,827.120778345137,783.542291556224,776.9416490170888,709.73668148061,720.5843677512805,669.7450497661824,670.7134328729022,623.4014068732356,690.7676953939382,701.9888776316545,694.2043641426134,703.6746978729285,716.4194082416719,653.8110295450794,585.7708220409158,626.9855851148365,683.4898228818786,536.4763563811904,528.2585449599048,608.7830519235071,530.0609815472815,494.6111950972082,450.16246988998637,481.46167384173464,433.47994123681576,800.9704611603805,849.08229610604,740.1655431495731,633.4797934219351,638.5248572226534,665.2470688568154,589.8771985947697,524.9191564106367,488.10143397228035,481.72965651308624,502.72105766537857,419.4145895289184,427.1853159728698,393.98806897418626,389.5905242972689,332.9228241045159,369.06082045362325,327.55879602292293,420.57456762137156,345.90684934564075,385.13595068240346,299.4835932910989,264.6599023438253,201.9075505786048,151.00529506407804,141.1013411309571,365.37278903514033,280.467632359867,189.39427329439172,296.44711812620534,347.13549791262386,291.0103197831492,288.71685090910614,239.74583277410412,255.17182447645362,228.6209791014775,126.88856523117838,86.81507991692325,182.9151132603216,237.920828962008,106.25559904607384,141.8063806946106,132.13180901751747,103.98175577759204,102.05699808714462,97.53208115760137,121.67502633453677,64.8625861080268,0.0,240.29206429537865,192.72993709559304,176.21873239851968,172.64004541765775,138.1368645921601,267.30929786100853,122.17263120605865,97.06926261029172,64.32687124330562,139.08132612788506,188.42080531230226,72.7354332648094,145.45625560330342,174.79962219648255,185.2813885520538,188.92281638502806,212.3416678443949,251.36007340029533,286.02792416339526,576.8111953417091,329.6276746182668,703.1713806845704,817.9891305982214,868.7150365893648,1226.6395289478344,1122.4794527169909,896.5211774024108,1241.824628056372,1284.7508483782372,824.4526531937645
47800,1631.8017373869184,1646.646850358619,1548.3666260548491,1551.714391132169,1516.5449056165533,1434.0983835567124,1473.5015549514162,1423.4293327697371,1387.0130536334448,1346.545273844811,1642.9830513031688,1650.5973124038414,1687.727925749784,1734.7493285645257,1630.9996416427819,1547.6249191720894,1516.6676917504697,1417.9280871200162,1359.6309561318794,1471.3561113786845,1311.82144446349,1273.7968612042976,1309.1454362965567,1250.2061540721975,1180.4659314447656,1287.9580005081764,1138.3586731048078,1218.110855436422,1277.511163328516,1231.9908119036868,1172.9240905490835,1133.7355863342787,1077.315112452393,1107.0389354083534,1088.3691034688636,1080.1287444449097,1023.9573842359085,1038.6369491847483,1092.994115915485,1042.259319560411,1006.1227484965236,966.1453445843738,993.3839809936816,919.3733324097489,941.8332334192426,911.5809005726843,968.0191304599552,924.7523091388255,940.9103985287652,977.4589675739643,1463.2424856412288,2627.5174055173597,1067.0155327005803,997.7648374862764,1012.7843587909535,971.3772607684865,955.3096650589918,851.2905438668112,873.0006302385027,820.2331202160165,827.4650138449582,791.8709338710748,859.6323923494971,875.7314725250899,871.0193133562966,886.660268188311,901.3314274776629,838.30050954862,774.5112557335577,819.3764066839203,877.035316858699,709.6917739206008,717.1110791885947,755.4157717634872,694.8974451889645,672.2891228793746,630.8913992500297,665.0559399116206,635.263006944769,909.1689542770603,968.673735676629,870.9592597238407,759.4500174155719,768.6752223019879,771.9726584935655,716.4112223998701,663.0745476692987,637.9596976808032,646.3043761117432,664.0790236344707,567.249373489007,596.2743976266709,573.466772982499,525.9289247752515,497.834876208504,545.6062707771639,516.0034139712554,601.684783519601,539.857177667739,602.8476562539927,442.13468782073056,427.27070024982663,364.2431223073417,292.0483529353639,299.62045795105644,429.64682592772124,371.7940477408417,266.08726068290287,389.63037507846263,473.6148732773549,394.14731955912663,486.29368534758424,444.4180032093091,437.7857055611817,410.0588020802105,323.5657411044276,320.22882102729784,399.10893068097994,463.7861378402305,345.8094002267477,381.91149738077576,195.559038771591,198.89149249261484,152.9512265711622,142.8200646759364,121.1427416084912,179.88121313992156,240.29206429537865,0.0,96.04796926435269,122.27234937355065,171.23318515320162,185.60850130335538,172.640188914604,139.68925227404154,202.16541876527705,220.67922312412946,258.8507334428813,232.6656864682466,283.6397094990356,319.5838877223248,321.0230583338126,351.78158997797124,255.69022105614278,316.42162410247516,338.46451643077063,417.8213395535946,647.2570778691525,442.8635681508275,754.3121409257072,854.9453720741642,901.7209966946899,1203.4481790425618,1115.1706295537301,905.9731470150356,1210.7616515089271,1240.7854582011869,948.919548123114
47805,1693.9389851070823,1704.8092897180438,1602.3217000110326,1609.962915834698,1573.2992088406845,1487.8525059648146,1526.6404020736602,1478.658337897948,1441.740273812116,1402.4572568753163,1698.822001497674,1704.5283460931087,1738.0867749153629,1779.1505325049445,1676.4255307523188,1595.5701139433334,1561.2048406079914,1468.9615957068456,1410.824706458962,1516.5998686457356,1361.1127049794052,1325.4209321405388,1353.9943622044466,1293.6603516217613,1225.6245688010192,1327.218327143034,1176.6089765646157,1252.8235709695202,1309.596219196133,1260.5099670971606,1197.5624036272181,1158.0765441582303,1110.2220449682964,1137.184513804277,1114.2093631985565,1101.2469135702158,1044.1120832970628,1054.5758016521288,1105.6375737341932,1050.282047056662,1011.4564342814043,979.918434804186,1004.3154060039392,930.6650138473874,949.5755652364694,918.175186997169,970.0346718775484,916.6032366550396,925.5465589861192,951.2277554336749,1398.6233087514431,2576.8637008738624,1068.0530818051564,998.345105780856,1008.3551627616156,965.5532222992339,954.7077237218216,867.9767251968825,884.911089172052,832.6411783445494,837.0114792616919,795.4587584578613,863.4868986219207,877.182939225574,870.8322568418698,883.2184147459044,896.8863507666993,833.7780973872204,767.243203610403,810.253100068983,867.4890080145133,710.2101192925871,709.397769151331,768.9935576140927,699.4008401320149,670.1739467516657,626.7627197567854,659.7761481276976,619.397969099111,940.2328114034877,995.5740241245065,892.4755786748306,781.9708420487755,789.5459971967778,802.3596286222886,738.2059800767922,679.2819322393328,648.6977666442738,650.3746453789786,669.891890237977,577.7138913721063,597.5059161722431,569.2455363262328,540.4060798302319,499.19569859466105,542.4117970548605,506.27995360724424,597.0119388518945,527.5496834215081,576.1383011501983,451.5383179679593,427.6156417684645,361.90083059215044,292.52411708435886,293.95217046718176,468.2654879263925,397.8669246150474,288.07758088176547,416.0044761011637,490.67251919791005,417.0394437484678,471.1774168462646,424.5860404343333,429.2718530131421,401.23729818136394,303.6175808902109,279.3727473781447,371.58583357342036,430.09559320366895,296.8703111708267,330.2163444441922,207.24377017866755,197.15577819512623,143.0952751941214,110.85653417853646,80.39434006510766,128.10889850093406,192.72993709559304,96.04796926435269,0.0,27.797189223360654,75.67523767791654,95.93610780981376,100.21255441597788,70.94842144572432,123.72101424095453,151.57231102102142,169.85272670346967,136.8170563808911,214.73099738107672,235.41471062451492,231.11588698090918,263.781692479867,160.2511663392025,221.58683280720342,242.4884627480523,323.07470666548124,553.9608993854664,346.9583053418626,664.1549240076449,767.7155850950335,815.4721046481823,1131.7324604869166,1038.852125676671,824.555222022409,1141.3218169964612,1175.3583406957116,852.9855489087614
47812,1703.4521328344558,1712.9453594304734,1609.094145694448,1618.1771803476388,1581.0271850628988,1494.6291659641824,1533.18768108227,1485.9325413393838,1448.8722327717117,1410.013291582975,1706.1733884246044,1711.2373073424155,1743.5972044974048,1782.7118969685932,1680.3699475433689,1600.3737364710873,1564.9353653373987,1474.8540521571058,1416.8121398046628,1520.5859952782764,1366.5196541875248,1331.6181664873936,1357.9803224490945,1297.258818474879,1229.8315678805495,1329.4694642800023,1178.7048607736106,1253.7451989154915,1309.6590476527751,1259.5475507000808,1195.514940368871,1155.9897038285224,1110.7647406605806,1136.8564487626388,1112.6248138905153,1098.2879425764327,1040.9563842807977,1050.1803194306967,1100.2214113012608,1043.6349008213901,1004.1146849540423,975.0231667567541,998.5660504529071,925.1519816014992,943.0193176127567,911.355794642818,961.8374397342437,905.7170029157868,912.7149588742341,935.5365389499761,1373.9539737209968,2554.7372633465247,1059.42898059116,989.7019603596041,998.3210334806741,955.2097712003576,945.8130519073743,864.145520792543,879.6690929533668,827.6622769214321,831.2056121043238,788.075930002576,856.0136365932245,869.0091389127368,862.2174121871897,873.6800977589418,887.0454441990997,824.0515435859372,756.9314480362241,799.327501518999,856.3218782961832,702.2192112824015,699.1328437053655,764.5197871625211,692.5644051246298,661.5875384930503,617.7853444637992,650.350437743373,607.2316870559432,940.4919029393926,994.4866433471392,889.9964903662097,780.0572959817389,787.1280060812219,802.7234779832208,736.2093404588378,675.8606131324391,643.8219021126451,643.5970949254711,663.5314026187548,573.0837504692857,590.156284838677,560.5051690846284,537.1357372023995,492.4350097851445,534.1010545851143,496.3594205416791,588.012616734953,516.7873994934939,561.2449945275825,447.43533693135385,421.1315945146749,355.36534349363353,287.9239600969626,287.5337980039208,472.5786994371315,399.1148845343567,289.80385411764007,417.15198242827984,488.47305272571333,417.16016681555635,459.9905339552068,412.44509488490553,420.25985881473014,392.40259995454835,292.86925979819415,262.9734398917736,357.79261014334736,414.12065367076576,277.9483283563713,310.2078273057312,208.3908667970419,194.78736642243393,141.5877887191644,105.17003469195497,76.42347309986947,113.22215368061242,176.21873239851968,122.27234937355065,27.797189223360654,0.0,49.03025450484875,68.48753442841112,98.63811734088513,55.094992751323815,99.12872366067349,129.31440768738622,142.2138829519877,110.55729448839183,191.31057154259327,208.31104555370746,203.34863486486555,236.1301717410441,133.41975558820977,194.37717026268848,216.4539580407906,295.8563197666333,531.9718762391063,320.70568713279795,644.2743640342162,749.4531037235266,797.6963348421302,1120.3643520245332,1025.6180734715358,809.2183989679177,1130.870176772183,1166.4554886164065,827.8531999756163
47817,1736.0844701173244,1743.6408671333193,1637.8752022964372,1649.0264109642137,1611.2019996534455,1523.4796464235008,1561.6814934131528,1515.507989897389,1478.264980820912,1440.0396695310321,1735.747308282179,1739.8760900104955,1770.4514889768996,1806.5907885967456,1704.889084263803,1626.241754687508,1589.192939431834,1502.4214676438635,1444.5577035531883,1545.2624863706887,1393.4427951056348,1359.7330585408686,1382.7734455975865,1321.5119944608473,1255.0725543214353,1351.6093974362107,1200.7523156725963,1273.8563317865007,1328.333479879549,1276.6000752299778,1210.8420605205497,1171.3005477585825,1130.4367543883384,1155.0898943843838,1128.8292840695522,1112.2114742945398,1054.6345727663727,1061.719771845059,1109.9021170155368,1051.218853814318,1010.5150447475203,985.8264048092041,1007.8270917553416,934.9733143452509,950.9528340468206,918.8846440971773,966.7558789856896,905.6917971431084,908.8552322554033,925.7424285366275,1341.887387371114,2529.161693881496,1063.3826455446363,993.7431432209776,999.7371759469246,956.1205002461272,949.4735605471326,877.0188764770579,890.0664079542752,838.6465234365421,840.7312190327168,794.9011863899306,862.491034207382,874.1748246733248,866.586123886896,876.2968600289713,889.0594491347472,826.4402788466966,758.4068496875501,799.496073198592,855.8705661430985,708.2201706600675,700.8978322249102,776.5560473459091,700.6918653491387,666.6528712327765,622.3209602258042,653.899939409583,605.6965368666438,959.9744341065044,1011.6915280274185,905.097562760845,796.3684737596463,802.5827440005229,822.6674768743253,752.5121496707435,689.9917699317764,655.5963588983922,652.0281308972183,672.6218283212746,585.6175978632111,597.8130308514599,565.7818824829192,552.1742412472031,501.74972743147396,540.3297545052501,499.84538835600296,592.6567419943044,518.520513387368,554.3831103685982,461.71013343155687,431.5441225733154,366.4550100326984,303.4358630994096,299.9680870998158,499.7906489390561,422.3615323761946,315.09785261748374,440.0872823202308,505.590783988213,438.5228610589647,461.33616074777683,412.36979437274846,426.10940822599156,398.8837048640971,297.29765418141506,256.3777605774708,355.0333002101354,406.0472926038129,265.0815134389203,294.02855318995313,234.66460873660282,216.41290809594372,167.0838167944222,127.84398936648083,105.533544307465,118.64092762760983,172.64004541765775,171.23318515320162,75.67523767791654,49.03025450484875,0.0,36.94816919690593,97.40126969222668,71.87460285174932,79.03757358896019,113.94717779231722,101.21575794604934,61.53355797109158,168.4175151072147,170.08522783972208,159.5953627207819,193.67352399646367,84.58276886733057,145.9953292176568,167.43498753714053,247.46136055118626,485.55858132559626,271.6796963944301,600.0059215855407,706.9844018879405,755.7763405802554,1086.754705561847,989.4603436810219,770.4299283939191,1098.5777432364227,1136.4187559779318,779.0222832864894
47818,1716.2611973512935,1722.2332712415798,1615.0560936049567,1627.775206068709,1589.4394612939238,1500.7589100952755,1538.6843113770167,1493.3299655174287,1455.967108417009,1418.2411080442134,1713.4801828436375,1716.916270239512,1746.2277768001857,1780.439795940011,1679.1645369953294,1601.4087435005517,1563.3460583252522,1478.7909972388695,1421.07941226482,1519.6943634771008,1369.4189882803712,1336.5610954019965,1357.3517481679164,1295.7829682493373,1230.008428160274,1324.597387257331,1173.7705331574832,1245.7527158838777,1299.4499967517256,1246.9365950041981,1180.4047451189178,1140.8762493832182,1102.1826483135292,1126.0741758930026,1098.8410654593474,1081.2064589222066,1023.5582864349984,1029.7613908667165,1077.2170262552804,1017.8348362058573,976.7689438667859,953.6276821297159,975.043495046113,902.4386259009677,917.7393829885588,885.5546376912646,932.5818029943239,870.2796518319363,872.7130814702298,888.9226816780351,1308.5873981000677,2493.711917650474,1028.8933734765374,959.3062512643454,964.6196066192142,920.9001070764427,914.9515356785531,845.733227581286,857.7799516902662,806.6291561456367,808.158608826884,761.4275408485793,828.8542073945076,840.1244701201163,832.3065587345627,841.5319786451264,854.1340914519069,791.6434161942756,723.4201795916817,764.1754343200848,820.3864703863194,674.5586528781809,666.0252481618651,745.0222671238779,667.7532260875286,632.7414494239871,588.2990755307569,619.5524849209737,570.1318173743628,931.7525622605182,982.262276002595,874.7625876461345,766.7152390786546,772.516523491797,794.8439647008156,722.9122122645164,659.4717063491458,624.1142612118974,619.2588714027986,640.0655290792911,554.5816735249687,564.8476855774026,532.0688534202556,522.3478274060728,469.5902069934519,506.9714888278889,465.69356878718713,558.7063975877427,483.8400745474779,517.9420215761453,431.80160797699574,400.03903338076356,335.531278246706,275.098612263874,270.12866823942846,477.3017661536506,397.5844790175832,292.55326370952906,415.0158881995055,476.92794270040264,412.4953582871676,426.64995901022536,377.41307555633085,392.8935016841552,365.98124293479367,264.1630288325113,220.43451283480638,319.57147009208836,369.56092252872224,228.27008827547618,257.08042987333954,214.0995909748553,193.05678520645483,148.15193360666575,109.38459535853586,94.55011029400453,89.96619322848414,138.1368645921601,185.60850130335538,95.93610780981376,68.48753442841112,36.94816919690593,0.0,134.33826922742242,58.88680430103507,42.46877643332849,77.51274704129425,74.05980332501379,63.96468192142887,131.7236515520785,139.9525413140804,135.84493622696363,167.9479316537067,79.16047854204311,134.28849235902402,162.92792876722797,234.35210787298055,490.14757158694806,264.1796185685297,608.5798764752864,718.1807039732824,767.6651964652851,1107.2637250583932,1007.7174053499932,786.2217047947504,1120.184241737664,1159.750476373016,773.8387220561311
47843,1793.1480887087864,1804.60944140502,1702.4519218465584,1709.7423001465581,1673.2300973169733,1587.9850649096873,1626.8017751132406,1578.7032348269838,1541.8150816670145,1502.4418385434133,1798.8415922046177,1804.6654044569593,1838.298489447761,1879.0945644777696,1776.4575349628428,1695.7377668017068,1661.1854181755293,1569.1708380775265,1511.0310493482525,1616.6366383555257,1461.3203779672383,1425.6172810398257,1454.0260475342761,1393.5983536984054,1325.6955579818737,1426.6989525855151,1276.013493373754,1351.6342648861237,1407.8687855162166,1358.020047994092,1294.1317244850416,1254.6085058654126,1208.795325120372,1235.1727432401306,1211.1932425384666,1196.921253657028,1139.581876185119,1148.6452641760668,1198.4072716176945,1141.329024655998,1101.4536231633094,1073.3800544382004,1096.6516182957228,1023.3340157498234,1040.7825823814578,1009.0025477411023,1058.657652911853,1000.2512252645704,1004.8933747949638,1023.0205345039013,1429.3529255730257,2622.002131360825,1155.9035244842348,1086.192518166736,1093.6374135665237,1050.2574770444708,1042.134685963149,962.7178065803076,977.9445550019258,926.0198064706063,929.3075508547596,885.4775011113248,953.3329038892549,965.8890869288929,958.794863480981,969.522825404654,982.6138276011072,919.7694239403169,852.1807476668067,893.9228458089995,950.6009064559654,799.3171196869237,794.4908354543951,863.0010234524774,790.292161763644,758.3313501487977,714.2979104992224,746.4856108235269,700.7419719753455,1038.6103851059763,1092.9704895105524,988.6301299464882,878.6486215523211,885.7571668210737,900.7887124781296,834.806328796534,774.4828770087474,742.2426808181466,741.3784156385695,761.4805780031712,671.5721319448646,687.6986241473109,657.251788012644,635.7708957743823,590.3296608325542,631.1578576210412,592.3284105305047,684.5442104344127,611.9784124700633,651.0694447922353,546.0277121912778,519.198263169236,453.487496257959,386.51719167386983,385.7873170139046,568.2784253175192,496.69562115582033,387.05918792982413,514.7892794200767,587.0665459943045,515.2094424992758,554.9188940375378,506.5565797636282,517.0514696599229,489.3678892382783,388.82900257517394,352.53856658064,450.22425415646865,502.86355079565425,362.3902415248658,391.39611474647404,305.79692729510344,293.26729878994627,239.75319042567273,203.80727777836177,174.7557555352299,208.05282365584503,267.30929786100853,172.640188914604,100.21255441597788,98.63811734088513,97.40126969222668,134.33826922742242,0.0,151.8396928367781,176.31291000338138,211.03915499064385,188.53139933390864,125.41832264007981,265.27610752651094,257.15522888089527,237.5117789292449,272.7259271208304,148.77386995941671,205.67488096111424,210.05479860308944,299.49345174390015,484.05271656506034,309.84642761734614,585.1876245904467,683.3721457350129,729.6886682996641,1034.5681759798836,943.9669965824509,733.3907134640872,1043.3063603062324,1076.231249984112,797.9872589327059
47813,1664.26886682685,1671.7713485668596,1566.1339897798532,1577.1536539245476,1539.3493000038352,1451.7271798064708,1489.9715371125017,1443.6896316378973,1406.4598745158767,1368.1915481946007,1663.9336969774379,1668.154312826598,1699.012195676407,1735.9054317740786,1634.0075587365154,1555.0060918829467,1518.3786866899607,1430.841705788548,1372.946649648891,1474.3253567280694,1321.9696556276979,1288.0635700590335,1311.790276075824,1250.6742831563595,1183.9588793515197,1281.4695592301364,1130.6250378830532,1204.514558808377,1259.6524642249524,1208.7231032406503,1143.9020689959127,1104.3623326597408,1061.261973476079,1086.5919007517116,1061.379956224851,1046.085691082901,988.6471182911764,997.1240293942079,1046.6229661202774,989.5099126745504,949.7412767080306,921.7196989977606,944.8344685459347,871.5526143068207,888.951421999187,857.1910753826708,907.2052465273705,850.6378249347144,857.7079443181426,881.3455299079736,1331.4014172620527,2506.6779556511806,1004.6756464948969,934.9509609415753,943.3147381135998,900.1706708357993,891.0085281752578,811.4895958727711,826.2192930438521,774.3698036470108,777.4985796630333,733.7340704657862,801.6236272924513,814.3975992953498,807.4892047715042,818.7556423977668,832.071764334118,769.1004002265288,701.9063385902035,744.2489163997363,801.2318288280331,647.6994795702915,644.1178777595113,711.5377712437186,638.4622125129288,606.9064052694033,563.0166263712769,595.4760568601979,552.1499928449792,890.8439788855915,943.6795492637714,838.2124557571709,728.7601773291071,735.4555030994052,753.2890102567853,684.8885012821586,623.5912959584927,590.693743335126,589.5419280798866,609.6451288083697,520.1612206205575,535.9022047294669,505.8147275902105,485.13354519638557,438.49242164044114,479.5457651998053,441.4280070150503,533.2469908920099,461.7385710489388,506.6896861608894,395.0285198059565,367.40194011248406,301.7280383750687,235.71040096510868,234.15621384448292,428.11686412747696,351.49860373045004,243.58967323745034,369.3390283033483,437.35543770967223,368.309475598747,404.9149510490363,357.35347558067605,365.56577787401693,337.7802308544276,237.88826557725324,208.9686855847356,302.8767437600645,359.97740497499956,225.92291086890265,259.40090392336344,162.88318522892152,145.55159383522331,95.23737132255957,56.09274831380972,35.80598896044938,58.277044394606136,122.17263120605865,139.68925227404154,70.94842144572432,55.094992751323815,71.87460285174932,58.88680430103507,151.8396928367781,0.0,62.64324212573765,83.41550598876582,123.93425464918752,121.6125777310329,147.2726423908515,180.38774300209852,185.5130065782193,214.16199960686276,138.04685500858153,191.6757426609916,221.6512674354585,290.09431550460755,548.8431372819663,321.97580273046935,666.5287556637563,775.2948415928488,824.5125929208162,1158.5746354132839,1060.899829499878,841.0618692605395,1170.4519056869233,1208.186318047225,831.6988766207106
47819,1687.4813563529829,1691.8545191894113,1583.3085761058087,1597.5842204047765,1558.7499253981703,1469.1481641636137,1506.7865470551485,1462.261537398717,1424.7941341778458,1387.583578758187,1682.2483148111194,1684.9996551758513,1713.0711822206088,1745.4400972728245,1644.588102187837,1567.7025177993557,1528.6824538880853,1446.2914379646834,1388.7510621569445,1485.3075891997996,1336.5758096374918,1304.5710387381882,1323.1576421706488,1261.3174796474786,1196.2117623853462,1288.907366487804,1138.1645231341524,1209.0778496488972,1262.052764295533,1208.8613366546583,1141.6751536608745,1102.1679413711076,1065.4215713698557,1088.6108082390995,1060.522951121649,1042.020119707385,984.327853682324,989.8029778908193,1036.680565746263,976.7914861719669,935.4776238307328,913.4953720806323,934.450817966569,862.0542433299212,876.8363981141575,844.5726611070883,891.0111110113895,828.0306076814226,830.251171814995,846.727947724416,1275.0381733026695,2456.192044538136,987.1175357864144,917.5679448531288,922.5023383211982,878.7352725740554,873.1659217935614,806.3871946515407,817.6042496636136,766.6885058825759,767.7712633510326,720.3688568598427,787.6631245303197,798.6472730429572,790.6809436319746,799.6113043492451,812.1233296401858,749.7095711419497,681.3884449456426,721.9726907989373,778.1094382526674,633.3878100835657,624.0638225117847,705.5116505852311,627.129770343358,591.4049147028904,546.8992532557633,577.9224991152499,527.8369268079865,895.1037345549756,944.4826917703668,836.2257052808613,728.8511655958099,734.2746016260535,758.6660306578078,685.1295581283965,620.9032698254108,584.7221385545795,578.792169709807,599.7596205032751,515.6464821524166,524.2544398824185,490.91543184760326,484.574943693998,429.75107955332925,466.1033120595664,424.25348464189966,517.36801982874,442.0343534855799,475.48701333105333,394.11891421615377,360.8961438697737,297.11278340815585,239.73686279188706,233.14752688690302,447.1853131324911,365.3539655401592,263.64594428636343,382.3844200527318,440.37077559681603,378.85290909233623,384.8626430381886,335.4758719066208,352.24081425392916,325.6333890768194,223.83047447787632,178.04933534674453,277.3689822302269,327.1138581644302,186.07914313312236,215.60050307552066,188.95042070493085,164.97601171330558,127.82394199006495,93.22666177429366,90.83740463852493,60.179997354321465,97.06926261029172,202.16541876527705,123.72101424095453,99.12872366067349,79.03757358896019,42.46877643332849,176.31291000338138,62.64324212573765,0.0,35.04609111992711,66.50090844850183,93.63790666543461,92.55237668490871,117.77218555945878,125.4704375167497,152.30405917919097,99.56531513383686,140.91235119446873,175.79614656816682,234.21505578913226,506.58903794989743,270.0571331928781,628.5750166366921,740.4970750532947,790.5619714713295,1138.0607394272063,1036.479246432241,812.9135503668638,1151.9862514181564,1193.0938827946597,778.327039464432
47821,1663.7736831770162,1666.804015218172,1557.1344719828223,1572.7154350779888,1533.4723691741563,1443.1197016069923,1480.5056109184036,1436.6926214352013,1399.1486138889813,1362.3859673814811,1656.484074292434,1658.6601235420053,1685.6859010644482,1716.505467949725,1616.024264826808,1539.8844377476833,1500.066926780394,1419.5194447720676,1362.1404204627843,1456.9342088932165,1309.5456522456952,1278.2745431516232,1294.9871151046702,1232.9347165283536,1168.4190732596146,1259.4782068080874,1108.8491850110315,1178.832471936093,1231.183121317475,1177.4275155277453,1109.6986644257636,1070.2168756030117,1035.1419609124894,1057.7241223362325,1028.9132328377777,1009.6735311768867,951.9551264839092,956.8076912800553,1003.188641402145,942.8784224586316,901.3597724200617,880.3645305129138,900.9239069665083,828.7165319848382,843.053107841681,810.7262761136196,856.6626476108548,793.130822661367,795.2053141647921,811.9964900398013,1248.0898414766634,2425.5987424180976,952.5938952587829,883.0785351012787,887.7043144529569,843.9005271439594,838.6397773185568,773.9599060206391,784.454979630138,733.7555673898138,734.4499181931516,686.4754093205778,753.6456833707498,764.3850991018605,756.2941049459502,764.977387720627,777.41477258577,715.0674904024552,646.6689889141094,687.111852850242,743.1888635546917,599.4133742304094,589.40722930848,672.9749953283624,593.6387379822966,557.2939040172716,512.7422096940494,543.5567126570195,492.90853290734543,864.9842516853575,913.3669005735368,804.4917040262874,697.7533786619058,702.8414323155376,729.0328142877294,654.1295853457362,589.2454402079235,552.3483377240668,545.4573159594631,566.5600831760531,483.7370973268257,490.8288095854353,456.9958887750342,453.768013094125,397.08475310376764,432.4547474635241,390.0969639429984,483.27330171526023,407.53862762431413,440.4733928317032,363.5475645573847,328.9860987561049,266.07701737977595,212.1789172542329,203.93228588005462,423.52829801833184,340.07413495065714,242.37676362349598,356.6472949739607,410.7664067420915,352.1735245285305,350.39887845289616,300.88775745527823,318.8778983714484,292.60165308291533,191.04158237689836,143.06913983279182,242.54551953404746,292.1145826001996,151.46500391885866,181.8637683557279,172.87592924789624,146.62368117647802,119.58834102401308,92.79407642537855,101.51909614035947,50.934530997063256,64.32687124330562,220.67922312412946,151.57231102102142,129.31440768738622,113.94717779231722,77.51274704129425,211.03915499064385,83.41550598876582,35.04609111992711,0.0,79.56562788531116,124.09574293389365,63.857151739416295,109.46491082651588,127.87570052179345,148.0955234936276,125.3714148729564,155.61594772707477,193.34812288035315,240.33717658022547,522.8235820217311,280.1987303158981,647.1443700628668,760.6246815666956,811.0596257987667,1164.3658395309994,1061.268014997274,836.3035826543407,1179.0606683088715,1221.3392758016237,784.2500225299625
47824,1742.6152632600752,1744.9739976124195,1634.5499504406966,1651.001104386855,1611.5188592339557,1520.6646819543437,1557.8499090334578,1514.5638911930857,1476.9741986752142,1440.5060498736084,1734.1899541723396,1735.9293731274463,1761.9999458351408,1790.9561216166244,1690.997594897946,1615.768436079183,1575.0025298083447,1496.4649839172657,1439.2376250174318,1532.1890301108078,1386.2836272926559,1355.6469470626296,1370.5354757339267,1308.2499979268146,1244.4375896003123,1333.348363268187,1182.9636078582141,1251.3834149047266,1302.4867796234578,1247.5019504430177,1178.4329031247116,1139.0552112610171,1107.723090380593,1129.1084532720586,1098.6771746107077,1077.4330966618554,1019.7005009941072,1022.4443706180401,1066.7117039168559,1004.3565377930388,961.6816443523867,945.5922235356455,964.4354965711074,893.1892210226392,905.4092731938405,872.8128649603409,915.4691106929616,846.0336524470684,842.7440930484221,850.3217283652828,1242.2304796409924,2433.5320467374386,1009.7646438487885,940.6858586077057,941.9813390086198,897.7488119551932,896.0164148432827,841.7978047545622,849.7787324169939,799.9947066813016,799.1833679127253,748.6099299075308,814.8967731219988,824.0337471465247,815.0409026910417,821.4990529856668,833.0887662520272,771.6509797008359,702.6390519789888,741.0175055723505,795.843250261232,661.3800530562743,646.3082380064164,740.6789600223198,658.0372477363777,618.6226470515224,573.9933361701736,603.2229585424216,546.5640699773053,937.9920346218734,984.3932306091269,874.2049229013527,769.1071294093955,773.44467353163,802.9789517950763,725.7658683505873,659.561335211022,620.8741236400346,610.696055264865,632.2607221722187,553.7592107005281,555.9251579203988,519.9328311197062,526.2941926405338,465.41175820211413,496.88560937080285,452.1427852321279,545.0653270725859,467.03685047650515,486.96019716341516,436.86212609312,399.80373528394796,339.19583979674246,289.82129523153867,280.15397586573334,502.66160500779176,418.67138773910966,321.94233261601846,434.9815150450927,485.39262854333873,429.9310323901377,410.6881010615353,360.7397331240176,385.3993047206061,360.5828621008972,261.20928002123026,202.139037377235,300.9102115074996,340.08961980335977,197.90016306036037,218.86886432281497,251.25341161581593,225.6466212933874,193.20275244267776,159.66845864661778,155.871824552329,123.93452553284408,139.08132612788506,258.8507334428813,169.85272670346967,142.2138829519877,101.21575794604934,74.05980332501379,188.53139933390864,123.93425464918752,66.50090844850183,79.56562788531116,0.0,68.56154540504134,93.87968434582503,69.31975207652803,62.19480724340288,93.92911616320147,56.374589749283516,76.33701536206031,113.78643564300809,167.8042810528032,443.6027384110601,203.87897757342296,567.5900729280685,681.1085154251327,731.5831677955216,1087.6985482257915,983.414936642267,757.7117924054937,1103.1698944890175,1146.872422252072,711.8261967641779
47838,1779.0399861083301,1784.3033613020086,1676.3449631260125,1689.9351734071772,1651.3423316480278,1562.1285284197456,1599.8743627924757,1555.02004241144,1517.5956451038865,1480.1525162583707,1775.0854761655764,1778.1004320940485,1806.5270043277653,1839.0738557601617,1738.2229317503534,1661.2566127810721,1622.319110238641,1539.5720547672952,1481.9776236728944,1578.9329352316945,1429.9468206773895,1397.6821280833385,1416.7666443232804,1354.9453533682513,1289.7710236330581,1382.4857213031896,1231.757970814665,1302.4283468744059,1355.0944544833171,1301.4964096387869,1233.7824637084855,1194.303797537358,1158.7540504470962,1181.637837365219,1153.0020902942151,1133.6763198688986,1075.9513108758647,1080.4306150509067,1126.223103375124,1065.1388219078588,1023.1089327501049,1003.8706457394163,1023.9273871781257,951.9999592407517,965.6247869165101,933.1810935067142,977.6757312035542,910.7207769289687,909.062131535285,918.3321169353295,1304.1840495038007,2499.1761428937284,1072.799301278599,1003.4880541532567,1006.2091152791459,962.1181357433358,958.9049217149965,897.94663400151,907.9601961644543,857.4627155670885,857.7772699468522,808.8879532409481,875.7338521777099,885.7602155379793,877.2252093118828,884.732224531366,896.693539027057,834.8240286933014,766.0239695097921,805.2628474461887,860.5859421893732,721.7011370816404,709.234825236877,796.9269270455316,716.7985105535103,679.280229853984,634.6506525880885,664.7714121562607,610.6907527971595,988.4903374037017,1037.3558257208115,928.586242402225,821.7275142633356,826.9006801584072,852.1876770946561,778.0677726073293,713.3321458056668,676.3722572618647,668.836142608387,690.0749571918712,607.8327127679217,614.128250138944,579.5305962067936,577.6082982822066,521.030388883176,555.4923982558367,512.1780621453152,605.3797115417319,528.4813327193623,553.1773083999692,487.2575940441272,453.08065480908135,389.9643189100334,333.36636317174134,326.65970845797307,539.3242308908048,458.3845984125511,354.9335793537458,475.56056879451137,533.8673168612931,472.2993579786773,471.60818260232327,421.7480272861297,442.3824565614775,416.4010372939775,315.04074255713914,262.5253523770903,362.3964752629708,405.51918996974,262.6825012119991,285.9182473840011,277.44187513193464,255.51041058877732,211.99828639098948,173.34041438148506,157.40166183119814,150.85412523402618,188.42080531230226,232.6656864682466,136.8170563808911,110.55729448839183,61.53355797109158,63.96468192142887,125.41832264007981,121.6125777310329,93.63790666543461,124.09574293389365,68.56154540504134,0.0,158.9233278683577,133.78356946310856,112.09994329773677,147.31810465453702,24.97676987943219,86.76556658089945,105.90174257299948,187.52393404633818,427.6349485714059,210.19819913267946,544.9539011001291,654.2450871789348,703.7045748233832,1045.2596557618087,944.7542511638319,722.6166159411422,1058.7964165750943,1099.5309988412512,717.6575538466569
47822,1666.2132656407978,1665.8106840424043,1553.238701768904,1572.3007054368877,1532.029891313089,1439.7682640226908,1476.4080290653126,1434.5977780846854,1396.9006359285572,1361.3893015847402,1653.5991815605732,1654.1948988616687,1678.2108683408735,1704.259814934157,1605.0507130537248,1531.2809132498694,1489.0591457744076,1414.1237145822492,1357.2847952004363,1446.736289482647,1303.5750690575105,1274.434291328634,1285.64697813849,1223.0426454533908,1160.4549822772674,1246.170388957802,1096.2004550900695,1162.852808451179,1212.8323178003222,1156.9825477881488,1087.1370415549773,1047.8391661944304,1019.3354258617896,1039.6331819706263,1008.0454658600937,985.6896749249215,927.9856933154904,929.8518195752996,973.4878860883082,910.7615556873237,867.9506538671027,852.9004800781851,871.245086362724,800.2901566481145,811.9919033253626,779.357200637441,821.6278418620976,752.4222541445511,750.1393235678547,760.8438479950192,1184.3252230550422,2363.6488563776693,915.8862032159362,846.8074090880211,848.244289513414,804.044541317398,802.1370127515155,750.2750655465079,757.1804029961719,707.7822755797038,706.4265263870532,655.2212899820797,721.3230081208197,730.2649977553687,721.2082947061882,727.6242786550123,739.2411861573958,677.773392850294,608.7685382881684,647.2707332285638,702.2472678932576,568.0155584214142,552.4309030591185,649.2076759406075,565.308372452175,525.1692647039524,480.5651334832448,509.53261857973985,452.77074966891547,850.2278272862178,894.7592540166436,783.7415462188965,680.0349171451829,683.7575475086184,716.5282547495593,637.0270287801329,569.8833778749927,530.074806080174,518.3267919562599,540.0366871117559,464.16676028042366,463.60135583852116,426.9674872451913,439.092298082101,375.0016833332908,404.44711931438366,359.07520658871994,451.77879649005786,373.4362813182551,394.2541433273855,351.17157687300545,311.745643285358,254.42044372126105,215.35407506392735,202.18074298522362,431.07423979503307,345.01817914244015,260.2372052057093,359.9724834865263,401.1294693804329,352.934209903254,317.31514141672915,267.41046948153377,294.3667837775624,270.63549087978066,174.74810367155823,110.11368220322498,207.51242078480837,246.7343591037547,104.13569833308776,127.65411165314883,204.63613240517483,176.51532230026697,166.49588436248717,149.01191181099213,163.1643171614421,106.71879588658992,72.7354332648094,283.6397094990356,214.73099738107672,191.31057154259327,168.4175151072147,131.7236515520785,265.27610752651094,147.2726423908515,92.55237668490871,63.857151739416295,93.87968434582503,158.9233278683577,0.0,75.10544669607859,109.1565613022953,114.02473817820781,150.1686998056779,154.9649252442868,194.34720253990656,216.6420382967515,511.197650093474,261.95747673524653,639.2181242345462,755.36243879841,806.3702048055743,1172.6937464474845,1065.8708511995903,838.1799719855629,1189.4660429396042,1235.0241256533868,752.0927076596304
47830,1740.1383810348834,1738.93556903492,1625.5640559587125,1645.5982465505347,1605.0721903777398,1512.3012660097122,1548.6987342954571,1507.494256712715,1469.7683975563768,1434.6042909076086,1726.1991614276926,1726.3056856349087,1749.2593667901187,1773.2905167396793,1674.7038255778004,1601.9565973967867,1558.7584753003093,1486.0210411957,1429.3858504033683,1516.806803665075,1375.333877019684,1346.8928636842982,1356.1699104400188,1293.3879741095645,1231.597774691962,1314.996539306907,1165.4758933805433,1230.438669975002,1279.0739130789448,1222.0608810745398,1150.9853817746166,1111.8714989986927,1087.1892660847711,1106.2446526690364,1073.0926056192654,1048.7771005841485,991.2053075586498,990.9582268692957,1032.354690012494,967.7571781800164,923.927082312456,913.8339088858484,930.4049675289884,860.6592169554551,870.2083178209394,837.4346362112609,876.2539979628124,801.4033337969665,793.6953771074718,794.9476889531586,1172.9547422092717,2365.5240585453766,968.5334679895436,900.1329937087187,898.209080112146,853.7514200664083,855.405367249538,814.1630356371346,818.5635536390944,770.2812154825385,767.451261733358,713.9481309993544,778.8279705719638,786.1296720457192,776.2160396302181,780.3704870534235,791.0786012949948,730.8455384819489,661.6573552958372,697.8336168771432,751.2300357438539,627.1407191035208,606.67326086776,713.4174322157161,626.8230808999367,584.0098474123675,539.7419906321514,566.88355975512,504.7607803226281,918.871302141127,961.3324928155353,849.3469759931079,747.618443471588,750.6053048540535,786.4566590714908,705.0631250778431,637.0178983343175,595.7836455745315,581.0067975981832,602.9905388118982,531.7610804403714,526.6340994378095,488.3493907784876,509.10694427095825,441.9873754054321,467.5126795842929,420.5568284024971,511.7808393946756,432.26778225067255,439.7759754638938,422.61698629488404,381.69498121631204,326.9317055897842,290.4162403484158,276.9692371453881,506.1119430357322,419.9803760565899,334.54711325621594,434.78327578380157,473.17805203918437,427.4686431091771,377.9090328338684,328.7739302097561,361.0433637029795,339.01169289058186,247.12561638058452,178.59622019659415,269.51727828064514,297.20662752272244,162.43129220580596,173.46881895740756,274.8378876760417,247.06618402576638,228.098931413211,202.04966538705514,206.92015982470596,160.38403397045562,145.45625560330342,319.5838877223248,235.41471062451492,208.31104555370746,170.08522783972208,139.9525413140804,257.15522888089527,180.38774300209852,117.77218555945878,109.46491082651588,69.31975207652803,133.78356946310856,75.10544669607859,0.0,39.09267442991523,40.03513562220283,114.85764858315076,92.45871495495756,129.40277000228235,141.5404784554781,436.6852032384114,187.0649250877012,565.2407636658081,681.8782205033774,732.9796468723268,1103.771190902515,995.3790899016333,766.8847975699055,1121.5705562108528,1168.888014231083,679.643605690153
47829,1775.3201282589807,1774.9409593356002,1662.1677875804112,1681.449399669279,1641.1465496575343,1548.7623766637157,1585.3235298573443,1543.685737134452,1505.9818895818698,1470.5288781619374,1762.6163132557858,1763.0477278999217,1786.570245521884,1811.34973454656,1712.5645450726931,1639.4286835787498,1596.5994393212843,1522.8849690538375,1466.1271357371884,1554.5149769235545,1412.2728070960393,1383.4016345595608,1393.6958565374264,1330.9816848471592,1268.8457429771288,1353.0952556573336,1203.4332350533077,1268.8370328403098,1317.7247735668993,1260.8702853121777,1189.917083492634,1150.7849037786004,1125.5179883458907,1144.8228690473638,1111.8967014513476,1087.7619261318173,1030.177714499152,1030.0323751257476,1071.4414721694475,1006.7948422104091,962.9203038297569,952.910264441456,969.4961211381363,899.7453096785283,909.2876891487765,876.5122723364624,915.1705683439444,839.7904261303697,831.2979616969782,830.6799581150777,1192.4836989407074,2389.9796237933188,1007.2761587356981,938.9470413744602,936.6836498770873,892.2084267611173,894.2225093687384,853.0667888118702,857.6227641221967,809.2845708255563,806.5194388563482,753.0389351003207,817.8942827300611,825.1310329790132,815.1713893574708,819.1592099398355,829.7821378189774,769.6733267461523,700.4894770463552,736.4401246403758,789.6371492737544,666.2332412492942,645.6157517934432,752.2774103552327,665.8626096815806,623.1025217944804,578.8327447866081,605.9614210759561,543.585791985493,956.9878812909226,999.9046388298199,888.0577690551459,785.965645536124,789.1003473438386,824.1594145070229,743.2997766423706,675.4344853701659,634.434099413462,619.9742140105109,641.9422834414311,570.0503049253992,565.563698566231,527.3741923805393,546.7127509756754,480.3613311438039,506.422524737987,459.55914948816104,550.8574441559559,471.35655251696335,478.00027415261604,459.59852293487677,419.25754474488775,363.2870144769628,323.4264758587662,310.94742483676026,539.0248819993521,453.31138628235686,363.9292154098644,468.57436213452615,509.86465998807813,461.84584821656125,416.94050451581325,367.74236188727735,399.4208250855806,377.00007761574295,283.49609466330674,216.2188115881027,308.38872449965294,336.1045730377526,201.3328785003738,212.40438463506632,299.53660645823044,272.4394322826092,247.09198992325997,216.72108206271116,216.21370738943367,177.55546294215608,174.79962219648255,321.0230583338126,231.11588698090918,203.34863486486555,159.5953627207819,135.84493622696363,237.5117789292449,185.5130065782193,125.4704375167497,127.87570052179345,62.19480724340288,112.09994329773677,109.1565613022953,39.09267442991523,0.0,35.220001011564364,89.40093727872078,54.175176723192514,90.33185701240005,112.6954138330832,402.6833984841488,154.8563626552266,530.2218863536915,646.2198956431579,697.218165929606,1065.5502296014895,957.7012588965131,729.5660777099204,1083.088593671637,1130.0912872319846,656.3907899138793
47835,1775.9860177594285,1773.8272523321975,1659.6291834462218,1680.6957492348695,1639.8906466794015,1546.596878227662,1582.742629504351,1542.1704871829706,1504.4206301932732,1469.6402313344117,1760.5294481978624,1760.1406168386695,1782.0825980932248,1804.3575265262787,1706.3158200387452,1634.4733690585026,1590.4388337685887,1519.691718903541,1463.2665745923118,1548.815311088056,1408.8983161994006,1381.1471577864816,1388.6178224363764,1325.7027687942357,1264.6368904499197,1346.0350436901074,1196.9469971259864,1260.5347303776737,1308.1202435840582,1250.2806427919802,1178.3702726379706,1139.4178243824508,1117.5759927330878,1135.6734869305974,1101.3969300190106,1075.7147806666808,1018.2928320345642,1016.6013751359563,1056.4579594116567,990.7280977872582,946.3140186914858,939.4594765135968,954.8342671544231,885.9892654160146,894.1185263444194,861.3133893121304,897.8735542913662,819.7359492243463,808.8423467377129,804.6683397307431,1157.4449458321835,2355.8243714350406,988.7569499664469,920.8971736302908,916.9134673386004,872.3944963972245,876.2214900622347,841.9358975370625,844.6342852394159,797.1811689337933,793.3771493066816,738.504407975743,802.4582857798541,808.7100315427855,798.2847719928352,801.03532458156,811.1622820187448,751.8403524659241,682.7554345893606,717.4144149155762,769.7019702752671,652.1883207544755,628.7881101536868,741.5807270547832,653.3959302382897,609.0232041855356,565.1343218622377,591.043043968224,526.0325105482547,949.9957702622274,990.8478799317621,878.2775594763348,778.1197545735995,780.5629994823144,818.722402955689,735.9607805960292,667.3715764905675,625.2268943218515,608.4693170690726,630.5675429698459,562.6783709674942,554.5057776337344,515.3315997928187,541.8502336530789,472.7730287495389,495.64489783168733,447.9544633829116,537.8023246801359,458.0029629373467,457.8493325772387,456.6821792208158,414.76365994155594,362.1405090992034,328.6390284535352,314.6134496365765,544.1186311485069,457.81083888722674,374.10043321185043,472.2868368140185,507.62892154186244,464.5363788235096,405.0660730847961,356.7988625163937,392.01430962384,371.20627530224857,282.588409411999,212.47880851368208,298.57352184447126,319.7118609265445,192.1820586310811,197.34456351822166,314.8670056342319,287.10130647716875,267.3516509459524,240.02761489473244,242.82516452667107,198.9772056897773,185.2813885520538,351.78158997797124,263.781692479867,236.1301717410441,193.67352399646367,167.9479316537067,272.7259271208304,214.16199960686276,152.30405917919097,148.0955234936276,93.92911616320147,147.31810465453702,114.02473817820781,40.03513562220283,35.220001011564364,0.0,124.45141810862933,81.52569672660876,111.00548671619764,103.65768768223225,400.619142238017,150.652678816554,529.9981182200977,647.2701591422954,698.4631134336219,1073.8433734029798,964.0029501977583,734.8515936714116,1092.569004726965,1141.3884854800062,639.6114158885837
47823,1786.9882391807753,1791.053803693225,1682.0161390451879,1696.8394716329074,1657.8649281117239,1567.928657019671,1605.43322510143,1561.256795522094,1523.75491568105,1486.7224057679903,1781.1634218861261,1783.6179870049618,1810.9763180927303,1841.7930052256818,1741.3750104394744,1665.2378037612434,1625.4129923273342,1544.6374747687464,1487.1988857992917,1582.301214881735,1434.7415977791854,1403.2019517629851,1420.3582884090429,1358.3025700105522,1293.7653819889651,1384.6335509153282,1234.0533237588782,1303.5669471765148,1355.3885276905664,1300.9957591420803,1232.4720982184563,1193.0486066441426,1159.8738814358853,1181.9480286677992,1152.2868997619992,1131.8052774114724,1074.0664465635523,1077.4371596636354,1122.1941605491222,1060.1789353242584,1017.6523257566496,1000.6721442105079,1019.9007552247797,948.4346070833665,961.0734089195248,928.5142066277726,971.5948493103399,902.4081729046453,898.9236729314051,905.4130928009932,1281.8741693314603,2478.6638990196534,1066.0270966836586,996.9125346677308,998.347894889037,954.1196876050523,952.253408911453,896.0887275053199,904.8096474623296,854.7668035773432,854.3415755510708,804.2680962951088,870.7123341397912,880.0566331596427,871.154514737546,877.778417000354,889.4097254975081,827.919832691213,758.929758224138,797.3816562961792,852.2175443928841,717.0327659481762,702.5320991226138,794.9803701850866,713.2157666323918,674.3568744035638,629.7160420719051,659.1748819094737,602.9146357524745,989.8498402215852,1037.3953293717425,927.790805430504,821.8928632723201,826.6030117839543,854.1632316164578,778.3896189354498,712.8102071211403,674.8323942062226,665.6492829977504,687.1074327973884,607.080957696865,610.8783141691963,575.3303184516218,578.3357661628766,519.323972496316,551.9497874823854,507.64307691236365,600.6846585619871,522.9282061446977,543.2016119415728,488.36502881916545,452.6297211041913,390.72685942645165,337.3434860931941,329.29817740750923,546.6272628865238,464.3152030914864,363.20823593980174,481.1632976727146,535.9881719313634,477.1345030311356,466.4206881362704,416.4679272412715,439.7869415041585,414.47110574262837,314.0316344199496,257.4878540107273,356.7235778576036,396.45422894189466,254.24972581927275,274.96456128810775,287.7387948832312,264.38569607062703,224.1215203014234,186.47645561915533,173.67986001254488,159.31761533387103,188.92281638502806,255.69022105614278,160.2511663392025,133.41975558820977,84.58276886733057,79.16047854204311,148.77386995941671,138.04685500858153,99.56531513383686,125.3714148729564,56.374589749283516,24.97676987943219,150.1686998056779,114.85764858315076,89.40093727872078,124.45141810862933,0.0,61.99739092546541,84.41573658995931,163.14737653916885,411.2908741483819,187.6766495690478,530.9206317628594,641.7941916266988,691.6628648232363,1039.3282894886265,937.1034684745553,713.3482422610233,1053.7781619020084,1095.9901631687733,696.4145697342008
47827,1816.6144468421367,1817.935051499137,1706.485951704413,1724.1442876985993,1684.3232972702453,1592.7982598134254,1629.7087654573088,1587.141482629588,1549.496953123791,1513.4463557239171,1806.4991345808849,1807.651034157763,1832.491261232086,1859.1902716628542,1759.8816785866998,1685.7703120288631,1643.884823070009,1567.82331921154,1510.8065435494607,1601.465056153455,1457.4145751586368,1427.5964357848982,1440.2281067882172,1377.699001036431,1314.7498372616585,1401.1257213581089,1251.1199726799555,1317.7574350949292,1367.4638903687037,1311.2203864616024,1240.828924261491,1201.6123845550626,1174.2644156136241,1194.3459602663438,1162.2507974999537,1138.975398543312,1081.329475795435,1081.945206100533,1124.0100384356026,1059.7836185888104,1016.0997637892365,1004.8606690488072,1021.9640439525136,951.8544807952438,961.9756079937888,929.2226945896194,968.5705922055494,893.7973522849442,885.4728529416957,884.3508418213881,1232.0767883522617,2434.2142465339903,1060.9773209475836,992.5451633967173,990.6382680131003,946.1742909783078,947.8162287893866,903.9104560604791,909.4021310935971,860.6625925794921,858.3976636000166,805.5436724627741,870.7144993182393,878.2874698492159,868.4757271973074,872.7979912998699,883.5325880074805,823.2516745632493,754.0621468507305,790.2903967640389,843.6323555749121,718.5920961074952,698.9631514211046,802.9601462294079,717.5244057006316,675.5072341035312,631.1197077151915,658.7029200303327,597.1748430965155,1005.1927524690507,1049.445825108652,938.1122841277851,834.9015768253266,838.4768237980534,871.3736604828949,791.9489612756876,724.6419766595029,684.3976651653539,671.2117336679004,693.0898390957097,618.9881247844115,616.641804956221,578.9887578282941,593.9858573944505,529.6386926190485,557.4487860270359,511.0769890058772,602.9003610675304,523.6260579778748,532.0734913115607,505.69650331804377,466.6876561524338,408.49848195765975,363.27871648198817,352.44388765704326,577.4411059569426,492.7998934716608,397.8332126042216,508.76995596890606,555.238418369527,503.0802877546655,468.66813869801194,419.1644403942171,448.83750578098284,425.49904756975053,329.1926631974327,264.68082613639154,359.4876184604798,389.5802762017318,252.81722152679222,265.8327745433202,327.57637820728075,301.96248836538894,268.65110330324194,233.7280623945711,226.113226417956,199.86478120303485,212.3416678443949,316.42162410247516,221.58683280720342,194.37717026268848,145.9953292176568,134.28849235902402,205.67488096111424,191.6757426609916,140.91235119446873,155.61594772707477,76.33701536206031,86.76556658089945,154.9649252442868,92.45871495495756,54.175176723192514,81.52569672660876,61.99739092546541,0.0,39.48282582743601,101.49060703361027,367.28456768307774,130.34823965085218,491.7229685110376,605.8489435551305,656.4900385552519,1017.8680711470165,911.7268281208876,684.8102440666896,1034.5056511174532,1080.2299074435932,640.0317370375411
47831,1855.6448763146034,1857.210059243755,1745.8937949964745,1763.3845824771327,1723.6228507390815,1632.1852319537422,1669.1227448471752,1626.4737697346102,1588.8362785019276,1552.7206754511196,1845.8688049214384,1847.0780033188007,1871.9721054577185,1898.604098106348,1799.3332920150453,1725.252616758798,1683.3374640553095,1607.2728380133483,1550.2420542300322,1640.9333876428263,1496.8749486964573,1466.9996458646415,1479.7074868657644,1417.1738085200113,1354.2315835142492,1440.5159312981477,1290.540011180585,1357.0242576695148,1406.5614191251834,1350.1435746640489,1279.5479784792421,1240.363667043792,1213.5561963734438,1233.4899636390585,1201.16821693736,1177.5622017592195,1119.9420668183227,1120.1598427537797,1161.751480680386,1097.1206406526253,1053.2150847032267,1043.049927640027,1059.7874818775174,989.9395540579226,999.6110048710996,966.8373923685763,1005.3869746055071,929.2546579925853,919.4695546099938,915.5339290574643,1244.0481825099416,2450.5662187880803,1097.2618612903525,1029.0343116965485,1026.2715966629999,981.7743827329869,984.3157548024849,942.6433165786615,947.6906107134432,899.1607304914405,896.6259290820483,843.3334699435069,908.2254568375378,915.4336468880641,905.4318889612655,909.2184638626005,919.7232868477139,859.7863889980307,790.6119836392595,826.2517826455352,879.1411644597699,756.492728549588,735.867129834514,841.7474210382838,755.8684302913965,713.37158115957,669.0687997226835,696.2863118488586,633.7119157875705,1044.554249358314,1088.580537408725,977.1106138928227,874.1476361057595,877.6372696112178,910.8193890193825,831.2397196389063,763.8290910576115,723.4028516601954,709.7623616171123,731.6825018926997,658.2160585064026,655.2566731636255,617.3458405163542,633.4150062619135,568.7884975427083,596.0777977660306,549.4749957216301,641.0120578131035,561.580003180633,567.3300720409876,545.1739458106941,506.0914615170572,447.980950620438,402.3571703213579,391.7279462701967,616.1303767462023,531.7288166420792,435.72049247367016,547.8020412858488,594.7196160279193,542.2604009341846,506.9497909799339,457.59201013612557,487.9412199412638,464.7681409063485,368.66824769044763,303.8905424722632,398.04190377871265,426.3328295748622,291.1480547020068,302.6827382251561,364.08476127292397,338.99946811630014,303.45314121050785,267.29072570070593,256.9745872149574,235.63209709159847,251.36007340029533,338.46451643077063,242.4884627480523,216.4539580407906,167.43498753714053,162.92792876722797,210.05479860308944,221.6512674354585,175.79614656816682,193.34812288035315,113.78643564300809,105.90174257299948,194.34720253990656,129.40277000228235,90.33185701240005,111.00548671619764,84.41573658995931,39.48282582743601,0.0,89.81905193051864,330.8092671460148,104.57116903220597,453.87193271648124,567.3623272361579,617.8882388106845,978.4096424625111,872.2642799788548,645.4579276875545,995.1284189484953,1041.093305066673,612.0880018407962
47837,1879.4067789948733,1876.7789466324978,1762.040340462531,1783.7704154392977,1742.8075183120343,1649.184099363332,1685.1468208955469,1645.0081407352075,1607.2467524843892,1572.6952343720388,1863.1202377541063,1862.3677940171785,1883.452663801786,1903.9496144164848,1806.5144918063183,1735.5849277483244,1690.7364155286466,1621.8211003500153,1565.5654221713532,1649.454689895571,1510.961892511721,1483.726007551339,1489.7208782813348,1426.699060108208,1366.299796827624,1445.7380424183543,1297.1652058977209,1359.2351503019156,1405.5485512878506,1346.7149134242661,1273.7834161692592,1235.0813972940246,1216.6887852057546,1233.6808877419294,1198.0668834215476,1170.647017181106,1113.4958945968845,1109.852544148584,1147.4352744563603,1080.1395842543518,1034.9384915535572,1032.816856385454,1046.4758655009919,979.0430645718019,985.1418874426985,952.3718458289217,985.4438707555657,902.299474980156,885.9969549170896,871.7799237537457,1162.5349667571531,2373.4440513831187,1073.854347468242,1007.0555672828145,999.724292181865,955.2625437523234,962.5992357373779,938.275756454745,938.7801327014247,892.5083800821615,887.4444309822123,830.8667648315767,893.3195895781827,898.0129600700021,886.8552841142042,887.4373213739482,896.6077885370046,838.9499373823134,770.3332512113867,802.4746505951309,852.7209048962936,745.5084263415024,718.1412000906746,838.5773249811557,748.6752372717493,702.4673642712231,659.2578448386872,683.4362545722886,614.8160169605729,1050.006191726901,1089.07960929478,975.9569494381693,877.6570986543201,879.5253283707785,919.9106167985885,835.9493736665818,766.9142839106204,723.9054882354447,704.9677129202777,727.1353144994058,662.9526342931189,651.6526289353369,611.6104870514905,643.6907324287428,573.1308729696142,593.2969384309706,545.0227859723195,632.8349433820264,553.1154454961556,542.5917433118449,559.4805501703036,517.0179299643391,465.5265247347079,431.87346855299273,418.12119141224474,647.5040057702109,561.2718640340523,475.42088780051773,575.859892735431,610.5917159456635,568.1829671041644,502.11894508985625,455.0599959600308,492.7731911861644,472.96343156037085,386.1021493159909,315.6150880227079,398.1984752826301,412.3209442633648,293.3280893969875,293.83108973254,412.2212363329303,385.06130431967307,359.0137438845174,327.11325958380263,323.2854736387254,289.335810806711,286.02792416339526,417.8213395535946,323.07470666548124,295.8563197666333,247.46136055118626,234.35210787298055,299.49345174390015,290.09431550460755,234.21505578913226,240.33717658022547,167.8042810528032,187.52393404633818,216.6420382967515,141.5404784554781,112.6954138330832,103.65768768223225,163.14737653916885,101.49060703361027,89.81905193051864,0.0,297.4448246329589,48.437481095669035,427.3422646217067,545.0896955456298,596.3292093604073,977.1732431368448,865.3721831291449,635.6238723303605,997.2955963594761,1048.481223800243,544.456807191644
47909,2176.5742952562146,2174.2234998750564,2059.29495762662,2081.204663282206,2040.2503477358819,1946.535305292948,1982.4007377531,1942.4408713946973,1904.677590300575,1870.1324066594552,2160.4675178206517,2159.4953818219196,2179.790169198365,2198.032210060402,2101.460656948834,2031.6666043558519,1985.8526674358595,1918.8934873781318,1862.7605747581465,1945.009524155657,1807.9950102544174,1781.0787320553454,1785.8555732154507,1722.7376116504245,1663.0200729079324,1740.2070827218706,1592.3706328725157,1652.4214203188515,1696.846084061781,1636.5921789777833,1562.2208938568979,1523.9923852726747,1510.5729658783177,1526.0476040047552,1488.5688502102332,1458.5919575495893,1402.0118969390408,1395.3714662228394,1429.1242913707104,1359.5750819844313,1313.346195817227,1318.8015167523206,1329.7175209487884,1264.7988626815736,1267.7290395484565,1235.2051443061264,1262.4609285539616,1171.7825740329297,1146.447272913319,1114.4746798025224,1257.0028579564425,2477.892136166098,1345.9893642498541,1281.5470726806625,1268.5515680981641,1224.655704582858,1237.8311892962104,1228.9397351898433,1226.3380659897089,1181.9346405071528,1175.119129921581,1116.405230814759,1176.223647792623,1178.4811701777587,1166.2670505060753,1163.3986242784983,1170.9277832661558,1116.513886965737,1049.3374551401364,1077.237251682913,1123.5753155241464,1032.9404228927629,1000.3028541558217,1130.416572837542,1038.6724113149176,990.360736833583,948.3270076735588,970.0965001379305,897.4389363600488,1345.152282107555,1381.9668870504333,1268.3231439466804,1172.469023067953,1173.677745840345,1216.3592261330452,1131.3047331537894,1061.9086915997734,1018.0674679414741,996.68832025871,1018.8443180641916,958.8301492580598,944.3595571943983,903.540510156051,940.7718122225712,869.2300734998017,886.8031220304404,838.1675435162126,923.1935974500695,844.1355535438663,821.1484702875596,856.9236459516328,814.3451604718997,762.7595342813105,726.1049853756324,713.3730509305108,941.6951994268215,855.9778644413786,764.610384704491,871.1327746578063,908.0322597260189,864.0914685664134,795.4990047622279,749.7960664543782,789.3113860511287,770.1059430428613,683.1688322225749,612.9915250566952,694.221521587562,702.318789194579,590.4539339581105,588.5770107679914,694.7136984070964,669.2456837925664,634.1008180519493,597.3686232352344,584.6260648688155,566.4265028780437,576.8111953417091,647.2570778691525,553.9608993854664,531.9718762391063,485.55858132559626,490.14757158694806,484.05271656506034,548.8431372819663,506.58903794989743,522.8235820217311,443.6027384110601,427.6349485714059,511.197650093474,436.6852032384114,402.6833984841488,400.619142238017,411.2908741483819,367.28456768307774,330.8092671460148,297.4448246329589,0.0,249.98030948227276,130.79278082948693,249.33954863008987,300.4902684500158,695.6473223505648,578.5674930944548,349.55129680591955,720.0576478251899,778.3558678203543,331.3161484705128
47836,1926.5972198133454,1924.43248244601,1809.980940047203,1831.332168627248,1790.4838794883224,1697.0450431731147,1733.0894144398185,1692.7340465508144,1654.9793002145027,1620.2716583766166,1910.981549488687,1910.3803587035839,1931.6938203957754,1952.375210339993,1854.9058816333106,1783.8700267900695,1739.118794197212,1669.864427688225,1613.5479248269748,1697.8029605093536,1559.0247992015832,1531.58890255466,1538.003694601416,1474.9972898475194,1414.4699018980025,1494.1562131719775,1345.5490015701598,1407.6724453065083,1453.9488689096686,1395.0525112981443,1322.0339039553946,1283.3582649648408,1265.1232534453109,1282.107183688689,1246.4273403893833,1218.8553207689263,1161.736771763994,1157.865666277634,1195.1049748150137,1127.558647344141,1082.2295023369054,1080.8550199774766,1094.270349046167,1027.0507284117589,1032.8550771871162,1000.0990930663179,1032.5565083375552,948.4290540094812,930.8800869017101,914.0231454364748,1181.75582272927,2396.4915419089994,1120.4348482306907,1053.8834972610885,1045.845739854745,1001.4235383385892,1009.4908648924536,986.6269507167289,986.9278804821904,940.7824852005405,935.5915106873551,878.8157777739074,941.0334354482725,945.4716718160578,934.1914561095924,934.3711932703932,943.3476762953311,886.0446270514894,817.5532496570161,849.1984967567695,898.985888150377,793.6006815328757,765.6919314886075,886.9742151968576,796.964425150495,750.5858905697593,707.4599560766231,731.4371164711073,662.3465342490724,1098.4006041108473,1137.5128131296278,1024.3773846664806,926.073946302911,927.9596054412913,968.1626953817467,884.3385798322718,815.3273931430818,772.3417152573852,753.3482982806715,775.5176561912072,711.3079076786536,700.0676775754027,659.98973896858,691.7816923803246,621.469112180412,641.7290197876619,593.443379624443,681.1252771607159,601.4311406349549,589.5272635324524,607.2002451958042,564.9672264597554,512.7857511510612,477.27692979289753,464.0278225000527,693.006445431215,606.9741272349712,518.7757598780448,621.8434424591151,658.2177048738143,614.4993350305566,550.542876208717,503.4951426510815,541.0513431719793,521.0506030565803,433.1897479076625,363.0958558932234,446.5714811423061,460.4968515065209,341.4756610183571,342.26747426793867,453.0115740557993,426.3582261824074,397.01828022847394,363.25173958070997,356.45563989305685,327.53621031631104,329.6276746182668,442.8635681508275,346.9583053418626,320.70568713279795,271.6796963944301,264.1796185685297,309.84642761734614,321.97580273046935,270.0571331928781,280.1987303158981,203.87897757342296,210.19819913267946,261.95747673524653,187.0649250877012,154.8563626552266,150.652678816554,187.6766495690478,130.34823965085218,104.57116903220597,48.437481095669035,249.98030948227276,0.0,379.44615603170104,496.9833402769458,548.2107923469235,928.950312971512,816.9652601644968,587.1969381804158,949.2795981503632,1000.906991372344,509.7323577994956
47942,2305.3537666410907,2303.820563205788,2189.3794113981553,2210.644295061553,2169.88823310639,2076.484433794299,2112.4862112203605,2072.163531023832,2034.4114756756635,1999.6035284753743,2290.4212215772113,2289.702089438182,2310.3605042596287,2328.8249907473432,2232.229009440425,2162.2948497781495,2116.6080787748992,2049.141039526401,1992.9071785232068,2075.7212268369176,1938.2685519771678,1911.0273743804796,1916.4670667863086,1853.3674648408091,1793.4527077263263,1870.9922361809472,1723.110951798576,1783.2033064040388,1827.5153529643856,1767.1311978996218,1692.6045167475093,1654.439830266577,1641.3656472888683,1656.7994269086944,1619.1874199221277,1588.9359304674128,1532.4374150697752,1525.4062964817213,1558.537005738813,1488.6402222190877,1442.265140003589,1448.9307654769639,1459.4392816515417,1394.918924407937,1397.3847608938706,1364.9194777978469,1391.1771673889448,1299.196446552902,1272.0661539669284,1236.2217215576916,1332.7935831469476,2548.9245364968,1473.6743974869557,1409.7726607932125,1395.670811420614,1351.9611872595408,1366.247471095019,1359.605272412958,1356.699578121574,1312.5042162827374,1305.5112082444691,1246.5677399818521,1305.9877054836768,1307.8673442935262,1295.4928491082576,1292.037783339747,1299.2614553710043,1245.4868513927863,1178.6237007858783,1205.785995146674,1251.338853253588,1163.3614631933328,1130.1044461456959,1261.1667528279352,1169.322019806437,1120.8458642068588,1078.9304877493532,1100.4681627966113,1027.405288701911,1475.8899087817822,1512.7457679211523,1399.0874498047363,1303.2245245274098,1304.4627859510097,1346.869462311219,1262.010953910098,1192.6446458776588,1148.8471282259713,1127.4459899747403,1149.5992004937534,1089.4488303356502,1075.1487615134236,1034.3147713421608,1070.9963305697165,999.7962070729753,1017.5928741566655,968.9596991405404,1053.8935006964036,974.8848227642362,950.7056278536244,986.6414038154509,944.3534149546748,891.9415513071269,853.3392841259863,841.1619945412549,1068.5239731892,983.2244318955743,889.50281157579,998.6924039462411,1037.6264066404049,992.0676259975484,926.2871142364377,880.5194470199447,919.7566621202088,900.2816169267473,812.2172094729709,742.4764447819771,824.7719049525068,833.0598527358618,720.6249917566423,719.2596925165245,817.4771149823385,792.7689435374493,755.0068936400883,717.3149429716668,702.2785917275341,688.7316967362365,703.1713806845704,754.3121409257072,664.1549240076449,644.2743640342162,600.0059215855407,608.5798764752864,585.1876245904467,666.5287556637563,628.5750166366921,647.1443700628668,567.5900729280685,544.9539011001291,639.2181242345462,565.2407636658081,530.2218863536915,529.9981182200977,530.9206317628594,491.7229685110376,453.87193271648124,427.3422646217067,130.79278082948693,379.44615603170104,0.0,118.58961950913296,169.70185888768196,569.8796831507841,450.7713052470033,224.4844790752001,596.2959998417027,657.8392714973787,307.574132636682
47940,2421.5059532464556,2420.8045762776233,2306.89378849434,2327.472039873964,2286.9246072892765,2193.857159024768,2230.0056720926746,2189.296002098467,2151.5586388856545,2116.48250446772,2407.7865984820983,2407.349749328872,2428.4525904743487,2447.3365104488544,2350.642379416924,2280.469992743379,2234.9931620023967,2166.8456671230006,2110.500876985423,2194.0256824577236,2056.008139478036,2028.4108339891566,2034.6236778459856,1971.551128882409,1911.3850387492819,1989.4555968104094,1841.4703628513817,1901.7589980326666,1946.1036867445416,1885.691647711108,1811.1099188223493,1772.970203034119,1759.8740144345754,1775.379565982109,1737.7685097061544,1707.4265141325538,1650.9609377173454,1643.7562360532315,1676.5508045977858,1606.4589877014198,1560.0030559176785,1567.3288493452953,1577.630609922913,1513.3144908267075,1515.544730508381,1483.1129006841786,1508.8016711720234,1416.0432335536598,1387.7782238613509,1349.3900265982159,1411.6538232595794,2620.615417692461,1590.6481129010913,1527.096875456535,1512.303421738522,1468.7246088013499,1483.6959178643604,1478.1936068103532,1475.2011562752423,1431.0754722886384,1424.0254800738162,1364.9881861646857,1424.211182599685,1425.8880528927502,1413.4256001866142,1409.6326119312653,1416.6728973028046,1363.2832014266623,1296.604795647961,1323.3443284408936,1368.4156338801392,1281.8888952644988,1248.3604880196065,1379.7472883715145,1287.908991230677,1239.395187349049,1197.5105705461829,1218.9792756957827,1145.748720889857,1594.2483226184906,1631.3058192224753,1517.660808474811,1421.619706868502,1422.929910678253,1464.9177201011553,1380.3225361009825,1311.0065284362395,1267.299759244888,1246.0230045161993,1268.1775971503976,1207.646800419125,1193.689677264368,1152.8800473460394,1188.7577379330917,1117.9365336510873,1136.0820294121677,1087.4647364241193,1172.4829422616338,1093.4653566584461,1068.8610487617727,1103.9318626303373,1061.926896542189,1008.7923193491024,968.6178309551852,956.8957988092033,1183.2745574904573,1098.3911518240698,1002.890125148499,1114.1070136960539,1154.7877811117435,1107.836052596812,1044.7704179459222,998.8729785132086,1037.7705183585526,1018.0259832072592,928.9993127570874,859.6635514114365,942.9129901747701,951.6428551313793,838.4138330550426,837.5685648433097,929.3712908736915,905.2918780686076,865.6989543591736,827.4478360712881,810.8405437359281,800.6545484056834,817.9891305982214,854.9453720741642,767.7155850950335,749.4531037235266,706.9844018879405,718.1807039732824,683.3721457350129,775.2948415928488,740.4970750532947,760.6246815666956,681.1085154251327,654.2450871789348,755.36243879841,681.8782205033774,646.2198956431579,647.2701591422954,641.7941916266988,605.8489435551305,567.3623272361579,545.0896955456298,249.33954863008987,496.9833402769458,118.58961950913296,0.0,51.24758800143356,456.71287964725116,335.57361800886196,119.10453592727346,485.4340712967868,550.4776852942192,336.3108929320344
47936,2472.44241258416,2471.915115335363,2358.0918529608366,2378.5535589464416,2338.0458479397053,2245.0353379658955,2281.2047474977526,2240.4350797616385,2202.7005539033953,2167.576113812657,2458.962525804416,2458.5645233647774,2479.7000221829153,2498.5173812942035,2401.8613124289473,2331.7168322997845,2286.218546791499,2218.0675944577697,2161.710089260737,2245.263792134784,2107.234043123975,2079.591631668152,2085.8708765434603,2022.7976066953483,1962.6269077397037,2040.658694382383,1892.700233840491,1952.9049766243224,1997.1422110876035,1936.645733947983,1861.9778970721627,1823.873797282329,1811.0562917443444,1826.487921723073,1788.7742646335487,1758.2765672175835,1701.8556777969854,1694.4579552669438,1726.975382630512,1656.746345518155,1610.237254098443,1618.0788215789628,1628.1962180419544,1564.0630947380666,1566.0871711190475,1533.6832890810283,1558.9630860528202,1465.7338428378941,1436.8401468681043,1397.1588828528795,1444.0987703362987,2648.998814046439,1640.3978029160896,1577.065149879482,1561.8600548799482,1518.361283917935,1533.7453578256218,1529.2340742703075,1526.0683991542471,1482.056326068399,1474.9102836736852,1415.7654002550757,1474.8081698136136,1476.3278433567066,1463.802424997618,1459.7810885899603,1466.7039614384325,1413.5682997924914,1347.0225958978424,1373.4758053054375,1418.246661464001,1332.7944218735636,1298.991325604754,1430.8553549076946,1338.9418302689835,1290.335392869846,1248.517239249883,1269.8636018841457,1196.4593828892741,1645.4780036641312,1682.4469073004577,1568.7831610721712,1472.8417762122997,1474.1308213758518,1516.1647550436435,1431.5587449006962,1362.2350076905145,1318.5055488599808,1297.1390388448522,1319.2907501084198,1258.892058345719,1244.8494790584732,1204.0149068039816,1239.9895988451888,1169.1836018108413,1187.273101086228,1138.6478773385695,1223.551735151209,1144.5741923984049,1119.4217225471077,1155.1103980947858,1113.1417743298089,1059.9055947308186,1019.4212356267051,1007.7988224595765,1233.930355629299,1149.154222871641,1053.2353666979864,1164.9249604531312,1205.946143855967,1158.7325687396233,1095.9638246940938,1050.1018497024038,1089.0172702838981,1069.2578475332903,980.1050334524355,910.8351309610617,994.1598179457687,1002.7459294651246,889.6509487372693,888.8031654916209,979.3498613742428,955.4420962690403,915.3831694701304,877.0015167185627,859.9764698540158,850.6907663621902,868.7150365893648,901.7209966946899,815.4721046481823,797.6963348421302,755.7763405802554,767.6651964652851,729.6886682996641,824.5125929208162,790.5619714713295,811.0596257987667,731.5831677955216,703.7045748233832,806.3702048055743,732.9796468723268,697.218165929606,698.4631134336219,691.6628648232363,656.4900385552519,617.8882388106845,596.3292093604073,300.4902684500158,548.2107923469235,169.70185888768196,51.24758800143356,0.0,410.6184584739026,288.29447362826204,89.09052574363115,440.9032733965127,508.0611044361535,356.38587726583955
47918,2822.839065862362,2829.47911198947,2721.324038797952,2735.038184006616,2696.5910781992307,2607.1971125152245,2644.7572392451652,2600.266208758257,2562.8243840967443,2525.397385883356,2820.296119585888,2822.945807809689,2849.6984599329717,2876.845154484509,2777.739028241094,2703.3624832758046,2661.7446446240324,2583.882898836679,2526.498937416047,2619.317444195379,2473.853349005581,2442.527201510925,2457.9619886459227,2395.5087247868473,2332.1068403345826,2418.6289024193507,2268.840609995178,2334.1327550192077,2381.9341651425307,2323.687799710147,2250.9551993163823,2212.2333220382475,2190.9492402178807,2209.508395833355,2174.9204991005176,2147.8052693813365,2090.6691236610204,2086.530312168676,2122.44516997226,2053.7054550084995,2007.7546483817355,2009.5926623140988,2022.21646427689,1955.7233091775258,1960.5085824062915,1927.834908637902,1957.188352754119,1867.4024977197223,1841.6252991086308,1805.6763896777672,1830.0830302578931,3015.8572524314163,2041.5192877700624,1976.7752847963698,1964.1981142842774,1920.2892014370677,1932.9059665849693,1915.223094092253,1915.8532111274953,1869.668494293548,1864.5176370506013,1807.371876413655,1868.7615562427814,1872.0786166141697,1860.2231319758812,1858.2676560824395,1866.100108178462,1810.9572591381445,1743.2768509209557,1772.2455982769789,1819.103542642091,1722.4713901010637,1692.9708130756674,1815.1891319099457,1725.8223655093295,1679.4921735304815,1636.4098994282701,1660.1590065243886,1589.7192996208869,2022.5339829649474,2064.6628922768737,1952.1021531589768,1851.3777979063454,1854.1960898578122,1889.21881809905,1808.822252484726,1740.7368890241514,1699.0192337543451,1681.782698080469,1703.9291477823863,1635.5311448454165,1628.1120931276994,1588.4679001633579,1611.7831673633725,1545.7495141186014,1569.3909971415426,1521.4704985034728,1609.9851188683215,1530.2321239673158,1514.7863353233022,1523.5136335809682,1484.3971653506642,1426.1449376034602,1376.5436860463428,1367.7289529860877,1584.4858176405617,1503.4146606492636,1399.8141694274993,1520.401552467152,1572.7591531638016,1516.453059836977,1478.5437187547102,1430.6082518366495,1464.8092344125532,1442.5353496362884,1347.0355653295169,1281.6647744928948,1372.329811409636,1389.4466565035561,1265.5260439550443,1270.195141278259,1320.758402667777,1300.3123163135538,1253.5652286272577,1214.2409828662223,1191.8063685932677,1196.0934970254095,1226.6395289478344,1203.4481790425618,1131.7324604869166,1120.3643520245332,1086.754705561847,1107.2637250583932,1034.5681759798836,1158.5746354132839,1138.0607394272063,1164.3658395309994,1087.6985482257915,1045.2596557618087,1172.6937464474845,1103.771190902515,1065.5502296014895,1073.8433734029798,1039.3282894886265,1017.8680711470165,978.4096424625111,977.1732431368448,695.6473223505648,928.950312971512,569.8796831507841,456.71287964725116,410.6184584739026,0.0,123.51246551575777,346.17373882188986,41.565151890398404,117.67973436959961,730.3120659398696
47927,2723.7812073767427,2728.050082464784,2617.923976300104,2633.9006170920907,2594.740281715341,2504.074656910181,2541.19683312118,2497.9145360011544,2460.3458837279736,2423.6497315022293,2717.5992618944947,2719.22363575675,2744.0789650915963,2768.3439533189417,2670.0507708934397,2597.0968526224356,2554.1187776219913,2479.5196380609896,2422.4377985604187,2512.17624875858,2369.1391525390354,2339.016683697946,2351.3900363171747,2288.6824012512293,2226.3220167431764,2310.017289034564,2160.756230728653,2224.339068884831,2270.913100376782,2211.83418809148,2138.368919594122,2099.8499057264357,2081.5238384548206,2099.0122267833217,2063.305074939894,2034.9671407542833,1978.05602193791,1972.7369474774798,2007.404820429354,1938.0706616089299,1891.8873443673522,1895.961805130536,1907.6743036440328,1842.008585503495,1845.7871974070429,1813.1961095266358,1841.027847541286,1749.8444347503555,1722.7384557849327,1684.945107417448,1709.0064357925344,2898.8660123398413,1924.23782861545,1860.0409222912945,1846.3930681071927,1802.641522244832,1816.3720238385567,1803.4865623472576,1802.7850907241218,1757.3318922063706,1751.476857322787,1693.5813002705806,1754.1626911221858,1756.8181403133767,1744.706147889395,1741.9648802892423,1749.4477707986896,1695.050986659441,1627.7582546354415,1655.794649801403,1701.8559927759325,1609.2957540960658,1578.2495687002547,1703.93720078143,1613.6162560207315,1566.4594247657121,1523.7700481890606,1546.7138817056752,1475.1739873797196,1913.9377456865916,1954.3452278304774,1841.3166730844137,1742.1172991881872,1744.4263805208975,1781.8166299208506,1699.9379314869846,1631.3627675027442,1588.9290170073134,1570.2924903287496,1592.4642632673058,1526.6278108029262,1517.0231552551284,1476.9341763605903,1504.4015669684834,1436.7312022582112,1458.605366397497,1410.3868182460092,1497.812529645493,1418.2242038060408,1399.430280858139,1417.0393545463987,1376.9501287752578,1320.1229337520745,1273.1484282933227,1263.463785333796,1483.6624551429318,1401.2505608292688,1299.6404371271485,1417.911523617696,1466.8817250106306,1413.2669531500528,1367.475956352457,1320.1313120644509,1355.8951773312697,1334.3689164911673,1240.5964693185022,1173.8611672367706,1262.483734270012,1276.897730561977,1156.1445225066736,1159.1216102754242,1221.8031700565411,1200.2612194350568,1155.2389103492592,1115.9836100197651,1094.9607174152015,1095.4112696436118,1122.4794527169909,1115.1706295537301,1038.852125676671,1025.6180734715358,989.4603436810219,1007.7174053499932,943.9669965824509,1060.899829499878,1036.479246432241,1061.268014997274,983.414936642267,944.7542511638319,1065.8708511995903,995.3790899016333,957.7012588965131,964.0029501977583,937.1034684745553,911.7268281208876,872.2642799788548,865.3721831291449,578.5674930944548,816.9652601644968,450.7713052470033,335.57361800886196,288.29447362826204,123.51246551575777,0.0,229.99735294602488,158.16510144929907,231.9690520133799,609.0067459420886
47929,2500.0435810525782,2502.5912399734902,2391.2279508213132,2408.6823783459454,2369.0492328402356,2277.591343126784,2314.4292663354295,2271.9301936906727,2234.2941546966454,2198.1061079772066,2491.3078910772406,2492.301931298024,2516.1081747106896,2539.1391119230434,2441.158646168185,2368.8398458558986,2325.269346466496,2252.2976032028396,2195.411704169264,2283.5371027385095,2141.75362961469,2112.3570260674705,2123.0434872809624,2060.2324847122627,1998.402035537277,2080.833115751239,1931.796057931061,1994.7941987397965,2041.0862315360298,1981.8926619895772,1908.3774255399833,1869.8682735725747,1852.105111380586,1869.3040431283823,1833.3976085435786,1804.9704408592427,1748.0653622351467,1742.7785734791555,1777.6705583449248,1708.51854342774,1662.4209178053259,1665.9877808411272,1677.8211252490914,1612.0398706917824,1615.967811741839,1583.3576538746688,1611.683365565869,1521.3319990340876,1495.4937045521106,1460.6740658741953,1529.648967780268,2736.589048020219,1695.5325093794693,1630.989776442938,1618.079490712952,1574.200272974419,1587.2087696540634,1573.5772867529538,1572.7878439661044,1527.3618115221548,1521.4795050221828,1463.6148925738564,1524.3131503852721,1527.1319854299,1515.100848933265,1512.6803846086416,1520.3441167910473,1465.58725815728,1398.1450416589503,1426.5775308220766,1473.1167656323682,1379.2987003105338,1348.4145952352048,1474.1129940552294,1383.6636341693452,1336.4625564663809,1293.7874130307623,1316.7223222200093,1245.2974266581264,1684.8353894330141,1724.695002626871,1611.571028146822,1512.8173468796517,1514.9609247914627,1553.2566998050543,1470.7839856310748,1402.052396251438,1359.4009745666422,1340.440182797761,1362.6138987348877,1297.5238814036827,1287.2552197992704,1247.0853122756685,1275.9824197129933,1207.6181189774168,1228.9176484890813,1180.638400037306,1267.870359570117,1188.3085371583925,1169.744453516088,1189.1597877718177,1148.5797729348944,1092.5969628343737,1047.4754305046595,1037.1698969296906,1259.6550311364804,1176.3058541376124,1076.551783147274,1192.6895572187668,1239.3045041951998,1187.5314087759457,1137.739703513729,1090.5611449473338,1126.861184782075,1105.6759107251369,1012.9066392566995,945.4755816529322,1033.1378460631202,1046.9337807391826,927.0335725563332,929.4384795794253,1000.0442942052352,977.5489383386374,934.3214494571575,895.2931104053146,875.8266549938526,872.4580036529051,896.5211774024108,905.9731470150356,824.555222022409,809.2183989679177,770.4299283939191,786.2217047947504,733.3907134640872,841.0618692605395,812.9135503668638,836.3035826543407,757.7117924054937,722.6166159411422,838.1799719855629,766.8847975699055,729.5660777099204,734.8515936714116,713.3482422610233,684.8102440666896,645.4579276875545,635.6238723303605,349.55129680591955,587.1969381804158,224.4844790752001,119.10453592727346,89.09052574363115,346.17373882188986,229.99735294602488,0.0,371.8287372415024,434.03044386517297,445.34089761890425
47917,2834.2172578712784,2842.138828912136,2735.119134823631,2747.5663779894085,2709.524427367055,2620.8709457700597,2658.6673827787713,2613.5095723553122,2576.151349134706,2538.331699880274,2833.664321240806,2836.8950292788613,2864.7456645042566,2893.64712280244,2794.0579516340986,2718.835351939907,2678.0567513789106,2598.2731479110985,2540.734504877555,2635.3445279770553,2488.4840845699255,2456.4784631597895,2473.695577456713,2411.4174060128234,2347.4166525322557,2435.629770637251,2285.5656060988294,2351.9158020199206,2400.508596240527,2342.8443947817595,2270.6429962431257,2231.792696956012,2208.547976216469,2227.7938579316406,2193.9659106278864,2167.7056327233145,2110.4327614999374,2107.1370013302057,2143.970310934187,2075.715053059003,2029.9639013769572,2030.1106815079686,2043.3996583609298,1976.3237673856356,1981.8500136225682,1949.1273795858192,1979.6500709450142,1891.0638165378446,1866.5045854299242,1832.502801868087,1867.0475086665917,3054.9043100367044,2064.8827932368226,1999.6987297450041,1988.042514321696,1944.0098506814631,1955.6797711409788,1934.4583243397199,1936.0084711727377,1889.3348951249236,1884.6769989362997,1828.0934512119593,1890.0490049273044,1893.866095991015,1882.2139081794178,1880.8819304543988,1888.996395908019,1833.2742332542637,1765.3209301775262,1795.0158320232333,1842.5162846230578,1742.7974115240754,1714.433456774606,1834.1490096311802,1745.4739649541782,1699.7417510196526,1656.411800556675,1680.7105881039215,1611.108882142185,2039.6812388126054,2082.889100293542,1970.685209251624,1869.028359832179,1872.1687325375142,1905.6999391667891,1826.26032060068,1758.5229698571038,1717.286937509062,1700.9769305486518,1723.0931884690049,1653.091067139113,1647.0743700059459,1607.7510534250098,1628.4307075731401,1563.4472168437567,1588.1949265005012,1540.5041874947892,1629.6836548169215,1549.8734655057858,1536.830150225805,1539.6935117692988,1501.1877594956388,1442.1508832369448,1391.1174267697952,1382.7960106958337,1597.4537871767109,1517.1809943541366,1412.6277134268491,1534.3292077054193,1588.5488370066162,1530.7671133066501,1497.6001107729908,1449.3215909732332,1482.5088746269714,1459.7970345584413,1363.3663986311099,1298.8741723808096,1390.6951280621902,1409.564177202846,1283.7129984799421,1289.447167568358,1333.0370473940611,1313.1866327151317,1265.617093354142,1226.318669801658,1203.2114686510417,1209.4501653648363,1241.824628056372,1210.7616515089271,1141.3218169964612,1130.870176772183,1098.5777432364227,1120.184241737664,1043.3063603062324,1170.4519056869233,1151.9862514181564,1179.0606683088715,1103.1698944890175,1058.7964165750943,1189.4660429396042,1121.5705562108528,1083.088593671637,1092.569004726965,1053.7781619020084,1034.5056511174532,995.1284189484953,997.2955963594761,720.0576478251899,949.2795981503632,596.2959998417027,485.4340712967868,440.9032733965127,41.565151890398404,158.16510144929907,371.8287372415024,0.0,76.55481598195838,767.0553303590301
47912,2869.28967462036,2879.3637059809244,2774.2901380118115,2784.6164726619654,2747.2717468753594,2659.8982508611116,2698.067586635425,2651.824354095254,2614.625704361282,2576.172721607574,2872.077771851007,2876.274488356542,2905.931331142131,2937.6997958002967,2837.3632183528,2760.787508374791,2721.403049158728,2638.500136452842,2580.736548976826,2678.2452832887675,2529.16809216352,2496.0578659102675,2516.1998653609353,2454.243097238844,2389.30057934622,2480.2192014136112,2329.794946958168,2397.815325617911,2447.652191977535,2390.948413825419,2319.630412887586,2280.5988003135844,2254.2370871124067,2274.573102686528,2241.9786016122075,2217.089091508221,2159.635990279181,2157.668657216736,2195.9143697909744,2128.4505601434557,2083.035487917141,2080.5528193783794,2094.872224628964,2026.931597726787,2033.609000043586,2000.8326297579874,2033.1418786470238,1946.443924365961,1923.7339484061674,1892.6286313175178,1940.544144235073,3130.419850912868,2119.705137835293,2053.886417425694,2043.6404306676175,1999.4464854575137,2009.665773505886,1982.950319042997,1985.9480342200306,1938.5421574526429,1934.6619470375592,1879.001276217329,1941.78864628326,1946.3768968720397,1935.046639638126,1934.6734391246225,1943.2136979769125,1886.6441361299578,1818.3244329745883,1849.1078114459879,1897.5518624683086,1793.161294314055,1766.5850031095683,1882.2874550943793,1794.7806934243729,1750.026019466451,1706.3519333052814,1731.4827803704445,1663.2440869254788,2084.761064117889,2129.668404019629,2018.1153405370958,1915.0545948601653,1918.7066101103562,1949.814878616186,1871.9850476104039,1804.8677013632225,1764.43809339385,1749.6076059031334,1771.654834677824,1699.18525053183,1695.3950755118965,1656.6179877574061,1673.095503538976,1609.8648343635264,1636.331064884231,1589.0568332287244,1679.177392911863,1599.3654737782053,1590.043067558405,1583.719428001684,1546.2428365740311,1486.0365439296118,1432.7794294322441,1425.2684594000586,1636.180212127928,1557.3306778878832,1451.3857546871723,1574.7172626411464,1631.8836303074265,1571.7899840007303,1546.2409907938415,1497.4883105754395,1529.0338591304553,1505.6593928833124,1407.8966577854753,1344.90904916808,1438.3996007351773,1459.9707406588043,1331.3107918138476,1338.6938564270126,1371.0646969272593,1352.2295046214738,1303.4125538276712,1264.2451857824099,1240.0887666538536,1249.500834851823,1284.7508483782372,1240.7854582011869,1175.3583406957116,1166.4554886164065,1136.4187559779318,1159.750476373016,1076.231249984112,1208.186318047225,1193.0938827946597,1221.3392758016237,1146.872422252072,1099.5309988412512,1235.0241256533868,1168.888014231083,1130.0912872319846,1141.3884854800062,1095.9901631687733,1080.2299074435932,1041.093305066673,1048.481223800243,778.3558678203543,1000.906991372344,657.8392714973787,550.4776852942192,508.0611044361535,117.67973436959961,231.9690520133799,434.03044386517297,76.55481598195838,0.0,840.6402186608324
47945,2369.1373936039777,2355.923567273239,2233.3981766270413,2266.060253390729,2222.4920376387668,2124.387290988204,2157.2309816546417,2124.2765054188085,2086.721271054182,2056.596821785539,2336.223869706206,2330.0557843150173,2339.827936958161,2340.8480089683558,2250.8821758025815,2190.7497843596593,2137.7917749790395,2090.8423297837116,2037.5859297959573,2100.682805891793,1980.5871874582665,1960.7809763349615,1948.4229380843594,1885.3464561321525,1833.3239711170636,1891.2799995095902,1750.6915037169183,1797.791849862276,1832.4424622693734,1767.4261639511526,1689.1863880240603,1653.5990692619498,1662.4139337528236,1669.9043262776386,1625.1862416353906,1586.3487106053128,1533.328783805296,1516.8459263398847,1538.1794660839366,1464.7512719553224,1417.5169895413983,1444.1527876050372,1446.418802997681,1391.2838266179924,1384.782199787125,1354.1955733581813,1365.134934896158,1261.4020660878714,1219.2686761001262,1157.9578159296675,1100.001070405785,2295.7979131341413,1433.7633924217778,1377.3596975689957,1352.1676303443492,1311.4946677470614,1337.2359565262714,1373.543003491378,1359.9627079839022,1323.5890633214722,1311.055407766774,1248.1547145599186,1297.823902847795,1293.450941511614,1279.0766914720098,1267.9243098120314,1271.2737750356503,1227.1682213999504,1167.0349665161193,1183.4737828618192,1218.6630856576617,1174.3369112541957,1128.6503524288598,1283.1989408374359,1188.2512667850556,1135.352222393755,1099.2987873427735,1112.461805195727,1033.4439101079681,1508.1852661339271,1531.6607045825513,1418.7430658919825,1338.1550105444799,1335.6595854728973,1392.555811773628,1301.6212001962515,1232.3803986019839,1185.7248996623239,1154.5762164398366,1175.6734123882113,1138.8592752048087,1108.710760738134,1066.9336258049275,1132.499650153542,1054.7408728190762,1057.4938493795003,1010.0536956721293,1079.84354027668,1007.732301080148,953.5890938489509,1060.792745939296,1015.3306421256689,977.7304334005097,960.2885017879928,943.9388253337404,1170.8864669872373,1084.9013691284806,1011.5800285706275,1097.1135337367944,1111.7389682303917,1086.8791173998338,970.9654771440134,934.1539276255442,982.1306678687135,970.046613660087,903.6403418947211,832.5589072293418,889.1187705444834,873.2484981804901,801.2587980012132,785.7329949535018,954.3913606059842,926.6952855792427,903.369492116787,871.4329605349151,866.0346743763712,833.7185971232809,824.4526531937645,948.919548123114,852.9855489087614,827.8531999756163,779.0222832864894,773.8387220561311,797.9872589327059,831.6988766207106,778.327039464432,784.2500225299625,711.8261967641779,717.6575538466569,752.0927076596304,679.643605690153,656.3907899138793,639.6114158885837,696.4145697342008,640.0317370375411,612.0880018407962,544.456807191644,331.3161484705128,509.7323577994956,307.574132636682,336.3108929320344,356.38587726583955,730.3120659398696,609.0067459420886,445.34089761890425,767.0553303590301,840.6402186608324,0.0
